,time,sta,pha,prob,amp
0,2018-11-08T00:01:07.444000Z,22,s,0.578,0.005527
1,2018-11-08T00:01:56.599500Z,20,p,0.607,0.001929
2,2018-11-08T00:01:56.802500Z,20,s,0.463,0.001929
3,2018-11-08T00:02:26.481000Z,19,p,0.483,0.02342
4,2018-11-08T00:02:26.482500Z,19,s,0.352,0.02342
5,2018-11-08T00:02:41.625500Z,11,s,0.41,0.001917
6,2018-11-08T00:02:41.877500Z,11,s,0.499,0.004123
7,2018-11-08T00:02:43.454000Z,19,s,0.639,0.008166
8,2018-11-08T00:03:04.088000Z,5,s,0.702,0.004118
9,2018-11-08T00:03:33.201500Z,11,p,0.303,0.004953
10,2018-11-08T00:03:33.250500Z,11,s,0.859,0.004953
11,2018-11-08T00:04:30.659500Z,24,s,0.64,0.006086
12,2018-11-08T00:04:30.831500Z,11,s,0.509,0.001835
13,2018-11-08T00:04:41.052000Z,23,s,0.315,0.002263
14,2018-11-08T00:04:45.957500Z,20,p,0.321,0.001503
15,2018-11-08T00:04:46.083000Z,20,s,0.44,0.003578
16,2018-11-08T00:04:46.083500Z,20,p,0.328,0.003578
17,2018-11-08T00:04:49.119500Z,23,s,0.446,0.002198
18,2018-11-08T00:05:08.389500Z,20,s,0.426,0.001959
19,2018-11-08T00:05:17.315500Z,16,s,0.415,0.001668
20,2018-11-08T00:05:36.442000Z,24,s,0.361,0.004651
21,2018-11-08T00:08:00.692000Z,5,p,0.311,0.002742
22,2018-11-08T00:08:00.802000Z,5,s,0.769,0.002742
23,2018-11-08T00:08:30.769500Z,23,s,0.348,0.003652
24,2018-11-08T00:08:35.741500Z,20,s,0.477,0.00187
25,2018-11-08T00:08:49.320000Z,13,p,0.903,0.002175
26,2018-11-08T00:08:49.648000Z,13,s,0.684,0.002175
27,2018-11-08T00:09:01.772500Z,13,p,0.319,0.00368
28,2018-11-08T00:09:01.940500Z,17,s,0.569,0.002047
29,2018-11-08T00:09:01.956000Z,13,s,0.777,0.00368
30,2018-11-08T00:10:23.807500Z,11,p,0.702,0.00373
31,2018-11-08T00:10:23.926500Z,11,s,0.502,0.00373
32,2018-11-08T00:11:01.514500Z,20,s,0.354,0.003485
33,2018-11-08T00:12:06.285500Z,21,s,0.432,0.002948
34,2018-11-08T00:12:26.680000Z,20,s,0.575,0.001746
35,2018-11-08T00:12:28.992500Z,2,s,0.609,0.001737
36,2018-11-08T00:13:00.552500Z,2,s,0.633,0.002795
37,2018-11-08T00:13:45.925500Z,5,s,0.712,0.002812
38,2018-11-08T00:14:15.836500Z,13,p,0.358,0.009257
39,2018-11-08T00:14:16.068000Z,10,s,0.59,0.003159
40,2018-11-08T00:14:22.597500Z,5,s,0.376,0.002054
41,2018-11-08T00:14:42.704500Z,1,s,0.691,0.00266
42,2018-11-08T00:14:59.360500Z,17,p,0.472,0.001855
43,2018-11-08T00:15:03.094500Z,17,s,0.577,0.00683
44,2018-11-08T00:15:16.496500Z,4,s,0.593,0.00621
45,2018-11-08T00:15:31.836500Z,5,p,0.327,0.003827
46,2018-11-08T00:15:31.957500Z,5,s,0.867,0.003827
47,2018-11-08T00:16:05.552500Z,2,s,0.682,0.002553
48,2018-11-08T00:16:29.074500Z,8,p,0.375,0.002815
49,2018-11-08T00:16:29.184500Z,8,s,0.739,0.002815
50,2018-11-08T00:17:36.456500Z,11,s,0.42,0.004083
51,2018-11-08T00:17:41.980500Z,11,s,0.803,0.003314
52,2018-11-08T00:18:04.770500Z,11,s,0.525,0.002847
53,2018-11-08T00:18:22.609000Z,11,s,0.845,0.003254
54,2018-11-08T00:18:40.818500Z,11,s,0.787,0.002907
55,2018-11-08T00:18:50.588000Z,15,s,0.512,0.005523
56,2018-11-08T00:18:57.041500Z,23,s,0.615,0.002941
57,2018-11-08T00:19:02.660000Z,11,s,0.674,0.002801
58,2018-11-08T00:19:06.787000Z,20,s,0.584,0.00325
59,2018-11-08T00:19:22.877500Z,11,s,0.737,0.002239
60,2018-11-08T00:19:27.117000Z,5,s,0.477,0.00309
61,2018-11-08T00:20:08.719500Z,11,p,0.512,0.00284
62,2018-11-08T00:20:08.806500Z,11,s,0.819,0.00284
63,2018-11-08T00:20:34.869500Z,11,p,0.408,0.00309
64,2018-11-08T00:20:34.992500Z,11,s,0.891,0.00309
65,2018-11-08T00:20:52.504500Z,20,s,0.365,0.001762
66,2018-11-08T00:20:55.108500Z,11,s,0.767,0.003568
67,2018-11-08T00:21:15.404500Z,24,s,0.506,0.00561
68,2018-11-08T00:21:30.007500Z,11,p,0.715,0.003674
69,2018-11-08T00:21:30.128500Z,11,s,0.899,0.003674
70,2018-11-08T00:21:43.038500Z,19,s,0.421,0.00381
71,2018-11-08T00:22:38.382000Z,23,p,0.42,0.002217
72,2018-11-08T00:22:38.499500Z,23,s,0.487,0.002217
73,2018-11-08T00:23:34.117500Z,23,s,0.471,0.002607
74,2018-11-08T00:25:16.167000Z,20,s,0.842,0.003011
75,2018-11-08T00:25:21.486000Z,11,p,0.915,0.001701
76,2018-11-08T00:25:21.637500Z,11,s,0.527,0.001701
77,2018-11-08T00:25:23.457000Z,5,s,0.768,0.002452
78,2018-11-08T00:25:23.474000Z,11,s,0.745,0.003824
79,2018-11-08T00:25:46.824500Z,11,p,0.408,0.002439
80,2018-11-08T00:25:47.016500Z,11,s,0.38,0.002439
81,2018-11-08T00:25:50.835500Z,11,s,0.67,0.002123
82,2018-11-08T00:25:58.634000Z,24,p,0.981,0.02637
83,2018-11-08T00:25:58.639500Z,23,p,0.977,0.01934
84,2018-11-08T00:25:58.644000Z,22,p,0.976,0.01105
85,2018-11-08T00:25:58.649500Z,21,p,0.98,0.01104
86,2018-11-08T00:25:58.654500Z,20,p,0.973,0.009122
87,2018-11-08T00:25:58.660000Z,19,p,0.981,0.007253
88,2018-11-08T00:25:58.665000Z,18,p,0.962,0.005267
89,2018-11-08T00:25:58.669500Z,1,p,0.395,0.002047
90,2018-11-08T00:25:58.671000Z,17,p,0.972,0.00522
91,2018-11-08T00:25:58.675500Z,16,p,0.96,0.005239
92,2018-11-08T00:25:58.681000Z,15,p,0.954,0.004558
93,2018-11-08T00:25:58.687000Z,14,p,0.96,0.00519
94,2018-11-08T00:25:58.692500Z,13,p,0.948,0.004029
95,2018-11-08T00:25:58.698000Z,11,p,0.766,0.001663
96,2018-11-08T00:25:58.698000Z,12,p,0.933,0.003034
97,2018-11-08T00:25:58.699500Z,24,s,0.963,0.02637
98,2018-11-08T00:25:58.706500Z,23,s,0.958,0.01934
99,2018-11-08T00:25:58.707500Z,10,p,0.711,0.001933
100,2018-11-08T00:25:58.714500Z,22,s,0.938,0.01063
101,2018-11-08T00:25:58.718500Z,9,p,0.619,0.00207
102,2018-11-08T00:25:58.719500Z,8,p,0.841,0.002213
103,2018-11-08T00:25:58.723500Z,21,s,0.946,0.01052
104,2018-11-08T00:25:58.726500Z,7,p,0.716,0.002391
105,2018-11-08T00:25:58.732000Z,6,p,0.563,0.002929
106,2018-11-08T00:25:58.732500Z,20,s,0.921,0.009122
107,2018-11-08T00:25:58.739500Z,5,p,0.773,0.002264
108,2018-11-08T00:25:58.741000Z,19,s,0.956,0.007253
109,2018-11-08T00:25:58.743500Z,4,p,0.945,0.002793
110,2018-11-08T00:25:58.747500Z,3,p,0.863,0.002226
111,2018-11-08T00:25:58.751000Z,18,s,0.774,0.005267
112,2018-11-08T00:25:58.753000Z,2,p,0.966,0.002456
113,2018-11-08T00:25:58.757000Z,17,s,0.663,0.00522
114,2018-11-08T00:25:58.771000Z,16,s,0.873,0.005239
115,2018-11-08T00:25:58.787000Z,15,s,0.736,0.004558
116,2018-11-08T00:25:58.792000Z,14,s,0.877,0.00519
117,2018-11-08T00:25:58.796000Z,13,s,0.774,0.003188
118,2018-11-08T00:25:58.807000Z,12,s,0.793,0.003034
119,2018-11-08T00:25:58.816500Z,11,s,0.666,0.001657
120,2018-11-08T00:25:58.828500Z,10,s,0.57,0.001933
121,2018-11-08T00:25:58.834000Z,9,s,0.847,0.001919
122,2018-11-08T00:25:58.843000Z,8,s,0.72,0.002213
123,2018-11-08T00:25:58.851000Z,7,s,0.81,0.002391
124,2018-11-08T00:25:58.857000Z,6,s,0.764,0.002187
125,2018-11-08T00:25:58.870500Z,5,s,0.85,0.002026
126,2018-11-08T00:25:58.878500Z,4,s,0.81,0.002793
127,2018-11-08T00:25:58.890000Z,3,s,0.884,0.002226
128,2018-11-08T00:25:58.897000Z,2,s,0.88,0.002456
129,2018-11-08T00:25:58.904000Z,1,s,0.549,0.002047
130,2018-11-08T00:25:59.233500Z,11,p,0.522,0.001898
131,2018-11-08T00:25:59.365500Z,11,s,0.599,0.001898
132,2018-11-08T00:26:26.762500Z,11,s,0.551,0.002033
133,2018-11-08T00:26:30.393500Z,11,s,0.323,0.001968
134,2018-11-08T00:26:36.446500Z,12,p,0.365,0.007693
135,2018-11-08T00:26:36.462000Z,11,p,0.591,0.003033
136,2018-11-08T00:26:36.467500Z,16,s,0.477,0.004828
137,2018-11-08T00:26:36.480000Z,8,p,0.771,0.002103
138,2018-11-08T00:26:36.480500Z,14,s,0.593,0.003055
139,2018-11-08T00:26:36.488500Z,17,s,0.324,0.006555
140,2018-11-08T00:26:36.501000Z,13,s,0.926,0.01108
141,2018-11-08T00:26:36.522000Z,12,s,0.872,0.007693
142,2018-11-08T00:26:36.542000Z,11,s,0.872,0.003033
143,2018-11-08T00:26:36.589500Z,22,s,0.511,0.001978
144,2018-11-08T00:26:36.605000Z,8,s,0.88,0.002103
145,2018-11-08T00:26:36.609500Z,23,s,0.401,0.00217
146,2018-11-08T00:26:36.629500Z,24,s,0.556,0.004088
147,2018-11-08T00:26:54.118500Z,11,p,0.346,0.002497
148,2018-11-08T00:26:54.218000Z,11,s,0.701,0.002497
149,2018-11-08T00:27:50.341500Z,23,s,0.332,0.00253
150,2018-11-08T00:27:50.565500Z,21,s,0.543,0.002097
151,2018-11-08T00:27:56.597500Z,24,s,0.511,0.006362
152,2018-11-08T00:28:18.661000Z,11,s,0.752,0.00188
153,2018-11-08T00:28:25.105500Z,11,s,0.514,0.002537
154,2018-11-08T00:28:36.373500Z,11,s,0.69,0.001654
155,2018-11-08T00:28:37.485500Z,11,s,0.345,0.002123
156,2018-11-08T00:28:38.907000Z,20,s,0.883,0.002389
157,2018-11-08T00:28:44.809500Z,11,s,0.776,0.002381
158,2018-11-08T00:29:18.858500Z,16,s,0.478,0.002032
159,2018-11-08T00:29:46.099500Z,11,s,0.406,0.001734
160,2018-11-08T00:30:24.184000Z,1,p,0.332,0.002666
161,2018-11-08T00:30:24.300000Z,1,s,0.632,0.002666
162,2018-11-08T00:30:56.549500Z,11,s,0.477,0.002394
163,2018-11-08T00:31:06.769500Z,8,s,0.594,0.004029
164,2018-11-08T00:31:11.312000Z,11,p,0.837,0.002556
165,2018-11-08T00:32:03.134000Z,11,s,0.68,0.002153
166,2018-11-08T00:32:06.788000Z,23,s,0.615,0.002742
167,2018-11-08T00:32:16.786000Z,5,p,0.419,0.002678
168,2018-11-08T00:32:16.904500Z,5,s,0.663,0.002678
169,2018-11-08T00:32:24.117500Z,11,s,0.327,0.001703
170,2018-11-08T00:32:39.285500Z,11,s,0.515,0.001773
171,2018-11-08T00:32:46.974500Z,11,p,0.346,0.004742
172,2018-11-08T00:32:47.042000Z,11,s,0.809,0.004742
173,2018-11-08T00:33:07.098500Z,23,s,0.632,0.003152
174,2018-11-08T00:33:14.162000Z,23,p,0.327,0.003816
175,2018-11-08T00:33:14.205500Z,24,s,0.405,0.002643
176,2018-11-08T00:33:14.213500Z,23,s,0.852,0.003816
177,2018-11-08T00:33:14.240500Z,20,s,0.321,0.001945
178,2018-11-08T00:33:19.770500Z,20,s,0.653,0.003055
179,2018-11-08T00:34:52.744500Z,24,s,0.565,0.004935
180,2018-11-08T00:34:54.827500Z,20,p,0.424,0.002047
181,2018-11-08T00:34:55.004500Z,20,s,0.542,0.002047
182,2018-11-08T00:34:59.200000Z,17,p,0.32,0.003199
183,2018-11-08T00:34:59.372500Z,17,s,0.849,0.003199
184,2018-11-08T00:35:01.377500Z,23,s,0.589,0.002133
185,2018-11-08T00:35:15.447500Z,12,s,0.539,0.006805
186,2018-11-08T00:35:53.582500Z,23,s,0.766,0.003595
187,2018-11-08T00:35:56.089500Z,17,s,0.531,0.002156
188,2018-11-08T00:35:57.129500Z,17,s,0.554,0.00481
189,2018-11-08T00:36:47.391500Z,20,p,0.496,0.002007
190,2018-11-08T00:36:47.592000Z,20,s,0.646,0.002007
191,2018-11-08T00:38:34.596000Z,22,s,0.662,0.002619
192,2018-11-08T00:38:35.754000Z,20,s,0.635,0.00183
193,2018-11-08T00:38:42.917000Z,5,s,0.872,0.002893
194,2018-11-08T00:39:21.860000Z,20,p,0.606,0.003386
195,2018-11-08T00:39:22.037000Z,20,s,0.841,0.003386
196,2018-11-08T00:39:33.393500Z,19,s,0.491,0.002313
197,2018-11-08T00:40:18.123500Z,11,p,0.571,0.003933
198,2018-11-08T00:40:18.216500Z,11,s,0.743,0.003933
199,2018-11-08T00:40:31.186500Z,20,s,0.722,0.002757
200,2018-11-08T00:40:31.245500Z,23,s,0.453,0.002103
201,2018-11-08T00:41:10.669500Z,12,s,0.665,0.003669
202,2018-11-08T00:41:32.367500Z,13,s,0.45,0.001754
203,2018-11-08T00:41:32.405500Z,20,s,0.384,0.001936
204,2018-11-08T00:41:56.191500Z,1,s,0.321,0.002117
205,2018-11-08T00:42:59.818500Z,20,s,0.679,0.002166
206,2018-11-08T00:43:15.853000Z,22,s,0.881,0.003423
207,2018-11-08T00:45:23.445500Z,23,s,0.32,0.003175
208,2018-11-08T00:45:42.760500Z,1,s,0.569,0.002609
209,2018-11-08T00:45:56.020500Z,19,p,0.34,0.005085
210,2018-11-08T00:45:56.098000Z,19,s,0.8,0.005085
211,2018-11-08T00:45:57.029500Z,19,s,0.495,0.006289
212,2018-11-08T00:46:07.260500Z,5,s,0.629,0.003002
213,2018-11-08T00:46:07.561500Z,20,s,0.398,0.001863
214,2018-11-08T00:46:10.230000Z,24,p,0.958,8.095
215,2018-11-08T00:46:10.235000Z,23,p,0.97,7.447
216,2018-11-08T00:46:10.240000Z,22,p,0.961,5.387
217,2018-11-08T00:46:10.246000Z,21,p,0.977,3.275
218,2018-11-08T00:46:10.251000Z,20,p,0.953,5.412
219,2018-11-08T00:46:10.256500Z,19,p,0.977,2.71
220,2018-11-08T00:46:10.261500Z,18,p,0.97,2.183
221,2018-11-08T00:46:10.267500Z,17,p,0.97,2.189
222,2018-11-08T00:46:10.273500Z,16,p,0.956,1.696
223,2018-11-08T00:46:10.278000Z,15,p,0.957,1.659
224,2018-11-08T00:46:10.283500Z,14,p,0.963,1.992
225,2018-11-08T00:46:10.290000Z,13,p,0.969,1.448
226,2018-11-08T00:46:10.295000Z,12,p,0.973,0.9754
227,2018-11-08T00:46:10.299000Z,11,p,0.966,0.9417
228,2018-11-08T00:46:10.304500Z,10,p,0.965,0.6745
229,2018-11-08T00:46:10.308500Z,24,s,0.905,8.095
230,2018-11-08T00:46:10.309500Z,9,p,0.968,0.6028
231,2018-11-08T00:46:10.316000Z,8,p,0.966,0.8899
232,2018-11-08T00:46:10.317500Z,23,s,0.959,7.447
233,2018-11-08T00:46:10.321500Z,7,p,0.965,0.7635
234,2018-11-08T00:46:10.326000Z,22,s,0.958,5.387
235,2018-11-08T00:46:10.326000Z,6,p,0.963,0.7278
236,2018-11-08T00:46:10.331500Z,5,p,0.974,0.5259
237,2018-11-08T00:46:10.334500Z,21,s,0.957,3.275
238,2018-11-08T00:46:10.337000Z,4,p,0.969,0.5732
239,2018-11-08T00:46:10.342000Z,3,p,0.968,0.7765
240,2018-11-08T00:46:10.343500Z,20,s,0.917,5.412
241,2018-11-08T00:46:10.347500Z,2,p,0.975,0.6828
242,2018-11-08T00:46:10.352500Z,19,s,0.936,2.71
243,2018-11-08T00:46:10.353000Z,1,p,0.945,0.5603
244,2018-11-08T00:46:10.361000Z,18,s,0.903,2.183
245,2018-11-08T00:46:10.370500Z,17,s,0.824,2.189
246,2018-11-08T00:46:10.380500Z,16,s,0.907,1.696
247,2018-11-08T00:46:10.389000Z,15,s,0.933,1.659
248,2018-11-08T00:46:10.400500Z,14,s,0.927,1.992
249,2018-11-08T00:46:10.408500Z,13,s,0.924,1.448
250,2018-11-08T00:46:10.417000Z,12,s,0.954,0.9754
251,2018-11-08T00:46:10.427000Z,11,s,0.88,0.9417
252,2018-11-08T00:46:10.436000Z,10,s,0.89,0.6745
253,2018-11-08T00:46:10.446500Z,9,s,0.923,0.6028
254,2018-11-08T00:46:10.453000Z,8,s,0.841,0.8899
255,2018-11-08T00:46:10.463000Z,7,s,0.944,0.7635
256,2018-11-08T00:46:10.472000Z,6,s,0.855,0.7278
257,2018-11-08T00:46:10.480500Z,5,s,0.949,0.5259
258,2018-11-08T00:46:10.489000Z,4,s,0.885,0.5732
259,2018-11-08T00:46:10.498000Z,3,s,0.946,0.7765
260,2018-11-08T00:46:10.508500Z,2,s,0.906,0.6828
261,2018-11-08T00:46:10.513000Z,1,s,0.883,0.5603
262,2018-11-08T00:46:13.567500Z,22,p,0.437,0.003229
263,2018-11-08T00:46:13.632000Z,20,p,0.42,0.002679
264,2018-11-08T00:46:13.692000Z,24,s,0.913,0.004315
265,2018-11-08T00:46:13.700000Z,23,s,0.875,0.004323
266,2018-11-08T00:46:13.709500Z,22,s,0.736,0.003229
267,2018-11-08T00:46:13.726500Z,20,s,0.766,0.002679
268,2018-11-08T00:46:22.707500Z,23,s,0.61,0.002944
269,2018-11-08T00:46:22.717500Z,22,s,0.659,0.001883
270,2018-11-08T00:46:22.732000Z,20,s,0.559,0.001958
271,2018-11-08T00:46:23.221500Z,17,p,0.474,0.003418
272,2018-11-08T00:46:23.355500Z,17,s,0.378,0.003418
273,2018-11-08T00:46:54.677500Z,11,p,0.362,0.001948
274,2018-11-08T00:47:07.958500Z,22,p,0.553,0.01079
275,2018-11-08T00:47:07.962500Z,24,p,0.883,0.01478
276,2018-11-08T00:47:07.967000Z,23,p,0.933,0.01305
277,2018-11-08T00:47:07.976000Z,21,p,0.828,0.005216
278,2018-11-08T00:47:07.982500Z,20,p,0.948,0.007062
279,2018-11-08T00:47:07.989000Z,19,p,0.953,0.004347
280,2018-11-08T00:47:07.994500Z,17,p,0.46,0.003299
281,2018-11-08T00:47:08.001500Z,15,p,0.556,0.002446
282,2018-11-08T00:47:08.022000Z,13,p,0.746,0.003041
283,2018-11-08T00:47:08.030000Z,12,p,0.715,0.002139
284,2018-11-08T00:47:08.039500Z,24,s,0.932,0.01478
285,2018-11-08T00:47:08.047000Z,23,s,0.956,0.01305
286,2018-11-08T00:47:08.055500Z,22,s,0.928,0.01079
287,2018-11-08T00:47:08.063500Z,3,p,0.372,0.001603
288,2018-11-08T00:47:08.064500Z,21,s,0.938,0.005216
289,2018-11-08T00:47:08.070500Z,4,p,0.31,0.001625
290,2018-11-08T00:47:08.073000Z,20,s,0.867,0.007062
291,2018-11-08T00:47:08.082000Z,19,s,0.906,0.004347
292,2018-11-08T00:47:08.100000Z,17,s,0.859,0.003299
293,2018-11-08T00:47:08.110000Z,16,s,0.731,0.003209
294,2018-11-08T00:47:08.120500Z,15,s,0.623,0.002446
295,2018-11-08T00:47:08.131500Z,14,s,0.398,0.003407
296,2018-11-08T00:47:08.138500Z,13,s,0.727,0.003041
297,2018-11-08T00:47:08.148000Z,12,s,0.841,0.002139
298,2018-11-08T00:47:08.165500Z,11,s,0.428,0.001812
299,2018-11-08T00:47:08.227500Z,3,s,0.367,0.001603
300,2018-11-08T00:47:08.245500Z,1,s,0.34,0.001647
301,2018-11-08T00:47:10.301500Z,17,s,0.423,0.00269
302,2018-11-08T00:47:26.571500Z,20,s,0.373,0.003605
303,2018-11-08T00:47:26.576000Z,20,p,0.448,0.003605
304,2018-11-08T00:47:27.032500Z,11,s,0.601,0.00322
305,2018-11-08T00:47:52.609500Z,24,s,0.861,0.006615
306,2018-11-08T00:48:02.583500Z,12,p,0.407,0.001902
307,2018-11-08T00:48:07.805500Z,22,s,0.326,0.002669
308,2018-11-08T00:50:12.099500Z,4,s,0.588,0.006738
309,2018-11-08T00:51:01.318500Z,23,s,0.86,0.002413
310,2018-11-08T00:51:25.252500Z,22,p,0.357,0.001762
311,2018-11-08T00:51:48.773500Z,23,s,0.677,0.002835
312,2018-11-08T00:52:10.014500Z,5,p,0.409,0.002727
313,2018-11-08T00:52:10.119000Z,5,s,0.823,0.002727
314,2018-11-08T00:52:18.673000Z,20,s,0.627,0.002068
315,2018-11-08T00:52:49.742000Z,24,p,0.903,0.004255
316,2018-11-08T00:52:49.748500Z,23,p,0.339,0.003028
317,2018-11-08T00:52:49.808000Z,24,s,0.857,0.004255
318,2018-11-08T00:53:39.388500Z,20,s,0.85,0.002842
319,2018-11-08T00:54:03.669500Z,6,s,0.707,0.004333
320,2018-11-08T00:54:04.465500Z,6,s,0.44,0.002937
321,2018-11-08T00:54:46.021500Z,24,s,0.825,0.006237
322,2018-11-08T00:55:09.209500Z,11,s,0.581,0.003914
323,2018-11-08T00:56:26.917500Z,3,s,0.517,0.003801
324,2018-11-08T00:56:29.119000Z,24,p,0.86,0.02187
325,2018-11-08T00:56:29.127500Z,23,p,0.976,0.01815
326,2018-11-08T00:56:29.133000Z,22,p,0.961,0.01442
327,2018-11-08T00:56:29.137500Z,21,p,0.96,0.007986
328,2018-11-08T00:56:29.142500Z,20,p,0.931,0.01103
329,2018-11-08T00:56:29.148500Z,19,p,0.967,0.005472
330,2018-11-08T00:56:29.153500Z,18,p,0.927,0.005001
331,2018-11-08T00:56:29.157500Z,17,p,0.892,0.004938
332,2018-11-08T00:56:29.165500Z,16,p,0.9,0.003524
333,2018-11-08T00:56:29.167500Z,15,p,0.383,0.003725
334,2018-11-08T00:56:29.175500Z,14,p,0.477,0.005303
335,2018-11-08T00:56:29.179500Z,13,p,0.856,0.002729
336,2018-11-08T00:56:29.186000Z,12,p,0.655,0.003044
337,2018-11-08T00:56:29.199500Z,24,s,0.967,0.02187
338,2018-11-08T00:56:29.207500Z,23,s,0.966,0.01815
339,2018-11-08T00:56:29.215500Z,22,s,0.958,0.01442
340,2018-11-08T00:56:29.224000Z,21,s,0.952,0.007986
341,2018-11-08T00:56:29.224500Z,6,p,0.624,0.002023
342,2018-11-08T00:56:29.233000Z,20,s,0.938,0.01103
343,2018-11-08T00:56:29.242000Z,19,s,0.941,0.005472
344,2018-11-08T00:56:29.243500Z,2,p,0.849,0.001573
345,2018-11-08T00:56:29.252500Z,18,s,0.91,0.005001
346,2018-11-08T00:56:29.254500Z,5,p,0.444,0.00174
347,2018-11-08T00:56:29.260500Z,17,s,0.884,0.004938
348,2018-11-08T00:56:29.270000Z,16,s,0.855,0.003524
349,2018-11-08T00:56:29.279500Z,15,s,0.827,0.003725
350,2018-11-08T00:56:29.291500Z,14,s,0.779,0.005303
351,2018-11-08T00:56:29.299500Z,13,s,0.919,0.002729
352,2018-11-08T00:56:29.308500Z,12,s,0.868,0.003044
353,2018-11-08T00:56:29.320000Z,11,s,0.734,0.002518
354,2018-11-08T00:56:29.326500Z,10,s,0.422,0.001761
355,2018-11-08T00:56:29.346000Z,8,s,0.643,0.001902
356,2018-11-08T00:56:29.364000Z,6,s,0.632,0.002023
357,2018-11-08T00:56:29.369500Z,5,s,0.417,0.001685
358,2018-11-08T00:56:29.382500Z,4,s,0.728,0.001756
359,2018-11-08T00:56:29.397500Z,2,s,0.477,0.001573
360,2018-11-08T00:56:29.409500Z,1,s,0.459,0.001478
361,2018-11-08T00:57:49.954500Z,20,p,0.373,0.00203
362,2018-11-08T00:57:50.208500Z,20,s,0.729,0.00203
363,2018-11-08T00:58:06.239500Z,5,s,0.466,0.002668
364,2018-11-08T00:58:51.295500Z,22,s,0.447,0.002465
365,2018-11-08T00:58:54.270500Z,20,s,0.644,0.001666
366,2018-11-08T00:59:59.953000Z,6,p,0.669,0.002947
367,2018-11-08T01:00:25.780500Z,24,p,0.96,0.01169
368,2018-11-08T01:00:25.781500Z,23,p,0.852,0.01029
369,2018-11-08T01:00:25.790500Z,22,p,0.908,0.007986
370,2018-11-08T01:00:25.796000Z,21,p,0.923,0.00471
371,2018-11-08T01:00:25.801000Z,20,p,0.966,0.005877
372,2018-11-08T01:00:25.806000Z,19,p,0.912,0.003079
373,2018-11-08T01:00:25.815500Z,17,p,0.317,0.002464
374,2018-11-08T01:00:25.823500Z,16,p,0.759,0.002396
375,2018-11-08T01:00:25.840000Z,13,p,0.625,0.001975
376,2018-11-08T01:00:25.857000Z,24,s,0.96,0.01169
377,2018-11-08T01:00:25.865000Z,23,s,0.96,0.01029
378,2018-11-08T01:00:25.873500Z,22,s,0.951,0.007986
379,2018-11-08T01:00:25.882000Z,21,s,0.846,0.00471
380,2018-11-08T01:00:25.891000Z,20,s,0.932,0.005877
381,2018-11-08T01:00:25.899500Z,19,s,0.924,0.003079
382,2018-11-08T01:00:25.917500Z,17,s,0.538,0.002464
383,2018-11-08T01:00:25.927500Z,16,s,0.559,0.002396
384,2018-11-08T01:00:25.949500Z,14,s,0.395,0.003259
385,2018-11-08T01:00:25.956500Z,13,s,0.681,0.001975
386,2018-11-08T01:00:53.942500Z,1,p,0.398,0.001235
387,2018-11-08T01:00:54.075500Z,24,p,0.983,0.05659
388,2018-11-08T01:00:54.081000Z,23,p,0.973,0.05785
389,2018-11-08T01:00:54.087000Z,22,p,0.969,0.02332
390,2018-11-08T01:00:54.092000Z,21,p,0.97,0.02029
391,2018-11-08T01:00:54.096500Z,20,p,0.961,0.0165
392,2018-11-08T01:00:54.101500Z,19,p,0.937,0.01629
393,2018-11-08T01:00:54.107500Z,18,p,0.944,0.01195
394,2018-11-08T01:00:54.113000Z,17,p,0.942,0.01427
395,2018-11-08T01:00:54.119000Z,16,p,0.955,0.0101
396,2018-11-08T01:00:54.122000Z,15,p,0.741,0.006946
397,2018-11-08T01:00:54.127500Z,14,p,0.877,0.009075
398,2018-11-08T01:00:54.132500Z,24,s,0.962,0.05659
399,2018-11-08T01:00:54.137000Z,13,p,0.952,0.008094
400,2018-11-08T01:00:54.141500Z,23,s,0.968,0.05785
401,2018-11-08T01:00:54.142000Z,12,p,0.965,0.006254
402,2018-11-08T01:00:54.144500Z,11,p,0.719,0.003623
403,2018-11-08T01:00:54.149500Z,22,s,0.968,0.02332
404,2018-11-08T01:00:54.152000Z,10,p,0.719,0.005528
405,2018-11-08T01:00:54.158500Z,21,s,0.963,0.02029
406,2018-11-08T01:00:54.164500Z,8,p,0.737,0.003171
407,2018-11-08T01:00:54.164500Z,7,p,0.382,0.001733
408,2018-11-08T01:00:54.167500Z,20,s,0.969,0.0165
409,2018-11-08T01:00:54.175500Z,6,p,0.83,0.003067
410,2018-11-08T01:00:54.176500Z,19,s,0.961,0.01629
411,2018-11-08T01:00:54.187000Z,18,s,0.962,0.01195
412,2018-11-08T01:00:54.189000Z,4,p,0.86,0.002816
413,2018-11-08T01:00:54.191500Z,3,p,0.907,0.002363
414,2018-11-08T01:00:54.192500Z,17,s,0.639,0.01427
415,2018-11-08T01:00:54.199500Z,2,p,0.931,0.002539
416,2018-11-08T01:00:54.200500Z,7,p,0.36,0.002913
417,2018-11-08T01:00:54.205500Z,16,s,0.947,0.0101
418,2018-11-08T01:00:54.205500Z,1,p,0.338,0.001997
419,2018-11-08T01:00:54.213000Z,15,s,0.741,0.006946
420,2018-11-08T01:00:54.225000Z,14,s,0.915,0.009075
421,2018-11-08T01:00:54.236500Z,13,s,0.932,0.008094
422,2018-11-08T01:00:54.244500Z,12,s,0.951,0.006254
423,2018-11-08T01:00:54.254500Z,11,s,0.916,0.003623
424,2018-11-08T01:00:54.264500Z,10,s,0.832,0.005528
425,2018-11-08T01:00:54.273000Z,9,s,0.771,0.003524
426,2018-11-08T01:00:54.283500Z,8,s,0.839,0.003171
427,2018-11-08T01:00:54.293000Z,7,s,0.892,0.002913
428,2018-11-08T01:00:54.304000Z,6,s,0.693,0.003067
429,2018-11-08T01:00:54.312500Z,5,s,0.808,0.002399
430,2018-11-08T01:00:54.321000Z,4,s,0.853,0.002816
431,2018-11-08T01:00:54.332000Z,3,s,0.851,0.002363
432,2018-11-08T01:00:54.340500Z,2,s,0.821,0.002539
433,2018-11-08T01:00:54.348000Z,1,s,0.647,0.001997
434,2018-11-08T01:00:55.742000Z,20,s,0.527,0.00198
435,2018-11-08T01:01:23.232500Z,1,s,0.704,0.002894
436,2018-11-08T01:01:42.199000Z,20,s,0.845,0.004361
437,2018-11-08T01:01:43.990500Z,20,s,0.439,0.003163
438,2018-11-08T01:01:45.817500Z,24,s,0.789,0.004555
439,2018-11-08T01:02:12.136500Z,20,p,0.643,0.003661
440,2018-11-08T01:02:12.269500Z,20,s,0.626,0.001758
441,2018-11-08T01:02:40.219500Z,11,p,0.684,0.003235
442,2018-11-08T01:02:40.338000Z,11,s,0.739,0.003235
443,2018-11-08T01:02:45.042500Z,20,p,0.55,0.002372
444,2018-11-08T01:02:45.271500Z,20,s,0.472,0.002372
445,2018-11-08T01:02:55.472000Z,24,p,0.98,0.2788
446,2018-11-08T01:02:55.477500Z,23,p,0.982,0.2399
447,2018-11-08T01:02:55.482000Z,22,p,0.976,0.1631
448,2018-11-08T01:02:55.487500Z,21,p,0.986,0.09131
449,2018-11-08T01:02:55.493500Z,20,p,0.981,0.1288
450,2018-11-08T01:02:55.498500Z,19,p,0.987,0.06742
451,2018-11-08T01:02:55.503500Z,18,p,0.976,0.06015
452,2018-11-08T01:02:55.509500Z,17,p,0.983,0.0584
453,2018-11-08T01:02:55.514500Z,16,p,0.979,0.03597
454,2018-11-08T01:02:55.519000Z,15,p,0.964,0.04142
455,2018-11-08T01:02:55.525000Z,14,p,0.977,0.05902
456,2018-11-08T01:02:55.531500Z,13,p,0.977,0.03419
457,2018-11-08T01:02:55.537000Z,12,p,0.976,0.03176
458,2018-11-08T01:02:55.541500Z,11,p,0.978,0.02066
459,2018-11-08T01:02:55.546000Z,10,p,0.979,0.01804
460,2018-11-08T01:02:55.549500Z,24,s,0.969,0.2788
461,2018-11-08T01:02:55.551500Z,9,p,0.969,0.01447
462,2018-11-08T01:02:55.557500Z,23,s,0.964,0.2399
463,2018-11-08T01:02:55.557500Z,8,p,0.95,0.02478
464,2018-11-08T01:02:55.563500Z,7,p,0.939,0.02104
465,2018-11-08T01:02:55.565500Z,22,s,0.965,0.1631
466,2018-11-08T01:02:55.568500Z,6,p,0.925,0.01818
467,2018-11-08T01:02:55.574500Z,21,s,0.96,0.09131
468,2018-11-08T01:02:55.574500Z,5,p,0.955,0.01345
469,2018-11-08T01:02:55.579500Z,4,p,0.939,0.0154
470,2018-11-08T01:02:55.583500Z,20,s,0.95,0.1288
471,2018-11-08T01:02:55.584000Z,3,p,0.945,0.0205
472,2018-11-08T01:02:55.591500Z,2,p,0.973,0.01659
473,2018-11-08T01:02:55.592500Z,19,s,0.958,0.06742
474,2018-11-08T01:02:55.595500Z,1,p,0.941,0.0127
475,2018-11-08T01:02:55.602500Z,18,s,0.891,0.06015
476,2018-11-08T01:02:55.610500Z,17,s,0.934,0.0584
477,2018-11-08T01:02:55.621000Z,16,s,0.941,0.03597
478,2018-11-08T01:02:55.630000Z,15,s,0.914,0.04142
479,2018-11-08T01:02:55.642500Z,14,s,0.899,0.05902
480,2018-11-08T01:02:55.649500Z,13,s,0.938,0.03419
481,2018-11-08T01:02:55.658000Z,12,s,0.949,0.03176
482,2018-11-08T01:02:55.668000Z,11,s,0.858,0.02066
483,2018-11-08T01:02:55.676500Z,10,s,0.866,0.01804
484,2018-11-08T01:02:55.687000Z,9,s,0.892,0.01447
485,2018-11-08T01:02:55.694500Z,8,s,0.866,0.02478
486,2018-11-08T01:02:55.704000Z,7,s,0.928,0.02104
487,2018-11-08T01:02:55.713000Z,6,s,0.916,0.01818
488,2018-11-08T01:02:55.721000Z,5,s,0.942,0.01345
489,2018-11-08T01:02:55.730500Z,4,s,0.904,0.0154
490,2018-11-08T01:02:55.739000Z,3,s,0.919,0.0205
491,2018-11-08T01:02:55.747000Z,2,s,0.872,0.01659
492,2018-11-08T01:02:55.755000Z,1,s,0.865,0.0127
493,2018-11-08T01:03:09.583500Z,6,p,0.944,0.01284
494,2018-11-08T01:03:09.606000Z,6,s,0.819,0.008787
495,2018-11-08T01:03:14.832000Z,6,s,0.446,0.002966
496,2018-11-08T01:03:43.637500Z,19,s,0.339,0.002114
497,2018-11-08T01:04:21.225500Z,24,p,0.974,0.01223
498,2018-11-08T01:04:21.231500Z,23,p,0.983,0.02028
499,2018-11-08T01:04:21.237500Z,22,p,0.983,0.01534
500,2018-11-08T01:04:21.243500Z,21,p,0.98,0.01129
501,2018-11-08T01:04:21.249000Z,20,p,0.97,0.007308
502,2018-11-08T01:04:21.253500Z,19,p,0.945,0.005151
503,2018-11-08T01:04:21.261000Z,18,p,0.975,0.009178
504,2018-11-08T01:04:21.263500Z,17,p,0.826,0.003617
505,2018-11-08T01:04:21.275000Z,16,p,0.926,0.006286
506,2018-11-08T01:04:21.276000Z,24,s,0.807,0.01213
507,2018-11-08T01:04:21.278000Z,15,p,0.9,0.003373
508,2018-11-08T01:04:21.284000Z,14,p,0.867,0.002431
509,2018-11-08T01:04:21.285500Z,23,s,0.966,0.01428
510,2018-11-08T01:04:21.291500Z,13,p,0.955,0.002725
511,2018-11-08T01:04:21.295500Z,22,s,0.961,0.01534
512,2018-11-08T01:04:21.298000Z,12,p,0.973,0.002375
513,2018-11-08T01:04:21.301500Z,11,p,0.882,0.002222
514,2018-11-08T01:04:21.304000Z,21,s,0.919,0.0105
515,2018-11-08T01:04:21.308000Z,10,p,0.919,0.002446
516,2018-11-08T01:04:21.314000Z,9,p,0.508,0.002175
517,2018-11-08T01:04:21.314500Z,20,s,0.917,0.007308
518,2018-11-08T01:04:21.319500Z,8,p,0.943,0.002259
519,2018-11-08T01:04:21.324000Z,19,s,0.879,0.004928
520,2018-11-08T01:04:21.336000Z,18,s,0.902,0.009178
521,2018-11-08T01:04:21.342500Z,17,s,0.859,0.003617
522,2018-11-08T01:04:21.343500Z,4,p,0.635,0.001667
523,2018-11-08T01:04:21.354000Z,16,s,0.897,0.006286
524,2018-11-08T01:04:21.368000Z,15,s,0.747,0.003373
525,2018-11-08T01:04:21.374000Z,14,s,0.719,0.002431
526,2018-11-08T01:04:21.387000Z,13,s,0.882,0.00194
527,2018-11-08T01:04:21.397000Z,12,s,0.812,0.002375
528,2018-11-08T01:04:21.407000Z,11,s,0.801,0.002222
529,2018-11-08T01:04:21.415000Z,10,s,0.889,0.002446
530,2018-11-08T01:04:21.418500Z,9,s,0.63,0.002175
531,2018-11-08T01:04:21.438500Z,8,s,0.59,0.002238
532,2018-11-08T01:04:21.484000Z,4,s,0.552,0.001667
533,2018-11-08T01:04:23.848500Z,19,s,0.636,0.003541
534,2018-11-08T01:04:49.290000Z,20,s,0.669,0.001772
535,2018-11-08T01:05:04.084000Z,5,s,0.557,0.002612
536,2018-11-08T01:05:32.421500Z,3,s,0.705,0.002551
537,2018-11-08T01:06:31.636500Z,20,p,0.386,0.002293
538,2018-11-08T01:06:31.780000Z,20,s,0.727,0.002293
539,2018-11-08T01:07:43.551500Z,2,s,0.593,0.01141
540,2018-11-08T01:07:49.956000Z,23,s,0.393,0.003245
541,2018-11-08T01:07:55.854500Z,20,s,0.495,0.002945
542,2018-11-08T01:07:58.612500Z,1,p,0.316,0.02203
543,2018-11-08T01:07:58.656500Z,3,p,0.708,0.002377
544,2018-11-08T01:08:33.093500Z,24,s,0.7,0.005247
545,2018-11-08T01:09:09.268000Z,24,p,0.979,1.006
546,2018-11-08T01:09:09.273500Z,23,p,0.982,0.7904
547,2018-11-08T01:09:09.278500Z,22,p,0.977,0.6278
548,2018-11-08T01:09:09.283500Z,21,p,0.984,0.326
549,2018-11-08T01:09:09.289500Z,20,p,0.983,0.4611
550,2018-11-08T01:09:09.294500Z,19,p,0.984,0.2346
551,2018-11-08T01:09:09.299500Z,18,p,0.981,0.234
552,2018-11-08T01:09:09.305500Z,17,p,0.984,0.21
553,2018-11-08T01:09:09.310500Z,16,p,0.98,0.1318
554,2018-11-08T01:09:09.315500Z,15,p,0.976,0.1484
555,2018-11-08T01:09:09.321000Z,14,p,0.976,0.2173
556,2018-11-08T01:09:09.327500Z,13,p,0.974,0.1275
557,2018-11-08T01:09:09.332000Z,12,p,0.975,0.1174
558,2018-11-08T01:09:09.336000Z,11,p,0.974,0.07213
559,2018-11-08T01:09:09.342000Z,10,p,0.979,0.06581
560,2018-11-08T01:09:09.345500Z,24,s,0.967,1.006
561,2018-11-08T01:09:09.347500Z,9,p,0.978,0.0551
562,2018-11-08T01:09:09.353000Z,8,p,0.978,0.08818
563,2018-11-08T01:09:09.354000Z,23,s,0.962,0.7904
564,2018-11-08T01:09:09.358000Z,7,p,0.957,0.08397
565,2018-11-08T01:09:09.362000Z,22,s,0.959,0.6278
566,2018-11-08T01:09:09.364000Z,6,p,0.958,0.07042
567,2018-11-08T01:09:09.369000Z,5,p,0.962,0.05199
568,2018-11-08T01:09:09.370500Z,21,s,0.962,0.326
569,2018-11-08T01:09:09.374000Z,4,p,0.97,0.05323
570,2018-11-08T01:09:09.379500Z,20,s,0.936,0.4611
571,2018-11-08T01:09:09.380000Z,3,p,0.965,0.07422
572,2018-11-08T01:09:09.386000Z,2,p,0.958,0.05705
573,2018-11-08T01:09:09.388500Z,19,s,0.964,0.2346
574,2018-11-08T01:09:09.393000Z,1,p,0.978,0.04799
575,2018-11-08T01:09:09.398500Z,18,s,0.943,0.234
576,2018-11-08T01:09:09.406500Z,17,s,0.941,0.21
577,2018-11-08T01:09:09.416500Z,16,s,0.926,0.1318
578,2018-11-08T01:09:09.426000Z,15,s,0.927,0.1484
579,2018-11-08T01:09:09.438500Z,14,s,0.914,0.2173
580,2018-11-08T01:09:09.446500Z,13,s,0.931,0.1275
581,2018-11-08T01:09:09.454000Z,12,s,0.958,0.1174
582,2018-11-08T01:09:09.464000Z,11,s,0.835,0.07213
583,2018-11-08T01:09:09.473000Z,10,s,0.875,0.06581
584,2018-11-08T01:09:09.483000Z,9,s,0.905,0.0551
585,2018-11-08T01:09:09.490500Z,8,s,0.891,0.08818
586,2018-11-08T01:09:09.500000Z,7,s,0.939,0.08397
587,2018-11-08T01:09:09.509000Z,6,s,0.929,0.07042
588,2018-11-08T01:09:09.517500Z,5,s,0.955,0.05199
589,2018-11-08T01:09:09.526500Z,4,s,0.929,0.05323
590,2018-11-08T01:09:09.535000Z,3,s,0.939,0.07422
591,2018-11-08T01:09:09.544500Z,2,s,0.926,0.05705
592,2018-11-08T01:09:09.552000Z,1,s,0.89,0.04799
593,2018-11-08T01:09:25.362500Z,20,p,0.427,0.002329
594,2018-11-08T01:09:25.552500Z,20,s,0.63,0.002329
595,2018-11-08T01:09:57.146000Z,3,s,0.36,0.00238
596,2018-11-08T01:10:18.947500Z,11,s,0.81,0.004291
597,2018-11-08T01:11:07.196000Z,20,s,0.732,0.002298
598,2018-11-08T01:12:29.653500Z,5,p,0.595,0.002195
599,2018-11-08T01:12:29.749500Z,5,s,0.673,0.002195
600,2018-11-08T01:12:47.660000Z,20,s,0.617,0.002043
601,2018-11-08T01:14:13.569500Z,23,s,0.429,0.0021
602,2018-11-08T01:14:35.476000Z,23,s,0.537,0.002594
603,2018-11-08T01:14:46.749500Z,24,s,0.762,0.00254
604,2018-11-08T01:14:46.758500Z,23,s,0.736,0.001931
605,2018-11-08T01:15:16.741500Z,20,s,0.593,0.001882
606,2018-11-08T01:15:27.066000Z,24,s,0.766,0.004855
607,2018-11-08T01:16:00.001500Z,20,p,0.7,0.003101
608,2018-11-08T01:16:51.549500Z,1,s,0.775,0.002306
609,2018-11-08T01:17:06.197500Z,20,s,0.55,0.001821
610,2018-11-08T01:18:41.542500Z,9,p,0.419,0.002008
611,2018-11-08T01:18:41.731500Z,9,s,0.568,0.002008
612,2018-11-08T01:18:45.737500Z,20,p,0.444,0.002015
613,2018-11-08T01:18:45.924000Z,20,s,0.478,0.002015
614,2018-11-08T01:19:53.471500Z,20,s,0.349,0.001501
615,2018-11-08T01:20:00.775500Z,24,p,0.914,0.01745
616,2018-11-08T01:20:00.779500Z,23,p,0.969,0.009462
617,2018-11-08T01:20:00.786000Z,22,p,0.806,0.005889
618,2018-11-08T01:20:00.790000Z,21,p,0.923,0.006035
619,2018-11-08T01:20:00.794000Z,20,p,0.864,0.003786
620,2018-11-08T01:20:00.799000Z,19,p,0.924,0.003142
621,2018-11-08T01:20:00.801500Z,16,p,0.366,0.002602
622,2018-11-08T01:20:00.806000Z,18,p,0.822,0.00258
623,2018-11-08T01:20:00.832000Z,13,p,0.427,0.002526
624,2018-11-08T01:20:00.842500Z,24,s,0.956,0.01745
625,2018-11-08T01:20:00.849500Z,23,s,0.917,0.009462
626,2018-11-08T01:20:00.857000Z,22,s,0.848,0.005889
627,2018-11-08T01:20:00.865500Z,21,s,0.944,0.006035
628,2018-11-08T01:20:00.874000Z,20,s,0.907,0.003786
629,2018-11-08T01:20:00.884000Z,19,s,0.926,0.003142
630,2018-11-08T01:20:00.893000Z,18,s,0.796,0.00258
631,2018-11-08T01:20:00.901500Z,17,s,0.738,0.003286
632,2018-11-08T01:20:00.912000Z,16,s,0.868,0.002602
633,2018-11-08T01:20:00.917500Z,15,s,0.398,0.001579
634,2018-11-08T01:20:00.929500Z,14,s,0.511,0.002091
635,2018-11-08T01:20:00.939500Z,13,s,0.392,0.002526
636,2018-11-08T01:20:10.430500Z,22,s,0.604,0.002926
637,2018-11-08T01:20:44.959000Z,12,s,0.551,0.001772
638,2018-11-08T01:21:12.124000Z,24,p,0.338,0.005437
639,2018-11-08T01:21:12.207500Z,24,s,0.684,0.005437
640,2018-11-08T01:21:12.214000Z,23,p,0.962,0.009368
641,2018-11-08T01:21:12.219500Z,22,s,0.651,0.004893
642,2018-11-08T01:21:12.230000Z,20,s,0.344,0.003512
643,2018-11-08T01:21:12.239500Z,18,p,0.346,0.002411
644,2018-11-08T01:21:12.267000Z,23,s,0.87,0.003867
645,2018-11-08T01:21:49.423500Z,5,p,0.577,0.003381
646,2018-11-08T01:21:49.534000Z,5,s,0.873,0.003381
647,2018-11-08T01:22:02.407000Z,20,s,0.878,0.003218
648,2018-11-08T01:22:03.328000Z,20,p,0.703,0.002155
649,2018-11-08T01:22:03.565500Z,20,s,0.442,0.002155
650,2018-11-08T01:22:07.748000Z,24,s,0.731,0.006353
651,2018-11-08T01:23:34.783000Z,16,s,0.333,0.003082
652,2018-11-08T01:23:48.465500Z,24,p,0.936,0.01131
653,2018-11-08T01:23:48.470000Z,23,p,0.958,0.00938
654,2018-11-08T01:23:48.475000Z,22,p,0.908,0.007115
655,2018-11-08T01:23:48.479500Z,21,p,0.936,0.005735
656,2018-11-08T01:23:48.485000Z,20,p,0.958,0.004033
657,2018-11-08T01:23:48.489500Z,19,p,0.924,0.003175
658,2018-11-08T01:23:48.500500Z,18,p,0.334,0.002599
659,2018-11-08T01:23:48.520500Z,13,p,0.493,0.001935
660,2018-11-08T01:23:48.525500Z,24,s,0.963,0.01131
661,2018-11-08T01:23:48.533500Z,23,s,0.954,0.00938
662,2018-11-08T01:23:48.541000Z,22,s,0.917,0.007115
663,2018-11-08T01:23:48.549000Z,21,s,0.948,0.005735
664,2018-11-08T01:23:48.557000Z,20,s,0.909,0.004033
665,2018-11-08T01:23:48.566000Z,19,s,0.891,0.002227
666,2018-11-08T01:23:48.581000Z,17,s,0.595,0.002255
667,2018-11-08T01:23:48.599500Z,15,s,0.367,0.002033
668,2018-11-08T01:23:48.612500Z,14,s,0.67,0.003301
669,2018-11-08T01:23:48.619000Z,13,s,0.831,0.001935
670,2018-11-08T01:24:54.436000Z,20,p,0.421,0.002212
671,2018-11-08T01:25:39.430000Z,11,s,0.551,0.004124
672,2018-11-08T01:25:51.624500Z,22,s,0.458,0.002199
673,2018-11-08T01:25:55.027500Z,24,p,0.981,0.1131
674,2018-11-08T01:25:55.031500Z,23,p,0.982,0.06358
675,2018-11-08T01:25:55.037000Z,22,p,0.978,0.04165
676,2018-11-08T01:25:55.041500Z,21,p,0.981,0.04098
677,2018-11-08T01:25:55.046000Z,20,p,0.978,0.021
678,2018-11-08T01:25:55.052000Z,19,p,0.986,0.02199
679,2018-11-08T01:25:55.057500Z,18,p,0.977,0.01581
680,2018-11-08T01:25:55.063000Z,17,p,0.98,0.02426
681,2018-11-08T01:25:55.068000Z,16,p,0.974,0.01567
682,2018-11-08T01:25:55.073000Z,15,p,0.974,0.007703
683,2018-11-08T01:25:55.079000Z,14,p,0.978,0.01088
684,2018-11-08T01:25:55.084500Z,13,p,0.97,0.01265
685,2018-11-08T01:25:55.089500Z,12,p,0.977,0.007356
686,2018-11-08T01:25:55.094000Z,11,p,0.966,0.003541
687,2018-11-08T01:25:55.095500Z,24,s,0.968,0.1131
688,2018-11-08T01:25:55.098000Z,10,p,0.935,0.004378
689,2018-11-08T01:25:55.102500Z,23,s,0.963,0.06358
690,2018-11-08T01:25:55.105500Z,9,p,0.947,0.005019
691,2018-11-08T01:25:55.110000Z,22,s,0.965,0.04165
692,2018-11-08T01:25:55.111500Z,8,p,0.971,0.007239
693,2018-11-08T01:25:55.117000Z,7,p,0.965,0.005151
694,2018-11-08T01:25:55.118500Z,21,s,0.963,0.04098
695,2018-11-08T01:25:55.121500Z,6,p,0.962,0.004653
696,2018-11-08T01:25:55.127500Z,20,s,0.968,0.021
697,2018-11-08T01:25:55.127500Z,5,p,0.976,0.004635
698,2018-11-08T01:25:55.133000Z,4,p,0.974,0.003664
699,2018-11-08T01:25:55.135500Z,19,s,0.965,0.02199
700,2018-11-08T01:25:55.137500Z,3,p,0.969,0.003584
701,2018-11-08T01:25:55.143000Z,2,p,0.965,0.004044
702,2018-11-08T01:25:55.145000Z,18,s,0.954,0.01581
703,2018-11-08T01:25:55.147500Z,1,p,0.96,0.002301
704,2018-11-08T01:25:55.153500Z,17,s,0.944,0.02426
705,2018-11-08T01:25:55.164500Z,16,s,0.953,0.01567
706,2018-11-08T01:25:55.172500Z,15,s,0.859,0.007703
707,2018-11-08T01:25:55.182500Z,14,s,0.951,0.01088
708,2018-11-08T01:25:55.191500Z,13,s,0.926,0.01265
709,2018-11-08T01:25:55.200500Z,12,s,0.925,0.007356
710,2018-11-08T01:25:55.209000Z,11,s,0.879,0.003541
711,2018-11-08T01:25:55.218500Z,10,s,0.857,0.004378
712,2018-11-08T01:25:55.228000Z,9,s,0.933,0.005019
713,2018-11-08T01:25:55.236500Z,8,s,0.884,0.007239
714,2018-11-08T01:25:55.244000Z,7,s,0.91,0.005151
715,2018-11-08T01:25:55.251000Z,6,s,0.748,0.004653
716,2018-11-08T01:25:55.261000Z,5,s,0.917,0.002545
717,2018-11-08T01:25:55.272500Z,4,s,0.692,0.003483
718,2018-11-08T01:25:55.280000Z,3,s,0.834,0.003043
719,2018-11-08T01:25:55.288500Z,2,s,0.703,0.002545
720,2018-11-08T01:25:55.298000Z,1,s,0.617,0.001778
721,2018-11-08T01:26:23.077500Z,17,s,0.77,0.002602
722,2018-11-08T01:27:00.152000Z,23,s,0.531,0.003049
723,2018-11-08T01:27:45.677500Z,19,s,0.337,0.002696
724,2018-11-08T01:28:08.995000Z,5,s,0.822,0.002898
725,2018-11-08T01:28:50.268500Z,24,s,0.39,0.004968
726,2018-11-08T01:29:06.086000Z,18,s,0.61,0.006369
727,2018-11-08T01:29:15.629500Z,22,s,0.333,0.002743
728,2018-11-08T01:29:59.964000Z,20,s,0.716,0.002944
729,2018-11-08T01:30:00.124500Z,20,p,0.393,0.002944
730,2018-11-08T01:30:00.493500Z,20,s,0.316,0.001659
731,2018-11-08T01:30:09.562500Z,1,s,0.337,0.001663
732,2018-11-08T01:30:20.453500Z,22,s,0.451,0.002678
733,2018-11-08T01:31:20.457000Z,4,s,0.584,0.006875
734,2018-11-08T01:31:28.725500Z,2,s,0.563,0.002195
735,2018-11-08T01:31:57.125500Z,19,s,0.361,0.001918
736,2018-11-08T01:32:18.108500Z,1,s,0.675,0.002325
737,2018-11-08T01:32:46.824500Z,11,s,0.424,0.005066
738,2018-11-08T01:32:46.825500Z,11,p,0.304,0.005066
739,2018-11-08T01:33:18.446500Z,11,s,0.862,0.003232
740,2018-11-08T01:33:34.738000Z,19,p,0.41,0.008231
741,2018-11-08T01:33:34.813500Z,19,s,0.58,0.008231
742,2018-11-08T01:34:04.365500Z,5,s,0.615,0.002351
743,2018-11-08T01:34:12.060500Z,19,s,0.782,0.009118
744,2018-11-08T01:34:34.986500Z,19,s,0.51,0.002637
745,2018-11-08T01:35:49.168000Z,24,s,0.766,0.004713
746,2018-11-08T01:36:09.686000Z,20,s,0.749,0.00258
747,2018-11-08T01:36:11.606500Z,20,p,0.516,0.001952
748,2018-11-08T01:36:11.844000Z,20,s,0.663,0.001952
749,2018-11-08T01:36:29.398000Z,3,s,0.327,0.003528
750,2018-11-08T01:37:04.334500Z,8,s,0.492,0.002988
751,2018-11-08T01:37:23.922500Z,23,s,0.373,0.002391
752,2018-11-08T01:37:25.773500Z,18,s,0.446,0.003547
753,2018-11-08T01:37:34.018000Z,3,p,0.7,0.002857
754,2018-11-08T01:37:34.148500Z,3,s,0.763,0.002857
755,2018-11-08T01:38:34.388000Z,24,s,0.415,0.002888
756,2018-11-08T01:38:34.397500Z,23,s,0.779,0.002377
757,2018-11-08T01:38:51.878500Z,20,p,0.738,0.002122
758,2018-11-08T01:38:52.053500Z,20,s,0.459,0.002122
759,2018-11-08T01:40:24.258500Z,20,s,0.692,0.002032
760,2018-11-08T01:40:47.093500Z,5,s,0.847,0.002364
761,2018-11-08T01:41:05.817000Z,10,s,0.503,0.01723
762,2018-11-08T01:41:05.818500Z,9,p,0.867,0.03235
763,2018-11-08T01:41:05.821000Z,10,p,0.37,0.01328
764,2018-11-08T01:41:05.826000Z,8,p,0.316,0.00344
765,2018-11-08T01:41:09.109500Z,11,s,0.642,0.00395
766,2018-11-08T01:41:38.916000Z,19,s,0.576,0.003825
767,2018-11-08T01:42:04.176000Z,20,p,0.81,0.002077
768,2018-11-08T01:42:04.420500Z,20,s,0.713,0.002077
769,2018-11-08T01:42:45.326000Z,24,s,0.532,0.005367
770,2018-11-08T01:43:10.686500Z,6,p,0.807,0.004488
771,2018-11-08T01:43:10.706500Z,6,s,0.77,0.004488
772,2018-11-08T01:43:21.492000Z,5,p,0.569,0.004731
773,2018-11-08T01:43:21.594000Z,5,s,0.829,0.004731
774,2018-11-08T01:44:11.629000Z,20,s,0.431,0.003061
775,2018-11-08T01:45:03.994500Z,12,s,0.329,0.00654
776,2018-11-08T01:45:09.120500Z,2,s,0.506,0.00315
777,2018-11-08T01:45:57.018500Z,19,s,0.378,0.001375
778,2018-11-08T01:46:56.004000Z,5,p,0.45,0.004857
779,2018-11-08T01:46:56.122500Z,5,s,0.839,0.004857
780,2018-11-08T01:46:57.372500Z,21,p,0.438,0.002398
781,2018-11-08T01:46:57.459000Z,21,s,0.803,0.002398
782,2018-11-08T01:47:16.683000Z,24,p,0.946,0.005474
783,2018-11-08T01:47:16.687500Z,23,p,0.964,0.00787
784,2018-11-08T01:47:16.693500Z,22,p,0.951,0.005934
785,2018-11-08T01:47:16.701000Z,20,p,0.881,0.002265
786,2018-11-08T01:47:16.708500Z,19,p,0.589,0.00341
787,2018-11-08T01:47:16.731000Z,24,s,0.94,0.005474
788,2018-11-08T01:47:16.740000Z,23,s,0.954,0.006621
789,2018-11-08T01:47:16.749000Z,22,s,0.875,0.003262
790,2018-11-08T01:47:16.768000Z,20,s,0.747,0.002145
791,2018-11-08T01:47:34.881500Z,23,s,0.372,0.002586
792,2018-11-08T01:47:56.037500Z,1,s,0.553,0.003081
793,2018-11-08T01:48:46.566000Z,11,p,0.457,0.003325
794,2018-11-08T01:48:46.640000Z,11,s,0.691,0.003325
795,2018-11-08T01:48:55.212500Z,10,p,0.352,0.003336
796,2018-11-08T01:48:55.336500Z,10,s,0.45,0.003336
797,2018-11-08T01:49:14.544500Z,5,s,0.69,0.002697
798,2018-11-08T01:49:23.471500Z,22,s,0.579,0.002973
799,2018-11-08T01:49:34.422000Z,3,p,0.639,0.002628
800,2018-11-08T01:49:37.207500Z,6,p,0.508,0.005588
801,2018-11-08T01:49:37.245000Z,6,s,0.86,0.005588
802,2018-11-08T01:49:44.144000Z,24,p,0.315,0.005373
803,2018-11-08T01:49:44.251500Z,24,s,0.763,0.005373
804,2018-11-08T01:50:04.856500Z,23,s,0.508,0.003237
805,2018-11-08T01:50:11.891500Z,20,s,0.396,0.001913
806,2018-11-08T01:50:18.302500Z,20,p,0.563,0.002941
807,2018-11-08T01:50:18.451000Z,20,s,0.748,0.002941
808,2018-11-08T01:51:01.925500Z,22,s,0.581,0.003207
809,2018-11-08T01:51:25.091500Z,6,s,0.33,0.002423
810,2018-11-08T01:52:08.597000Z,5,s,0.794,0.00478
811,2018-11-08T01:52:56.882500Z,20,s,0.577,0.002506
812,2018-11-08T01:53:23.841500Z,2,s,0.421,0.003142
813,2018-11-08T01:54:12.444500Z,22,p,0.405,0.002261
814,2018-11-08T01:54:12.624500Z,22,s,0.395,0.002261
815,2018-11-08T01:54:13.271500Z,20,p,0.342,0.001788
816,2018-11-08T01:54:13.644000Z,20,s,0.64,0.001788
817,2018-11-08T01:54:28.202000Z,24,p,0.703,0.001485
818,2018-11-08T01:54:28.293500Z,24,p,0.956,0.005078
819,2018-11-08T01:54:28.297500Z,23,p,0.946,0.006904
820,2018-11-08T01:54:28.303500Z,22,p,0.889,0.006159
821,2018-11-08T01:54:28.308000Z,21,p,0.898,0.005926
822,2018-11-08T01:54:28.314000Z,20,p,0.918,0.003645
823,2018-11-08T01:54:28.318000Z,19,p,0.579,0.004013
824,2018-11-08T01:54:28.357500Z,24,s,0.921,0.003772
825,2018-11-08T01:54:28.366000Z,23,s,0.883,0.00453
826,2018-11-08T01:54:28.373000Z,22,s,0.788,0.002713
827,2018-11-08T01:54:28.382500Z,21,s,0.695,0.002703
828,2018-11-08T01:54:28.395000Z,20,s,0.603,0.001784
829,2018-11-08T01:54:28.399500Z,19,s,0.636,0.001497
830,2018-11-08T01:54:40.822500Z,10,p,0.764,0.02172
831,2018-11-08T01:54:40.830500Z,11,p,0.355,0.003005
832,2018-11-08T01:54:54.562500Z,5,s,0.46,0.001802
833,2018-11-08T01:55:13.667000Z,24,p,0.972,0.006224
834,2018-11-08T01:55:13.671000Z,23,p,0.937,0.008803
835,2018-11-08T01:55:13.677000Z,22,p,0.944,0.003303
836,2018-11-08T01:55:13.683500Z,21,p,0.918,0.003163
837,2018-11-08T01:55:13.689500Z,20,p,0.932,0.003411
838,2018-11-08T01:55:13.693500Z,19,p,0.941,0.002791
839,2018-11-08T01:55:13.741500Z,24,s,0.918,0.006224
840,2018-11-08T01:55:13.750500Z,23,s,0.951,0.008803
841,2018-11-08T01:55:13.758500Z,22,s,0.781,0.003303
842,2018-11-08T01:55:13.767000Z,21,s,0.857,0.003163
843,2018-11-08T01:55:13.777000Z,20,s,0.878,0.002232
844,2018-11-08T01:55:13.786000Z,19,s,0.906,0.002325
845,2018-11-08T01:55:13.801500Z,17,s,0.403,0.001984
846,2018-11-08T01:55:13.815500Z,16,s,0.322,0.001453
847,2018-11-08T01:55:17.557500Z,24,p,0.924,0.004614
848,2018-11-08T01:55:17.563000Z,23,p,0.939,0.006041
849,2018-11-08T01:55:17.580000Z,20,p,0.896,0.002607
850,2018-11-08T01:55:17.633000Z,24,s,0.937,0.004614
851,2018-11-08T01:55:17.642000Z,23,s,0.893,0.006041
852,2018-11-08T01:55:17.646000Z,22,s,0.633,0.002493
853,2018-11-08T01:55:17.668500Z,20,s,0.823,0.002607
854,2018-11-08T01:56:10.646000Z,11,s,0.461,0.003898
855,2018-11-08T01:57:27.944500Z,19,s,0.413,0.003657
856,2018-11-08T01:58:16.883500Z,20,p,0.344,0.003371
857,2018-11-08T01:58:17.029000Z,20,s,0.684,0.003371
858,2018-11-08T01:58:19.989500Z,5,s,0.674,0.002781
859,2018-11-08T01:58:22.508500Z,24,s,0.355,0.005121
860,2018-11-08T01:58:22.549500Z,20,p,0.544,0.002205
861,2018-11-08T01:58:22.718000Z,20,s,0.783,0.002205
862,2018-11-08T01:58:36.059500Z,18,s,0.553,0.002476
863,2018-11-08T01:58:55.985500Z,23,s,0.394,0.003702
864,2018-11-08T01:59:38.305500Z,23,p,0.355,0.002944
865,2018-11-08T01:59:38.413500Z,23,s,0.671,0.002944
866,2018-11-08T01:59:58.530000Z,20,s,0.742,0.001945
867,2018-11-08T02:00:08.084000Z,22,s,0.562,0.0026
868,2018-11-08T02:00:17.576500Z,22,s,0.594,0.002119
869,2018-11-08T02:00:38.493500Z,23,s,0.662,0.001904
870,2018-11-08T02:01:55.822500Z,23,p,0.641,0.00237
871,2018-11-08T02:01:55.827500Z,24,p,0.64,0.003772
872,2018-11-08T02:01:55.895000Z,24,s,0.686,0.003772
873,2018-11-08T02:01:55.905000Z,23,s,0.767,0.00237
874,2018-11-08T02:02:30.822500Z,2,s,0.558,0.003268
875,2018-11-08T02:02:54.090500Z,22,s,0.488,0.002477
876,2018-11-08T02:02:58.380500Z,24,s,0.403,0.00475
877,2018-11-08T02:02:58.390000Z,23,s,0.75,0.005752
878,2018-11-08T02:03:22.961500Z,1,s,0.471,0.00222
879,2018-11-08T02:03:32.789500Z,24,p,0.924,0.002672
880,2018-11-08T02:03:32.882000Z,24,s,0.847,0.002672
881,2018-11-08T02:03:43.653500Z,22,s,0.488,0.003121
882,2018-11-08T02:03:52.596500Z,13,s,0.446,0.002037
883,2018-11-08T02:03:54.506000Z,11,s,0.729,0.004718
884,2018-11-08T02:04:00.017500Z,17,s,0.363,0.001988
885,2018-11-08T02:04:16.031500Z,6,p,0.313,0.01054
886,2018-11-08T02:04:16.064000Z,6,s,0.934,0.01054
887,2018-11-08T02:04:28.385000Z,20,s,0.878,0.003177
888,2018-11-08T02:04:30.092500Z,20,p,0.608,0.002207
889,2018-11-08T02:04:30.248500Z,20,s,0.773,0.002207
890,2018-11-08T02:04:53.395500Z,24,p,0.984,0.6573
891,2018-11-08T02:04:53.401500Z,23,p,0.984,1.117
892,2018-11-08T02:04:53.406000Z,22,p,0.982,0.6117
893,2018-11-08T02:04:53.412000Z,21,p,0.984,0.3531
894,2018-11-08T02:04:53.418000Z,20,p,0.984,0.4125
895,2018-11-08T02:04:53.423500Z,19,p,0.982,0.2783
896,2018-11-08T02:04:53.429500Z,18,p,0.983,0.2242
897,2018-11-08T02:04:53.435500Z,17,p,0.987,0.3027
898,2018-11-08T02:04:53.440500Z,16,p,0.985,0.2185
899,2018-11-08T02:04:53.446000Z,15,p,0.982,0.179
900,2018-11-08T02:04:53.452000Z,14,p,0.978,0.1713
901,2018-11-08T02:04:53.459500Z,13,p,0.98,0.1582
902,2018-11-08T02:04:53.465000Z,12,p,0.975,0.262
903,2018-11-08T02:04:53.469500Z,24,s,0.965,0.6573
904,2018-11-08T02:04:53.470000Z,11,p,0.98,0.1819
905,2018-11-08T02:04:53.475500Z,10,p,0.975,0.15
906,2018-11-08T02:04:53.480000Z,23,s,0.941,1.117
907,2018-11-08T02:04:53.481500Z,9,p,0.982,0.1261
908,2018-11-08T02:04:53.487500Z,8,p,0.982,0.1201
909,2018-11-08T02:04:53.489000Z,22,s,0.958,0.6117
910,2018-11-08T02:04:53.492000Z,7,p,0.976,0.1319
911,2018-11-08T02:04:53.497500Z,21,s,0.964,0.3531
912,2018-11-08T02:04:53.498000Z,6,p,0.978,0.083
913,2018-11-08T02:04:53.503500Z,5,p,0.981,0.09438
914,2018-11-08T02:04:53.507000Z,20,s,0.877,0.4125
915,2018-11-08T02:04:53.509000Z,4,p,0.976,0.141
916,2018-11-08T02:04:53.514500Z,3,p,0.977,0.1065
917,2018-11-08T02:04:53.516500Z,19,s,0.96,0.2783
918,2018-11-08T02:04:53.520500Z,2,p,0.976,0.08294
919,2018-11-08T02:04:53.525000Z,1,p,0.965,0.05593
920,2018-11-08T02:04:53.526500Z,18,s,0.956,0.2242
921,2018-11-08T02:04:53.534500Z,17,s,0.753,0.3027
922,2018-11-08T02:04:53.546500Z,16,s,0.869,0.2185
923,2018-11-08T02:04:53.556500Z,15,s,0.712,0.179
924,2018-11-08T02:04:53.566000Z,14,s,0.865,0.1713
925,2018-11-08T02:04:53.578500Z,13,s,0.956,0.1582
926,2018-11-08T02:04:53.587000Z,12,s,0.921,0.262
927,2018-11-08T02:04:53.597500Z,11,s,0.954,0.1819
928,2018-11-08T02:04:53.607000Z,10,s,0.951,0.15
929,2018-11-08T02:04:53.616000Z,9,s,0.93,0.1261
930,2018-11-08T02:04:53.626500Z,8,s,0.942,0.1201
931,2018-11-08T02:04:53.635000Z,7,s,0.933,0.1319
932,2018-11-08T02:04:53.645500Z,6,s,0.946,0.083
933,2018-11-08T02:04:53.654500Z,5,s,0.947,0.09438
934,2018-11-08T02:04:53.664500Z,4,s,0.945,0.141
935,2018-11-08T02:04:53.673000Z,3,s,0.898,0.1065
936,2018-11-08T02:04:53.684500Z,2,s,0.907,0.08294
937,2018-11-08T02:04:53.691000Z,1,s,0.894,0.05593
938,2018-11-08T02:04:57.413500Z,4,s,0.858,0.00622
939,2018-11-08T02:05:02.021500Z,24,s,0.738,0.007048
940,2018-11-08T02:06:24.693500Z,23,s,0.362,0.002031
941,2018-11-08T02:07:11.006000Z,5,p,0.387,0.003499
942,2018-11-08T02:07:11.104500Z,5,s,0.722,0.003499
943,2018-11-08T02:07:38.741500Z,19,s,0.407,0.002052
944,2018-11-08T02:08:52.752500Z,20,p,0.522,0.002147
945,2018-11-08T02:08:52.948500Z,20,s,0.628,0.002147
946,2018-11-08T02:09:11.228500Z,23,s,0.343,0.003146
947,2018-11-08T02:09:39.401500Z,2,s,0.65,0.00335
948,2018-11-08T02:10:13.501500Z,20,s,0.552,0.00166
949,2018-11-08T02:10:50.538000Z,6,p,0.751,0.008583
950,2018-11-08T02:10:50.563500Z,6,s,0.463,0.008583
951,2018-11-08T02:11:00.192500Z,16,s,0.523,0.004308
952,2018-11-08T02:11:00.193000Z,16,p,0.302,0.004308
953,2018-11-08T02:11:27.549500Z,11,s,0.742,0.004445
954,2018-11-08T02:11:35.160500Z,24,s,0.507,0.004889
955,2018-11-08T02:11:36.525500Z,23,s,0.864,0.01012
956,2018-11-08T02:12:33.037500Z,20,p,0.366,0.003393
957,2018-11-08T02:12:33.040500Z,20,s,0.498,0.002801
958,2018-11-08T02:12:33.192500Z,20,s,0.387,0.003393
959,2018-11-08T02:13:05.154000Z,18,p,0.414,0.003056
960,2018-11-08T02:13:07.182500Z,20,p,0.5,0.002224
961,2018-11-08T02:13:07.333500Z,20,s,0.477,0.002224
962,2018-11-08T02:13:43.356500Z,2,s,0.647,0.002003
963,2018-11-08T02:13:54.084500Z,5,s,0.797,0.003454
964,2018-11-08T02:14:33.335500Z,22,p,0.346,0.003033
965,2018-11-08T02:14:33.448500Z,22,s,0.641,0.003033
966,2018-11-08T02:14:59.104500Z,18,s,0.387,0.001907
967,2018-11-08T02:15:00.426500Z,24,p,0.971,0.07374
968,2018-11-08T02:15:00.432000Z,23,p,0.977,0.05446
969,2018-11-08T02:15:00.438000Z,22,p,0.953,0.03891
970,2018-11-08T02:15:00.441500Z,21,p,0.906,0.03878
971,2018-11-08T02:15:00.447500Z,20,p,0.97,0.02267
972,2018-11-08T02:15:00.453000Z,19,p,0.979,0.0162
973,2018-11-08T02:15:00.458500Z,18,p,0.967,0.01295
974,2018-11-08T02:15:00.463500Z,17,p,0.924,0.01799
975,2018-11-08T02:15:00.469000Z,16,p,0.955,0.01096
976,2018-11-08T02:15:00.470000Z,15,p,0.831,0.00843
977,2018-11-08T02:15:00.479500Z,14,p,0.976,0.01489
978,2018-11-08T02:15:00.484000Z,24,s,0.963,0.07374
979,2018-11-08T02:15:00.485500Z,13,p,0.975,0.007887
980,2018-11-08T02:15:00.489500Z,12,p,0.937,0.007379
981,2018-11-08T02:15:00.491500Z,23,s,0.97,0.05446
982,2018-11-08T02:15:00.495500Z,11,p,0.425,0.005399
983,2018-11-08T02:15:00.499500Z,22,s,0.969,0.03891
984,2018-11-08T02:15:00.500000Z,10,p,0.871,0.004987
985,2018-11-08T02:15:00.507500Z,21,s,0.972,0.03878
986,2018-11-08T02:15:00.508500Z,9,p,0.573,0.00601
987,2018-11-08T02:15:00.513500Z,8,p,0.968,0.009864
988,2018-11-08T02:15:00.517000Z,20,s,0.953,0.02267
989,2018-11-08T02:15:00.519000Z,7,p,0.967,0.008529
990,2018-11-08T02:15:00.523000Z,6,p,0.912,0.008122
991,2018-11-08T02:15:00.525000Z,19,s,0.965,0.0162
992,2018-11-08T02:15:00.530000Z,5,p,0.955,0.00398
993,2018-11-08T02:15:00.533500Z,4,p,0.919,0.00573
994,2018-11-08T02:15:00.535500Z,18,s,0.964,0.01295
995,2018-11-08T02:15:00.539000Z,3,p,0.956,0.004017
996,2018-11-08T02:15:00.542500Z,17,s,0.936,0.01799
997,2018-11-08T02:15:00.546000Z,2,p,0.973,0.00597
998,2018-11-08T02:15:00.550000Z,1,p,0.926,0.003661
999,2018-11-08T02:15:00.554500Z,16,s,0.903,0.01096
1000,2018-11-08T02:15:00.563000Z,15,s,0.864,0.00843
1001,2018-11-08T02:15:00.574500Z,14,s,0.948,0.01489
1002,2018-11-08T02:15:00.582500Z,13,s,0.946,0.007887
1003,2018-11-08T02:15:00.590500Z,12,s,0.936,0.007379
1004,2018-11-08T02:15:00.600000Z,11,s,0.897,0.005399
1005,2018-11-08T02:15:00.612000Z,10,s,0.876,0.004987
1006,2018-11-08T02:15:00.620000Z,9,s,0.879,0.00601
1007,2018-11-08T02:15:00.628500Z,8,s,0.911,0.009864
1008,2018-11-08T02:15:00.636500Z,7,s,0.933,0.008529
1009,2018-11-08T02:15:00.645000Z,6,s,0.873,0.008122
1010,2018-11-08T02:15:00.654500Z,5,s,0.939,0.00398
1011,2018-11-08T02:15:00.664000Z,4,s,0.933,0.00573
1012,2018-11-08T02:15:00.674000Z,3,s,0.874,0.004017
1013,2018-11-08T02:15:00.683000Z,2,s,0.892,0.00597
1014,2018-11-08T02:15:00.691000Z,1,s,0.83,0.003661
1015,2018-11-08T02:15:17.817500Z,3,p,0.702,0.003381
1016,2018-11-08T02:15:17.933500Z,3,s,0.747,0.003381
1017,2018-11-08T02:15:40.667500Z,20,s,0.745,0.002634
1018,2018-11-08T02:16:22.949500Z,1,p,0.744,0.002225
1019,2018-11-08T02:16:23.163000Z,1,s,0.784,0.002225
1020,2018-11-08T02:17:37.792500Z,23,p,0.41,0.003309
1021,2018-11-08T02:17:37.928500Z,23,s,0.488,0.003309
1022,2018-11-08T02:17:42.222000Z,20,p,0.404,0.0017
1023,2018-11-08T02:17:42.413500Z,20,s,0.422,0.0017
1024,2018-11-08T02:17:59.328500Z,24,s,0.387,0.005952
1025,2018-11-08T02:18:08.083000Z,24,p,0.979,0.015
1026,2018-11-08T02:18:08.087000Z,23,p,0.968,0.01286
1027,2018-11-08T02:18:08.093500Z,22,p,0.981,0.01018
1028,2018-11-08T02:18:08.097500Z,21,p,0.977,0.009976
1029,2018-11-08T02:18:08.103000Z,20,p,0.964,0.008921
1030,2018-11-08T02:18:08.107500Z,19,p,0.978,0.007295
1031,2018-11-08T02:18:08.113500Z,18,p,0.959,0.005523
1032,2018-11-08T02:18:08.117000Z,17,p,0.957,0.003587
1033,2018-11-08T02:18:08.123500Z,16,p,0.973,0.005126
1034,2018-11-08T02:18:08.129500Z,15,p,0.867,0.002768
1035,2018-11-08T02:18:08.136000Z,14,p,0.833,0.003043
1036,2018-11-08T02:18:08.141000Z,13,p,0.956,0.003531
1037,2018-11-08T02:18:08.143000Z,12,p,0.857,0.001953
1038,2018-11-08T02:18:08.155500Z,10,p,0.886,0.00201
1039,2018-11-08T02:18:08.163500Z,8,p,0.852,0.002706
1040,2018-11-08T02:18:08.168000Z,7,p,0.315,0.002314
1041,2018-11-08T02:18:08.176000Z,6,p,0.846,0.00194
1042,2018-11-08T02:18:08.181500Z,5,p,0.912,0.002355
1043,2018-11-08T02:18:08.182500Z,24,s,0.95,0.015
1044,2018-11-08T02:18:08.187500Z,4,p,0.948,0.003299
1045,2018-11-08T02:18:08.190000Z,23,s,0.952,0.01286
1046,2018-11-08T02:18:08.191500Z,3,p,0.942,0.002671
1047,2018-11-08T02:18:08.197500Z,2,p,0.953,0.001951
1048,2018-11-08T02:18:08.198500Z,22,s,0.952,0.008166
1049,2018-11-08T02:18:08.206000Z,21,s,0.942,0.005346
1050,2018-11-08T02:18:08.214500Z,20,s,0.893,0.008921
1051,2018-11-08T02:18:08.222500Z,19,s,0.889,0.003299
1052,2018-11-08T02:18:08.233000Z,18,s,0.834,0.003127
1053,2018-11-08T02:18:08.239000Z,17,s,0.78,0.002504
1054,2018-11-08T02:18:08.252000Z,16,s,0.779,0.002567
1055,2018-11-08T02:18:08.261500Z,15,s,0.767,0.002568
1056,2018-11-08T02:18:08.264500Z,14,s,0.813,0.002568
1057,2018-11-08T02:18:08.278000Z,13,s,0.76,0.003114
1058,2018-11-08T02:18:08.284500Z,12,s,0.617,0.001771
1059,2018-11-08T02:18:08.301500Z,11,s,0.314,0.00176
1060,2018-11-08T02:18:08.316000Z,10,s,0.519,0.00201
1061,2018-11-08T02:18:08.321000Z,8,s,0.788,0.002483
1062,2018-11-08T02:18:08.325500Z,7,s,0.399,0.002314
1063,2018-11-08T02:18:08.338000Z,6,s,0.577,0.00194
1064,2018-11-08T02:18:08.347000Z,5,s,0.649,0.002076
1065,2018-11-08T02:18:08.352500Z,4,s,0.661,0.002804
1066,2018-11-08T02:18:08.367000Z,3,s,0.666,0.00188
1067,2018-11-08T02:18:08.378500Z,2,s,0.843,0.001793
1068,2018-11-08T02:18:43.257000Z,20,s,0.767,0.003455
1069,2018-11-08T02:19:09.062500Z,16,s,0.649,0.001627
1070,2018-11-08T02:19:16.232500Z,11,s,0.748,0.004151
1071,2018-11-08T02:19:46.880000Z,22,s,0.833,0.003469
1072,2018-11-08T02:19:47.554500Z,20,s,0.306,0.00185
1073,2018-11-08T02:21:46.061500Z,20,p,0.398,0.001947
1074,2018-11-08T02:21:46.244000Z,20,s,0.847,0.001947
1075,2018-11-08T02:21:53.803500Z,18,s,0.707,0.003533
1076,2018-11-08T02:22:13.878000Z,6,s,0.902,0.003198
1077,2018-11-08T02:23:32.888500Z,20,p,0.414,0.002271
1078,2018-11-08T02:23:33.115000Z,20,s,0.733,0.002271
1079,2018-11-08T02:23:50.285500Z,23,s,0.525,0.002908
1080,2018-11-08T02:24:41.360500Z,5,p,0.471,0.002871
1081,2018-11-08T02:24:41.430000Z,5,s,0.312,0.002871
1082,2018-11-08T02:25:42.192000Z,20,p,0.844,0.002199
1083,2018-11-08T02:25:42.386500Z,20,s,0.63,0.002199
1084,2018-11-08T02:25:57.398500Z,23,s,0.384,0.002613
1085,2018-11-08T02:26:43.154500Z,22,s,0.645,0.001954
1086,2018-11-08T02:26:44.096500Z,11,s,0.696,0.003662
1087,2018-11-08T02:27:09.199500Z,20,p,0.414,0.002491
1088,2018-11-08T02:27:09.244500Z,19,p,0.544,0.001936
1089,2018-11-08T02:27:09.283500Z,24,s,0.852,0.005486
1090,2018-11-08T02:27:09.289500Z,23,s,0.668,0.004472
1091,2018-11-08T02:27:09.297000Z,22,s,0.782,0.003603
1092,2018-11-08T02:27:09.306000Z,21,s,0.365,0.004786
1093,2018-11-08T02:27:09.314000Z,20,s,0.822,0.002491
1094,2018-11-08T02:27:09.320500Z,19,s,0.708,0.001936
1095,2018-11-08T02:27:09.337500Z,17,s,0.48,0.001769
1096,2018-11-08T02:27:22.733500Z,20,p,0.309,0.001721
1097,2018-11-08T02:27:23.110500Z,20,s,0.531,0.001721
1098,2018-11-08T02:27:39.830500Z,17,p,0.431,0.003837
1099,2018-11-08T02:27:39.940000Z,17,s,0.746,0.003837
1100,2018-11-08T02:27:51.841000Z,14,p,0.378,0.004551
1101,2018-11-08T02:27:54.116000Z,16,s,0.634,0.001555
1102,2018-11-08T02:28:02.213000Z,3,s,0.771,0.003752
1103,2018-11-08T02:28:07.500500Z,19,p,0.333,0.003673
1104,2018-11-08T02:28:07.621500Z,19,s,0.695,0.003673
1105,2018-11-08T02:28:46.067500Z,20,p,0.868,0.001949
1106,2018-11-08T02:28:46.276500Z,20,s,0.43,0.001949
1107,2018-11-08T02:30:23.632500Z,5,p,0.625,0.002133
1108,2018-11-08T02:30:23.741500Z,5,s,0.842,0.002133
1109,2018-11-08T02:30:29.077500Z,20,s,0.312,0.00197
1110,2018-11-08T02:31:22.173000Z,10,p,0.489,0.01263
1111,2018-11-08T02:31:22.174500Z,11,p,0.789,0.0208
1112,2018-11-08T02:31:22.176500Z,10,s,0.48,0.01263
1113,2018-11-08T02:31:22.178000Z,11,s,0.304,0.0208
1114,2018-11-08T02:31:23.859500Z,24,p,0.758,0.004679
1115,2018-11-08T02:31:23.964000Z,24,s,0.883,0.004679
1116,2018-11-08T02:31:35.562500Z,18,s,0.409,0.009195
1117,2018-11-08T02:31:43.101500Z,16,s,0.324,0.001561
1118,2018-11-08T02:31:48.351500Z,19,s,0.324,0.001444
1119,2018-11-08T02:31:51.921500Z,10,s,0.319,0.001937
1120,2018-11-08T02:32:03.160500Z,23,s,0.395,0.003824
1121,2018-11-08T02:32:04.463500Z,20,p,0.686,0.001563
1122,2018-11-08T02:32:04.678500Z,20,s,0.586,0.001563
1123,2018-11-08T02:32:39.821500Z,22,s,0.544,0.003216
1124,2018-11-08T02:32:49.796000Z,20,s,0.879,0.002831
1125,2018-11-08T02:33:32.968500Z,5,s,0.674,0.002509
1126,2018-11-08T02:33:38.604500Z,24,p,0.422,0.00181
1127,2018-11-08T02:33:38.638000Z,24,p,0.501,0.004275
1128,2018-11-08T02:33:38.649000Z,22,p,0.957,0.1046
1129,2018-11-08T02:33:38.651000Z,21,p,0.98,0.08606
1130,2018-11-08T02:33:38.660000Z,20,p,0.921,0.01022
1131,2018-11-08T02:33:38.662000Z,23,p,0.882,0.006869
1132,2018-11-08T02:33:38.673000Z,22,s,0.868,0.1046
1133,2018-11-08T02:33:38.673500Z,21,s,0.944,0.08606
1134,2018-11-08T02:33:38.682000Z,23,s,0.543,0.006869
1135,2018-11-08T02:33:38.684000Z,20,s,0.645,0.01022
1136,2018-11-08T02:33:38.715000Z,24,s,0.701,0.004275
1137,2018-11-08T02:33:58.884000Z,20,p,0.6,0.001787
1138,2018-11-08T02:33:59.076000Z,20,s,0.594,0.001787
1139,2018-11-08T02:34:17.376500Z,22,s,0.455,0.001934
1140,2018-11-08T02:34:33.054000Z,11,p,0.644,0.003329
1141,2018-11-08T02:34:33.166500Z,11,s,0.648,0.003329
1142,2018-11-08T02:34:53.076000Z,1,s,0.749,0.002627
1143,2018-11-08T02:35:03.292500Z,3,s,0.328,0.002464
1144,2018-11-08T02:35:45.166500Z,20,p,0.444,0.00195
1145,2018-11-08T02:35:45.402500Z,20,s,0.641,0.00188
1146,2018-11-08T02:35:45.952500Z,22,s,0.366,0.002659
1147,2018-11-08T02:35:51.346000Z,11,p,0.386,0.001775
1148,2018-11-08T02:36:11.720500Z,11,s,0.408,0.002685
1149,2018-11-08T02:36:36.936000Z,22,p,0.473,0.003742
1150,2018-11-08T02:36:36.989500Z,22,p,0.829,0.01947
1151,2018-11-08T02:36:36.992500Z,21,p,0.718,0.01546
1152,2018-11-08T02:36:37.116000Z,22,s,0.809,0.01947
1153,2018-11-08T02:36:37.117500Z,21,s,0.762,0.01546
1154,2018-11-08T02:36:44.436000Z,5,p,0.412,0.002589
1155,2018-11-08T02:36:44.579000Z,5,s,0.805,0.002589
1156,2018-11-08T02:37:07.081500Z,22,s,0.314,0.002007
1157,2018-11-08T02:37:54.930500Z,20,s,0.616,0.002121
1158,2018-11-08T02:37:56.008500Z,4,s,0.543,0.006351
1159,2018-11-08T02:38:04.324000Z,24,s,0.645,0.006607
1160,2018-11-08T02:38:29.483500Z,2,s,0.319,0.008361
1161,2018-11-08T02:38:29.506000Z,3,s,0.419,0.007487
1162,2018-11-08T02:38:29.570000Z,6,p,0.317,0.005031
1163,2018-11-08T02:38:42.068000Z,1,p,0.309,0.008242
1164,2018-11-08T02:39:17.046500Z,20,s,0.649,0.00269
1165,2018-11-08T02:40:17.226500Z,19,s,0.523,0.00204
1166,2018-11-08T02:40:52.299500Z,20,p,0.458,0.003185
1167,2018-11-08T02:40:52.428500Z,20,s,0.47,0.003185
1168,2018-11-08T02:40:53.868000Z,20,s,0.588,0.001943
1169,2018-11-08T02:40:59.320000Z,22,p,0.461,0.002245
1170,2018-11-08T02:40:59.464500Z,22,s,0.483,0.002245
1171,2018-11-08T02:41:27.952500Z,23,s,0.715,0.003273
1172,2018-11-08T02:41:44.630500Z,23,s,0.519,0.0024
1173,2018-11-08T02:41:45.060500Z,17,p,0.384,0.001418
1174,2018-11-08T02:41:45.092500Z,17,p,0.532,0.01101
1175,2018-11-08T02:41:45.170000Z,17,s,0.844,0.01101
1176,2018-11-08T02:42:09.728500Z,11,s,0.524,0.00373
1177,2018-11-08T02:42:48.581500Z,18,s,0.456,0.0026
1178,2018-11-08T02:43:08.720000Z,19,p,0.368,0.005831
1179,2018-11-08T02:43:55.378000Z,20,p,0.601,0.00168
1180,2018-11-08T02:43:55.645000Z,20,s,0.537,0.00168
1181,2018-11-08T02:44:31.236000Z,20,p,0.306,0.002318
1182,2018-11-08T02:44:54.137500Z,24,p,0.984,0.02461
1183,2018-11-08T02:44:54.143000Z,23,p,0.972,0.02031
1184,2018-11-08T02:44:54.149500Z,22,p,0.983,0.04592
1185,2018-11-08T02:44:54.155000Z,21,p,0.981,0.02963
1186,2018-11-08T02:44:54.161000Z,20,p,0.977,0.02488
1187,2018-11-08T02:44:54.167000Z,19,p,0.977,0.01073
1188,2018-11-08T02:44:54.173500Z,18,p,0.978,0.0073
1189,2018-11-08T02:44:54.179500Z,17,p,0.98,0.01975
1190,2018-11-08T02:44:54.185500Z,16,p,0.972,0.01418
1191,2018-11-08T02:44:54.191000Z,15,p,0.974,0.007411
1192,2018-11-08T02:44:54.192500Z,24,s,0.935,0.02461
1193,2018-11-08T02:44:54.197000Z,14,p,0.977,0.006266
1194,2018-11-08T02:44:54.203500Z,13,p,0.98,0.008358
1195,2018-11-08T02:44:54.204500Z,23,s,0.93,0.02031
1196,2018-11-08T02:44:54.210000Z,12,p,0.974,0.00484
1197,2018-11-08T02:44:54.214500Z,22,s,0.939,0.04592
1198,2018-11-08T02:44:54.215000Z,11,p,0.974,0.003732
1199,2018-11-08T02:44:54.219500Z,10,p,0.949,0.003969
1200,2018-11-08T02:44:54.222500Z,21,s,0.955,0.02963
1201,2018-11-08T02:44:54.226000Z,9,p,0.954,0.004099
1202,2018-11-08T02:44:54.232000Z,8,p,0.973,0.003336
1203,2018-11-08T02:44:54.232500Z,20,s,0.949,0.02488
1204,2018-11-08T02:44:54.238000Z,7,p,0.909,0.00316
1205,2018-11-08T02:44:54.242500Z,19,s,0.879,0.01073
1206,2018-11-08T02:44:54.243500Z,6,p,0.936,0.002188
1207,2018-11-08T02:44:54.249500Z,5,p,0.955,0.003028
1208,2018-11-08T02:44:54.252000Z,18,s,0.756,0.0073
1209,2018-11-08T02:44:54.253500Z,4,p,0.902,0.001869
1210,2018-11-08T02:44:54.261500Z,3,p,0.936,0.001934
1211,2018-11-08T02:44:54.264500Z,17,s,0.935,0.01975
1212,2018-11-08T02:44:54.267000Z,2,p,0.874,0.002415
1213,2018-11-08T02:44:54.273000Z,1,p,0.879,0.001976
1214,2018-11-08T02:44:54.275000Z,16,s,0.813,0.01418
1215,2018-11-08T02:44:54.284500Z,15,s,0.937,0.007411
1216,2018-11-08T02:44:54.293000Z,14,s,0.836,0.006266
1217,2018-11-08T02:44:54.304500Z,13,s,0.91,0.008358
1218,2018-11-08T02:44:54.313000Z,12,s,0.84,0.004365
1219,2018-11-08T02:44:54.322500Z,11,s,0.793,0.003092
1220,2018-11-08T02:44:54.330500Z,10,s,0.88,0.002299
1221,2018-11-08T02:44:54.341000Z,9,s,0.848,0.004099
1222,2018-11-08T02:44:54.356500Z,8,s,0.547,0.003231
1223,2018-11-08T02:44:54.361000Z,7,s,0.794,0.002038
1224,2018-11-08T02:44:54.376000Z,6,s,0.612,0.002188
1225,2018-11-08T02:44:54.377000Z,5,s,0.566,0.001734
1226,2018-11-08T02:44:54.396000Z,4,s,0.634,0.001869
1227,2018-11-08T02:44:54.398500Z,3,s,0.662,0.001888
1228,2018-11-08T02:44:54.418500Z,2,s,0.644,0.001761
1229,2018-11-08T02:44:54.431500Z,1,s,0.728,0.001526
1230,2018-11-08T02:44:55.885000Z,24,p,0.967,0.005834
1231,2018-11-08T02:44:55.889500Z,23,p,0.918,0.004196
1232,2018-11-08T02:44:55.897500Z,22,p,0.948,0.01013
1233,2018-11-08T02:44:55.903000Z,21,p,0.944,0.006363
1234,2018-11-08T02:44:55.908500Z,20,p,0.499,0.005956
1235,2018-11-08T02:44:55.916000Z,19,p,0.481,0.003203
1236,2018-11-08T02:44:55.926500Z,17,p,0.833,0.00446
1237,2018-11-08T02:44:55.929500Z,16,p,0.302,0.003244
1238,2018-11-08T02:44:55.939000Z,24,s,0.861,0.005834
1239,2018-11-08T02:44:55.951000Z,13,p,0.662,0.002369
1240,2018-11-08T02:44:55.952000Z,23,s,0.876,0.004196
1241,2018-11-08T02:44:55.961000Z,22,s,0.866,0.01013
1242,2018-11-08T02:44:55.971500Z,21,s,0.909,0.006363
1243,2018-11-08T02:44:55.980500Z,20,s,0.496,0.005956
1244,2018-11-08T02:44:55.990500Z,19,s,0.546,0.003203
1245,2018-11-08T02:44:56.012000Z,17,s,0.77,0.00446
1246,2018-11-08T02:44:56.017500Z,16,s,0.505,0.003244
1247,2018-11-08T02:44:56.031500Z,15,s,0.418,0.002048
1248,2018-11-08T02:44:56.051000Z,13,s,0.736,0.002369
1249,2018-11-08T02:45:00.284500Z,24,s,0.747,0.00588
1250,2018-11-08T02:45:08.112500Z,24,s,0.731,0.02031
1251,2018-11-08T02:45:25.213500Z,22,s,0.451,0.003112
1252,2018-11-08T02:45:34.014500Z,22,p,0.436,0.003012
1253,2018-11-08T02:45:34.128500Z,22,s,0.759,0.003012
1254,2018-11-08T02:45:58.542500Z,22,p,0.681,0.01037
1255,2018-11-08T02:45:58.547500Z,21,p,0.68,0.0167
1256,2018-11-08T02:45:58.569000Z,22,s,0.937,0.01037
1257,2018-11-08T02:45:58.576500Z,21,s,0.745,0.0167
1258,2018-11-08T02:46:06.549500Z,18,p,0.422,0.004045
1259,2018-11-08T02:46:31.943500Z,12,s,0.693,0.01548
1260,2018-11-08T02:46:31.946000Z,13,s,0.484,0.004043
1261,2018-11-08T02:46:56.785000Z,20,s,0.835,0.00325
1262,2018-11-08T02:47:03.880500Z,23,s,0.689,0.002816
1263,2018-11-08T02:47:59.255500Z,20,p,0.358,0.008982
1264,2018-11-08T02:47:59.314000Z,20,s,0.908,0.008982
1265,2018-11-08T02:48:04.352500Z,22,s,0.48,0.002546
1266,2018-11-08T02:49:42.348000Z,22,p,0.657,0.002299
1267,2018-11-08T02:49:42.469000Z,22,s,0.742,0.002299
1268,2018-11-08T02:50:04.912500Z,11,p,0.412,0.003711
1269,2018-11-08T02:50:05.017500Z,11,s,0.716,0.003711
1270,2018-11-08T02:50:19.542500Z,5,p,0.383,0.002536
1271,2018-11-08T02:50:19.664000Z,5,s,0.782,0.002536
1272,2018-11-08T02:50:23.144500Z,1,s,0.381,0.002805
1273,2018-11-08T02:51:05.456000Z,24,p,0.971,0.03285
1274,2018-11-08T02:51:05.462000Z,23,p,0.979,0.04952
1275,2018-11-08T02:51:05.466000Z,19,p,0.684,0.007448
1276,2018-11-08T02:51:05.468000Z,22,p,0.926,0.02665
1277,2018-11-08T02:51:05.473500Z,21,p,0.956,0.01747
1278,2018-11-08T02:51:05.479000Z,20,p,0.961,0.01023
1279,2018-11-08T02:51:05.486500Z,15,p,0.533,0.004113
1280,2018-11-08T02:51:05.487500Z,18,p,0.636,0.008841
1281,2018-11-08T02:51:05.499000Z,24,s,0.962,0.03285
1282,2018-11-08T02:51:05.505500Z,16,p,0.84,0.006783
1283,2018-11-08T02:51:05.507500Z,17,p,0.689,0.007466
1284,2018-11-08T02:51:05.509500Z,23,s,0.968,0.04952
1285,2018-11-08T02:51:05.512500Z,14,p,0.505,0.004656
1286,2018-11-08T02:51:05.518000Z,22,s,0.958,0.02665
1287,2018-11-08T02:51:05.518000Z,13,p,0.791,0.003887
1288,2018-11-08T02:51:05.518500Z,12,p,0.744,0.00611
1289,2018-11-08T02:51:05.527500Z,21,s,0.965,0.01747
1290,2018-11-08T02:51:05.538000Z,20,s,0.937,0.01023
1291,2018-11-08T02:51:05.547000Z,19,s,0.949,0.007448
1292,2018-11-08T02:51:05.552000Z,11,p,0.604,0.003668
1293,2018-11-08T02:51:05.556500Z,18,s,0.839,0.008841
1294,2018-11-08T02:51:05.559500Z,8,p,0.367,0.002839
1295,2018-11-08T02:51:05.565500Z,4,p,0.62,0.002609
1296,2018-11-08T02:51:05.566500Z,17,s,0.861,0.007466
1297,2018-11-08T02:51:05.579000Z,16,s,0.905,0.006783
1298,2018-11-08T02:51:05.583500Z,5,p,0.344,0.002149
1299,2018-11-08T02:51:05.586500Z,15,s,0.887,0.004113
1300,2018-11-08T02:51:05.591500Z,3,p,0.691,0.002672
1301,2018-11-08T02:51:05.598000Z,14,s,0.844,0.004656
1302,2018-11-08T02:51:05.607500Z,2,p,0.579,0.002464
1303,2018-11-08T02:51:05.608000Z,13,s,0.845,0.003887
1304,2018-11-08T02:51:05.618000Z,12,s,0.875,0.00611
1305,2018-11-08T02:51:05.621500Z,1,p,0.509,0.001888
1306,2018-11-08T02:51:05.628500Z,11,s,0.91,0.003668
1307,2018-11-08T02:51:05.638500Z,10,s,0.838,0.003734
1308,2018-11-08T02:51:05.649000Z,9,s,0.847,0.004173
1309,2018-11-08T02:51:05.660000Z,8,s,0.838,0.002839
1310,2018-11-08T02:51:05.668000Z,7,s,0.603,0.003196
1311,2018-11-08T02:51:05.677000Z,6,s,0.792,0.001965
1312,2018-11-08T02:51:05.688000Z,5,s,0.8,0.002149
1313,2018-11-08T02:51:05.696500Z,4,s,0.872,0.002609
1314,2018-11-08T02:51:05.708000Z,3,s,0.885,0.002672
1315,2018-11-08T02:51:05.716000Z,2,s,0.726,0.002464
1316,2018-11-08T02:51:05.724000Z,1,s,0.775,0.001888
1317,2018-11-08T02:51:22.600500Z,16,s,0.386,0.001768
1318,2018-11-08T02:51:37.388000Z,24,s,0.464,0.005202
1319,2018-11-08T02:51:46.484000Z,23,p,0.411,0.003498
1320,2018-11-08T02:51:47.577000Z,20,s,0.837,0.002335
1321,2018-11-08T02:52:14.464500Z,22,s,0.59,0.002847
1322,2018-11-08T02:53:08.289500Z,20,s,0.359,0.002019
1323,2018-11-08T02:53:08.564500Z,12,s,0.399,0.00809
1324,2018-11-08T02:55:02.170500Z,20,s,0.422,0.003259
1325,2018-11-08T02:56:16.176000Z,20,s,0.626,0.002086
1326,2018-11-08T02:57:35.584500Z,5,s,0.653,0.003127
1327,2018-11-08T02:57:36.793500Z,24,p,0.978,0.04076
1328,2018-11-08T02:57:36.798500Z,23,p,0.979,0.03803
1329,2018-11-08T02:57:36.803500Z,22,p,0.976,0.02613
1330,2018-11-08T02:57:36.809500Z,21,p,0.965,0.01486
1331,2018-11-08T02:57:36.814500Z,20,p,0.969,0.02171
1332,2018-11-08T02:57:36.820000Z,19,p,0.973,0.01038
1333,2018-11-08T02:57:36.825000Z,18,p,0.972,0.011
1334,2018-11-08T02:57:36.830000Z,17,p,0.97,0.008397
1335,2018-11-08T02:57:36.837000Z,16,p,0.959,0.006854
1336,2018-11-08T02:57:36.841000Z,15,p,0.929,0.006853
1337,2018-11-08T02:57:36.846000Z,14,p,0.968,0.008293
1338,2018-11-08T02:57:36.853500Z,13,p,0.98,0.005223
1339,2018-11-08T02:57:36.858000Z,12,p,0.941,0.004552
1340,2018-11-08T02:57:36.861500Z,11,p,0.858,0.003524
1341,2018-11-08T02:57:36.868000Z,10,p,0.782,0.003138
1342,2018-11-08T02:57:36.870500Z,24,s,0.962,0.04076
1343,2018-11-08T02:57:36.879000Z,23,s,0.963,0.03803
1344,2018-11-08T02:57:36.881500Z,8,p,0.918,0.003267
1345,2018-11-08T02:57:36.886500Z,7,p,0.924,0.003053
1346,2018-11-08T02:57:36.887000Z,22,s,0.958,0.02613
1347,2018-11-08T02:57:36.893500Z,6,p,0.875,0.002425
1348,2018-11-08T02:57:36.895500Z,21,s,0.965,0.01486
1349,2018-11-08T02:57:36.896000Z,5,p,0.923,0.002733
1350,2018-11-08T02:57:36.902000Z,4,p,0.963,0.002253
1351,2018-11-08T02:57:36.905000Z,20,s,0.942,0.02171
1352,2018-11-08T02:57:36.908000Z,3,p,0.862,0.002732
1353,2018-11-08T02:57:36.913000Z,19,s,0.963,0.01038
1354,2018-11-08T02:57:36.914500Z,2,p,0.927,0.002218
1355,2018-11-08T02:57:36.918500Z,1,p,0.66,0.002311
1356,2018-11-08T02:57:36.923000Z,18,s,0.93,0.011
1357,2018-11-08T02:57:36.930500Z,17,s,0.929,0.008397
1358,2018-11-08T02:57:36.942500Z,16,s,0.869,0.006854
1359,2018-11-08T02:57:36.950500Z,15,s,0.877,0.006853
1360,2018-11-08T02:57:36.962500Z,14,s,0.924,0.008293
1361,2018-11-08T02:57:36.971000Z,13,s,0.866,0.005223
1362,2018-11-08T02:57:36.980000Z,12,s,0.886,0.004552
1363,2018-11-08T02:57:36.990500Z,11,s,0.754,0.003524
1364,2018-11-08T02:57:37.000500Z,10,s,0.829,0.003138
1365,2018-11-08T02:57:37.006500Z,9,s,0.576,0.002858
1366,2018-11-08T02:57:37.017000Z,8,s,0.878,0.003267
1367,2018-11-08T02:57:37.025000Z,7,s,0.878,0.003053
1368,2018-11-08T02:57:37.035000Z,6,s,0.816,0.002425
1369,2018-11-08T02:57:37.043000Z,5,s,0.803,0.002733
1370,2018-11-08T02:57:37.052500Z,4,s,0.823,0.002253
1371,2018-11-08T02:57:37.064500Z,3,s,0.912,0.002732
1372,2018-11-08T02:57:37.069000Z,2,s,0.804,0.002218
1373,2018-11-08T02:57:37.081000Z,1,s,0.86,0.002311
1374,2018-11-08T02:57:42.686500Z,11,p,0.508,0.003535
1375,2018-11-08T02:57:42.781000Z,11,s,0.901,0.003535
1376,2018-11-08T02:57:43.974500Z,24,p,0.553,0.005786
1377,2018-11-08T02:57:44.075000Z,24,s,0.835,0.005786
1378,2018-11-08T02:58:02.940500Z,20,p,0.491,0.002423
1379,2018-11-08T02:58:03.155500Z,20,s,0.388,0.002423
1380,2018-11-08T02:58:21.884000Z,18,s,0.835,0.003318
1381,2018-11-08T02:58:22.227500Z,21,p,0.964,0.03992
1382,2018-11-08T02:58:22.228000Z,22,p,0.985,0.03833
1383,2018-11-08T02:58:22.255500Z,22,s,0.692,0.03833
1384,2018-11-08T02:58:22.256500Z,21,s,0.666,0.03992
1385,2018-11-08T02:58:22.290500Z,21,s,0.314,0.03131
1386,2018-11-08T02:58:45.195500Z,22,s,0.397,0.003554
1387,2018-11-08T02:58:48.622000Z,24,p,0.804,0.006117
1388,2018-11-08T02:58:48.634000Z,23,p,0.429,0.004611
1389,2018-11-08T02:58:48.697000Z,24,s,0.929,0.006117
1390,2018-11-08T02:58:48.706000Z,23,s,0.902,0.004611
1391,2018-11-08T02:58:48.713500Z,22,s,0.541,0.003592
1392,2018-11-08T02:58:48.731000Z,20,s,0.765,0.002885
1393,2018-11-08T02:58:48.741500Z,19,s,0.366,0.001671
1394,2018-11-08T02:59:04.635000Z,11,s,0.502,0.0162
1395,2018-11-08T02:59:04.637500Z,11,p,0.427,0.0162
1396,2018-11-08T02:59:04.638000Z,10,p,0.738,0.008242
1397,2018-11-08T02:59:45.030500Z,20,s,0.639,0.001801
1398,2018-11-08T02:59:59.956500Z,7,p,0.328,0.001566
1399,2018-11-08T03:01:08.011000Z,20,s,0.84,0.003356
1400,2018-11-08T03:01:30.644000Z,20,p,0.726,0.00194
1401,2018-11-08T03:01:30.911000Z,20,s,0.557,0.00194
1402,2018-11-08T03:02:24.708000Z,3,s,0.5,0.004242
1403,2018-11-08T03:03:09.750500Z,6,s,0.367,0.002051
1404,2018-11-08T03:03:27.140500Z,5,p,0.313,0.002566
1405,2018-11-08T03:03:27.272000Z,5,s,0.628,0.002566
1406,2018-11-08T03:03:39.178000Z,20,p,0.304,0.00243
1407,2018-11-08T03:03:39.361000Z,20,s,0.713,0.00243
1408,2018-11-08T03:04:44.037500Z,24,s,0.507,0.006494
1409,2018-11-08T03:04:48.111500Z,24,p,0.708,0.006776
1410,2018-11-08T03:04:48.114000Z,23,p,0.64,0.005347
1411,2018-11-08T03:04:48.163500Z,24,s,0.939,0.006776
1412,2018-11-08T03:04:48.171500Z,23,s,0.935,0.005347
1413,2018-11-08T03:04:48.186000Z,21,s,0.331,0.001898
1414,2018-11-08T03:04:48.194500Z,20,s,0.37,0.00199
1415,2018-11-08T03:04:50.269500Z,22,p,0.492,0.002621
1416,2018-11-08T03:04:50.279500Z,24,p,0.833,0.008416
1417,2018-11-08T03:04:50.285000Z,23,p,0.891,0.006063
1418,2018-11-08T03:04:50.295500Z,21,p,0.479,0.002887
1419,2018-11-08T03:04:50.300000Z,20,p,0.451,0.002375
1420,2018-11-08T03:04:50.333500Z,24,s,0.958,0.008416
1421,2018-11-08T03:04:50.342000Z,23,s,0.952,0.006063
1422,2018-11-08T03:04:50.349500Z,22,s,0.915,0.002621
1423,2018-11-08T03:04:50.357500Z,21,s,0.788,0.002827
1424,2018-11-08T03:04:50.364500Z,20,s,0.76,0.002375
1425,2018-11-08T03:05:09.580000Z,19,s,0.597,0.004695
1426,2018-11-08T03:05:35.300500Z,11,p,0.319,0.004464
1427,2018-11-08T03:05:35.390000Z,11,s,0.824,0.004464
1428,2018-11-08T03:05:40.334500Z,20,s,0.702,0.002226
1429,2018-11-08T03:07:28.683000Z,20,p,0.658,0.001714
1430,2018-11-08T03:07:28.834500Z,20,s,0.666,0.001714
1431,2018-11-08T03:07:29.720500Z,23,s,0.343,0.002034
1432,2018-11-08T03:09:02.391500Z,20,p,0.364,0.003273
1433,2018-11-08T03:09:02.514500Z,20,s,0.506,0.003273
1434,2018-11-08T03:09:18.882500Z,20,s,0.407,0.002193
1435,2018-11-08T03:09:45.668000Z,5,s,0.563,0.002362
1436,2018-11-08T03:10:16.741500Z,23,s,0.645,0.002863
1437,2018-11-08T03:10:42.720500Z,11,s,0.368,0.00187
1438,2018-11-08T03:10:50.145000Z,11,s,0.785,0.002649
1439,2018-11-08T03:11:22.495500Z,11,s,0.512,0.001771
1440,2018-11-08T03:11:27.653500Z,22,s,0.597,0.00328
1441,2018-11-08T03:11:48.597500Z,24,s,0.838,0.005268
1442,2018-11-08T03:12:03.048500Z,18,s,0.354,0.002995
1443,2018-11-08T03:12:15.541500Z,11,s,0.489,0.002002
1444,2018-11-08T03:12:22.737500Z,11,p,0.399,0.002465
1445,2018-11-08T03:12:22.868000Z,11,s,0.851,0.002465
1446,2018-11-08T03:12:26.705000Z,4,p,0.645,0.005865
1447,2018-11-08T03:12:26.708000Z,4,s,0.315,0.005865
1448,2018-11-08T03:12:35.801500Z,24,p,0.987,0.07086
1449,2018-11-08T03:12:35.807500Z,23,p,0.981,0.09051
1450,2018-11-08T03:12:35.813000Z,22,p,0.981,0.05818
1451,2018-11-08T03:12:35.818000Z,21,p,0.979,0.0451
1452,2018-11-08T03:12:35.823500Z,20,p,0.979,0.02147
1453,2018-11-08T03:12:35.829500Z,19,p,0.985,0.01869
1454,2018-11-08T03:12:35.835500Z,18,p,0.985,0.02487
1455,2018-11-08T03:12:35.841500Z,17,p,0.981,0.0239
1456,2018-11-08T03:12:35.846000Z,16,p,0.977,0.02472
1457,2018-11-08T03:12:35.849500Z,24,s,0.918,0.04263
1458,2018-11-08T03:12:35.852500Z,15,p,0.98,0.01032
1459,2018-11-08T03:12:35.859000Z,14,p,0.978,0.009387
1460,2018-11-08T03:12:35.860000Z,23,s,0.965,0.06103
1461,2018-11-08T03:12:35.865500Z,13,p,0.985,0.01316
1462,2018-11-08T03:12:35.869000Z,22,s,0.959,0.03072
1463,2018-11-08T03:12:35.871500Z,12,p,0.984,0.01415
1464,2018-11-08T03:12:35.876500Z,11,p,0.98,0.009422
1465,2018-11-08T03:12:35.878500Z,21,s,0.959,0.0163
1466,2018-11-08T03:12:35.882500Z,10,p,0.979,0.00618
1467,2018-11-08T03:12:35.887500Z,20,s,0.927,0.01635
1468,2018-11-08T03:12:35.889000Z,9,p,0.976,0.005285
1469,2018-11-08T03:12:35.895500Z,8,p,0.98,0.009833
1470,2018-11-08T03:12:35.896500Z,19,s,0.874,0.01046
1471,2018-11-08T03:12:35.900000Z,7,p,0.977,0.005979
1472,2018-11-08T03:12:35.905500Z,6,p,0.977,0.0054
1473,2018-11-08T03:12:35.907000Z,18,s,0.936,0.01416
1474,2018-11-08T03:12:35.911500Z,5,p,0.971,0.006368
1475,2018-11-08T03:12:35.915000Z,17,s,0.903,0.01251
1476,2018-11-08T03:12:35.917500Z,4,p,0.982,0.005699
1477,2018-11-08T03:12:35.923000Z,3,p,0.968,0.003757
1478,2018-11-08T03:12:35.926500Z,16,s,0.842,0.02472
1479,2018-11-08T03:12:35.929000Z,2,p,0.968,0.00424
1480,2018-11-08T03:12:35.933500Z,1,p,0.952,0.003318
1481,2018-11-08T03:12:35.936500Z,15,s,0.86,0.008033
1482,2018-11-08T03:12:35.947000Z,14,s,0.87,0.006681
1483,2018-11-08T03:12:35.958500Z,13,s,0.858,0.009382
1484,2018-11-08T03:12:35.968500Z,12,s,0.941,0.008085
1485,2018-11-08T03:12:35.977000Z,11,s,0.878,0.007601
1486,2018-11-08T03:12:35.987500Z,10,s,0.939,0.00618
1487,2018-11-08T03:12:35.997500Z,9,s,0.939,0.004581
1488,2018-11-08T03:12:36.008000Z,8,s,0.95,0.003778
1489,2018-11-08T03:12:36.016500Z,7,s,0.944,0.00428
1490,2018-11-08T03:12:36.025000Z,6,s,0.731,0.003326
1491,2018-11-08T03:12:36.036500Z,5,s,0.918,0.003663
1492,2018-11-08T03:12:36.045000Z,4,s,0.939,0.003964
1493,2018-11-08T03:12:36.056000Z,3,s,0.848,0.003757
1494,2018-11-08T03:12:36.066500Z,2,s,0.896,0.00419
1495,2018-11-08T03:12:36.076500Z,1,s,0.857,0.003318
1496,2018-11-08T03:12:36.647500Z,11,p,0.318,0.00222
1497,2018-11-08T03:12:37.073500Z,11,s,0.505,0.00222
1498,2018-11-08T03:12:59.011000Z,21,p,0.866,0.3311
1499,2018-11-08T03:12:59.015000Z,20,p,0.913,0.1362
1500,2018-11-08T03:12:59.021000Z,22,p,0.945,0.03141
1501,2018-11-08T03:12:59.024500Z,19,p,0.95,0.007873
1502,2018-11-08T03:12:59.031000Z,23,p,0.954,0.009471
1503,2018-11-08T03:12:59.037500Z,22,s,0.835,0.03141
1504,2018-11-08T03:12:59.039500Z,20,s,0.304,0.04001
1505,2018-11-08T03:12:59.045500Z,19,s,0.882,0.007873
1506,2018-11-08T03:12:59.057000Z,23,s,0.96,0.009471
1507,2018-11-08T03:12:59.060500Z,18,p,0.527,0.006217
1508,2018-11-08T03:12:59.078500Z,24,s,0.874,0.03103
1509,2018-11-08T03:12:59.165500Z,13,s,0.548,0.003211
1510,2018-11-08T03:12:59.184500Z,12,s,0.347,0.003008
1511,2018-11-08T03:13:00.210000Z,21,p,0.895,0.008369
1512,2018-11-08T03:13:04.000500Z,20,p,0.642,0.01002
1513,2018-11-08T03:13:04.384500Z,21,p,0.689,0.00682
1514,2018-11-08T03:13:04.503500Z,21,s,0.718,0.003096
1515,2018-11-08T03:13:04.735000Z,11,s,0.63,0.001889
1516,2018-11-08T03:13:05.655000Z,21,s,0.557,0.0261
1517,2018-11-08T03:13:05.657500Z,21,p,0.415,0.0261
1518,2018-11-08T03:13:05.659000Z,20,s,0.758,0.00967
1519,2018-11-08T03:13:12.683500Z,21,p,0.978,0.006708
1520,2018-11-08T03:13:12.789500Z,22,p,0.848,0.009041
1521,2018-11-08T03:13:12.816000Z,21,s,0.782,0.006707
1522,2018-11-08T03:13:12.817500Z,22,s,0.928,0.009041
1523,2018-11-08T03:13:15.022000Z,21,p,0.616,0.007769
1524,2018-11-08T03:13:15.045500Z,22,s,0.327,0.004443
1525,2018-11-08T03:13:15.047500Z,21,s,0.565,0.003636
1526,2018-11-08T03:13:29.806500Z,11,p,0.51,0.004224
1527,2018-11-08T03:13:29.924000Z,11,s,0.754,0.004224
1528,2018-11-08T03:13:37.437500Z,11,s,0.494,0.001458
1529,2018-11-08T03:14:00.796000Z,11,s,0.81,0.001957
1530,2018-11-08T03:14:12.807000Z,11,s,0.339,0.00219
1531,2018-11-08T03:14:33.244500Z,11,p,0.315,0.002128
1532,2018-11-08T03:14:33.451500Z,11,s,0.52,0.002128
1533,2018-11-08T03:14:55.083500Z,11,s,0.526,0.001964
1534,2018-11-08T03:15:06.392500Z,11,s,0.746,0.002021
1535,2018-11-08T03:15:11.409000Z,20,s,0.769,0.003112
1536,2018-11-08T03:15:27.152500Z,11,s,0.489,0.00191
1537,2018-11-08T03:15:37.039500Z,11,p,0.333,0.002347
1538,2018-11-08T03:15:37.138000Z,11,s,0.856,0.002347
1539,2018-11-08T03:15:44.772500Z,24,p,0.418,0.007022
1540,2018-11-08T03:15:44.788500Z,22,p,0.362,0.004265
1541,2018-11-08T03:15:44.801500Z,23,p,0.358,0.006284
1542,2018-11-08T03:15:44.820000Z,19,p,0.672,0.002366
1543,2018-11-08T03:15:44.871000Z,24,s,0.949,0.007022
1544,2018-11-08T03:15:44.879000Z,23,s,0.873,0.006284
1545,2018-11-08T03:15:44.887500Z,22,s,0.786,0.004265
1546,2018-11-08T03:15:44.893500Z,21,s,0.484,0.00258
1547,2018-11-08T03:15:44.905500Z,20,s,0.917,0.003071
1548,2018-11-08T03:15:44.912500Z,19,s,0.755,0.002366
1549,2018-11-08T03:15:47.100000Z,21,s,0.822,0.02116
1550,2018-11-08T03:15:47.102500Z,20,p,0.752,0.009501
1551,2018-11-08T03:15:55.272500Z,11,s,0.494,0.002228
1552,2018-11-08T03:16:13.189500Z,1,s,0.397,0.001597
1553,2018-11-08T03:16:23.893500Z,11,s,0.472,0.00244
1554,2018-11-08T03:16:40.020000Z,11,s,0.462,0.001773
1555,2018-11-08T03:17:10.366000Z,11,s,0.375,0.001944
1556,2018-11-08T03:17:30.736500Z,5,s,0.618,0.002643
1557,2018-11-08T03:17:42.369500Z,11,s,0.5,0.001767
1558,2018-11-08T03:17:55.668000Z,11,s,0.673,0.001773
1559,2018-11-08T03:18:21.382500Z,11,p,0.332,0.001839
1560,2018-11-08T03:18:21.549500Z,11,s,0.66,0.001839
1561,2018-11-08T03:18:27.830500Z,20,s,0.528,0.001565
1562,2018-11-08T03:18:31.796000Z,11,p,0.463,0.002084
1563,2018-11-08T03:18:31.911500Z,11,s,0.426,0.002084
1564,2018-11-08T03:19:27.797500Z,11,p,0.39,0.001841
1565,2018-11-08T03:19:27.981500Z,11,s,0.362,0.001841
1566,2018-11-08T03:19:56.432500Z,23,s,0.651,0.00215
1567,2018-11-08T03:19:56.602000Z,11,s,0.705,0.001922
1568,2018-11-08T03:20:31.121000Z,24,p,0.837,0.006744
1569,2018-11-08T03:20:31.127500Z,23,p,0.966,0.009988
1570,2018-11-08T03:20:31.132000Z,22,s,0.851,0.007256
1571,2018-11-08T03:20:31.138000Z,21,s,0.44,0.005909
1572,2018-11-08T03:20:31.141500Z,20,p,0.779,0.002868
1573,2018-11-08T03:20:31.158500Z,17,s,0.305,0.002074
1574,2018-11-08T03:20:31.182000Z,24,s,0.85,0.003023
1575,2018-11-08T03:20:31.190000Z,23,s,0.865,0.002673
1576,2018-11-08T03:20:31.225500Z,20,s,0.413,0.001932
1577,2018-11-08T03:20:31.863500Z,22,p,0.599,0.002189
1578,2018-11-08T03:20:31.998500Z,22,s,0.486,0.002189
1579,2018-11-08T03:20:57.593500Z,11,s,0.379,0.002042
1580,2018-11-08T03:21:30.965000Z,11,p,0.9,0.002353
1581,2018-11-08T03:21:31.240500Z,11,s,0.572,0.002353
1582,2018-11-08T03:21:34.261500Z,1,s,0.339,0.0024
1583,2018-11-08T03:21:38.232000Z,11,s,0.874,0.003372
1584,2018-11-08T03:21:44.378500Z,17,s,0.365,0.04384
1585,2018-11-08T03:21:44.380000Z,17,p,0.7,0.04384
1586,2018-11-08T03:21:51.712500Z,8,s,0.563,0.002355
1587,2018-11-08T03:22:07.111500Z,20,s,0.364,0.001565
1588,2018-11-08T03:22:08.116500Z,22,s,0.585,0.002713
1589,2018-11-08T03:22:49.702000Z,20,s,0.887,0.01447
1590,2018-11-08T03:23:12.901500Z,20,s,0.385,0.003278
1591,2018-11-08T03:24:04.002500Z,20,s,0.434,0.002051
1592,2018-11-08T03:24:30.297500Z,20,s,0.899,0.01053
1593,2018-11-08T03:25:05.837000Z,24,s,0.829,0.00538
1594,2018-11-08T03:25:28.436000Z,20,s,0.627,0.002153
1595,2018-11-08T03:25:29.393500Z,11,s,0.396,0.002105
1596,2018-11-08T03:26:25.821000Z,24,s,0.833,0.002888
1597,2018-11-08T03:26:48.628000Z,2,s,0.357,0.002548
1598,2018-11-08T03:26:59.985500Z,23,s,0.488,0.002878
1599,2018-11-08T03:28:07.226500Z,2,s,0.49,0.002899
1600,2018-11-08T03:28:11.675500Z,23,s,0.394,0.001699
1601,2018-11-08T03:28:15.772000Z,10,p,0.566,0.00297
1602,2018-11-08T03:28:43.813500Z,20,p,0.525,0.001931
1603,2018-11-08T03:28:44.042500Z,20,s,0.727,0.001931
1604,2018-11-08T03:28:59.101500Z,1,s,0.309,0.001652
1605,2018-11-08T03:29:05.556000Z,11,s,0.364,0.004438
1606,2018-11-08T03:29:18.748500Z,16,p,0.364,0.001525
1607,2018-11-08T03:29:18.867500Z,16,s,0.45,0.001415
1608,2018-11-08T03:29:24.165500Z,20,p,0.368,0.003069
1609,2018-11-08T03:29:24.301500Z,20,s,0.835,0.003069
1610,2018-11-08T03:30:34.280500Z,23,s,0.406,0.002882
1611,2018-11-08T03:30:46.020500Z,21,s,0.799,0.01212
1612,2018-11-08T03:32:20.750500Z,19,s,0.584,0.002265
1613,2018-11-08T03:32:41.864500Z,22,s,0.62,0.002302
1614,2018-11-08T03:32:49.212500Z,5,p,0.316,0.003158
1615,2018-11-08T03:32:49.298000Z,5,s,0.755,0.003158
1616,2018-11-08T03:33:09.271500Z,20,p,0.305,0.002256
1617,2018-11-08T03:33:09.433000Z,20,s,0.751,0.002256
1618,2018-11-08T03:33:32.086500Z,23,s,0.488,0.002583
1619,2018-11-08T03:33:38.748500Z,19,p,0.633,0.001718
1620,2018-11-08T03:33:38.891500Z,19,s,0.528,0.001718
1621,2018-11-08T03:33:41.941500Z,22,s,0.518,0.002911
1622,2018-11-08T03:35:12.782000Z,24,s,0.574,0.003253
1623,2018-11-08T03:35:38.024500Z,11,s,0.437,0.002887
1624,2018-11-08T03:35:58.573500Z,11,s,0.843,0.002946
1625,2018-11-08T03:36:20.257500Z,11,p,0.479,0.003067
1626,2018-11-08T03:36:20.416000Z,11,s,0.862,0.003067
1627,2018-11-08T03:36:44.150500Z,20,p,0.52,0.001664
1628,2018-11-08T03:36:44.434500Z,20,s,0.494,0.001664
1629,2018-11-08T03:36:49.105500Z,11,s,0.575,0.004476
1630,2018-11-08T03:37:06.658000Z,11,s,0.749,0.002675
1631,2018-11-08T03:37:16.608500Z,23,s,0.309,0.003372
1632,2018-11-08T03:37:17.708500Z,1,p,0.582,0.002693
1633,2018-11-08T03:37:17.820500Z,1,s,0.881,0.002693
1634,2018-11-08T03:37:21.125500Z,20,p,0.362,0.003932
1635,2018-11-08T03:37:21.333500Z,20,s,0.473,0.003932
1636,2018-11-08T03:37:30.964000Z,11,s,0.811,0.004002
1637,2018-11-08T03:37:54.383500Z,11,p,0.524,0.003244
1638,2018-11-08T03:37:54.498500Z,11,s,0.762,0.003244
1639,2018-11-08T03:38:18.270500Z,11,s,0.719,0.002726
1640,2018-11-08T03:38:30.798000Z,8,s,0.716,0.002721
1641,2018-11-08T03:38:43.396000Z,11,s,0.736,0.002948
1642,2018-11-08T03:39:04.920500Z,11,s,0.675,0.002697
1643,2018-11-08T03:39:05.232500Z,24,s,0.677,0.005953
1644,2018-11-08T03:39:06.148000Z,5,s,0.669,0.002618
1645,2018-11-08T03:39:31.448500Z,11,s,0.87,0.002856
1646,2018-11-08T03:40:00.605000Z,11,s,0.838,0.003255
1647,2018-11-08T03:40:29.711000Z,11,s,0.839,0.003191
1648,2018-11-08T03:40:57.631500Z,11,p,0.571,0.003717
1649,2018-11-08T03:40:57.731000Z,11,s,0.875,0.003717
1650,2018-11-08T03:41:00.432500Z,23,s,0.383,0.002267
1651,2018-11-08T03:41:39.376500Z,1,s,0.657,0.00193
1652,2018-11-08T03:43:17.339500Z,20,p,0.637,0.001687
1653,2018-11-08T03:43:17.566500Z,20,p,0.375,0.002146
1654,2018-11-08T03:43:34.347000Z,20,s,0.764,0.002841
1655,2018-11-08T03:43:34.945500Z,11,p,0.658,0.001798
1656,2018-11-08T03:43:35.087500Z,11,s,0.304,0.001798
1657,2018-11-08T03:44:13.667500Z,11,s,0.8,0.003694
1658,2018-11-08T03:44:21.013500Z,11,p,0.313,0.001845
1659,2018-11-08T03:44:21.112500Z,11,s,0.304,0.001845
1660,2018-11-08T03:44:52.101500Z,24,p,0.983,0.1109
1661,2018-11-08T03:44:52.107500Z,23,p,0.982,0.1474
1662,2018-11-08T03:44:52.113000Z,22,p,0.969,0.07925
1663,2018-11-08T03:44:52.117500Z,21,p,0.983,0.08333
1664,2018-11-08T03:44:52.123000Z,20,p,0.982,0.05549
1665,2018-11-08T03:44:52.127500Z,19,p,0.981,0.04807
1666,2018-11-08T03:44:52.133000Z,18,p,0.978,0.05408
1667,2018-11-08T03:44:52.137500Z,17,p,0.981,0.02839
1668,2018-11-08T03:44:52.143000Z,16,p,0.986,0.02809
1669,2018-11-08T03:44:52.149000Z,15,p,0.978,0.0158
1670,2018-11-08T03:44:52.155000Z,14,p,0.978,0.01777
1671,2018-11-08T03:44:52.161500Z,13,p,0.985,0.02224
1672,2018-11-08T03:44:52.164500Z,24,s,0.957,0.1109
1673,2018-11-08T03:44:52.166000Z,12,p,0.979,0.02209
1674,2018-11-08T03:44:52.171500Z,11,p,0.985,0.01166
1675,2018-11-08T03:44:52.173500Z,23,s,0.971,0.1474
1676,2018-11-08T03:44:52.177500Z,10,p,0.981,0.009026
1677,2018-11-08T03:44:52.181000Z,9,p,0.979,0.005903
1678,2018-11-08T03:44:52.181500Z,22,s,0.971,0.07925
1679,2018-11-08T03:44:52.187000Z,8,p,0.973,0.009137
1680,2018-11-08T03:44:52.189500Z,21,s,0.97,0.08333
1681,2018-11-08T03:44:52.192000Z,7,p,0.96,0.007219
1682,2018-11-08T03:44:52.197500Z,6,p,0.969,0.007158
1683,2018-11-08T03:44:52.198500Z,20,s,0.956,0.05549
1684,2018-11-08T03:44:52.203000Z,5,p,0.972,0.005087
1685,2018-11-08T03:44:52.207500Z,4,p,0.949,0.006787
1686,2018-11-08T03:44:52.207500Z,19,s,0.967,0.04807
1687,2018-11-08T03:44:52.213000Z,3,p,0.974,0.004949
1688,2018-11-08T03:44:52.216500Z,18,s,0.959,0.05408
1689,2018-11-08T03:44:52.219500Z,2,p,0.957,0.004279
1690,2018-11-08T03:44:52.224500Z,17,s,0.944,0.02839
1691,2018-11-08T03:44:52.225000Z,1,p,0.963,0.003868
1692,2018-11-08T03:44:52.234000Z,16,s,0.938,0.02809
1693,2018-11-08T03:44:52.244500Z,15,s,0.931,0.0158
1694,2018-11-08T03:44:52.256500Z,14,s,0.897,0.01777
1695,2018-11-08T03:44:52.265500Z,13,s,0.936,0.02224
1696,2018-11-08T03:44:52.274500Z,12,s,0.936,0.02209
1697,2018-11-08T03:44:52.283000Z,11,s,0.942,0.009564
1698,2018-11-08T03:44:52.292000Z,10,s,0.833,0.007308
1699,2018-11-08T03:44:52.305000Z,9,s,0.758,0.005232
1700,2018-11-08T03:44:52.319000Z,7,s,0.754,0.007219
1701,2018-11-08T03:44:52.320500Z,8,s,0.594,0.009137
1702,2018-11-08T03:44:52.331500Z,6,s,0.844,0.007158
1703,2018-11-08T03:44:52.340500Z,5,s,0.884,0.005087
1704,2018-11-08T03:44:52.349000Z,4,s,0.848,0.006787
1705,2018-11-08T03:44:52.357000Z,3,s,0.805,0.004949
1706,2018-11-08T03:44:52.364500Z,2,s,0.764,0.004279
1707,2018-11-08T03:44:52.372000Z,1,s,0.792,0.003868
1708,2018-11-08T03:44:56.647500Z,18,s,0.352,0.007147
1709,2018-11-08T03:44:59.924000Z,23,s,0.682,0.00265
1710,2018-11-08T03:45:21.835500Z,11,s,0.307,0.001658
1711,2018-11-08T03:45:26.667500Z,11,s,0.476,0.001668
1712,2018-11-08T03:45:36.977500Z,11,s,0.302,0.001804
1713,2018-11-08T03:45:38.284500Z,19,p,0.305,0.003115
1714,2018-11-08T03:45:38.389500Z,19,s,0.356,0.003115
1715,2018-11-08T03:45:41.092000Z,5,s,0.799,0.004742
1716,2018-11-08T03:45:56.817500Z,4,s,0.539,0.005343
1717,2018-11-08T03:46:00.613500Z,24,s,0.626,0.00507
1718,2018-11-08T03:46:38.314000Z,20,p,0.531,0.002156
1719,2018-11-08T03:46:38.450500Z,20,s,0.696,0.002156
1720,2018-11-08T03:46:48.612000Z,3,s,0.56,0.004675
1721,2018-11-08T03:46:58.688000Z,11,p,0.515,0.001982
1722,2018-11-08T03:46:58.812000Z,11,s,0.594,0.001982
1723,2018-11-08T03:47:32.418000Z,12,s,0.822,0.008686
1724,2018-11-08T03:48:21.352500Z,20,s,0.451,0.002639
1725,2018-11-08T03:49:02.750000Z,11,s,0.741,0.002566
1726,2018-11-08T03:49:21.066000Z,11,s,0.636,0.002242
1727,2018-11-08T03:50:04.144500Z,11,s,0.529,0.001618
1728,2018-11-08T03:50:39.094500Z,17,s,0.587,0.00509
1729,2018-11-08T03:50:46.796500Z,14,s,0.542,0.004367
1730,2018-11-08T03:50:59.864500Z,20,p,0.608,0.002394
1731,2018-11-08T03:51:00.017000Z,20,s,0.72,0.002394
1732,2018-11-08T03:51:00.565500Z,11,p,0.33,0.002205
1733,2018-11-08T03:51:29.644000Z,11,s,0.505,0.001725
1734,2018-11-08T03:51:35.840500Z,20,s,0.508,0.00337
1735,2018-11-08T03:51:41.076500Z,11,p,0.342,0.002314
1736,2018-11-08T03:51:41.282500Z,11,s,0.385,0.002314
1737,2018-11-08T03:52:07.211500Z,11,s,0.821,0.003718
1738,2018-11-08T03:52:12.633000Z,24,p,0.605,0.003625
1739,2018-11-08T03:52:12.638000Z,23,p,0.942,0.004768
1740,2018-11-08T03:52:12.692500Z,23,s,0.88,0.004768
1741,2018-11-08T03:52:18.919500Z,6,s,0.309,0.003602
1742,2018-11-08T03:52:31.452500Z,24,s,0.707,0.005338
1743,2018-11-08T03:52:38.111500Z,1,s,0.518,0.002736
1744,2018-11-08T03:52:58.389500Z,20,s,0.311,0.002188
1745,2018-11-08T03:54:23.539500Z,24,s,0.786,0.004445
1746,2018-11-08T03:54:49.390500Z,20,s,0.583,0.001728
1747,2018-11-08T03:56:32.228000Z,20,p,0.46,0.001781
1748,2018-11-08T03:56:32.416000Z,20,s,0.606,0.001781
1749,2018-11-08T03:56:47.350500Z,23,p,0.683,0.002664
1750,2018-11-08T03:56:47.485500Z,23,s,0.81,0.002664
1751,2018-11-08T03:57:23.904000Z,24,p,0.979,3.009
1752,2018-11-08T03:57:23.909500Z,23,p,0.983,4.269
1753,2018-11-08T03:57:23.914000Z,22,p,0.978,2.765
1754,2018-11-08T03:57:23.919500Z,21,p,0.981,2.829
1755,2018-11-08T03:57:23.925500Z,20,p,0.985,1.828
1756,2018-11-08T03:57:23.929500Z,19,p,0.98,2.331
1757,2018-11-08T03:57:23.935500Z,18,p,0.98,1.274
1758,2018-11-08T03:57:23.941000Z,17,p,0.982,1.076
1759,2018-11-08T03:57:23.946000Z,16,p,0.988,1.08
1760,2018-11-08T03:57:23.951500Z,15,p,0.978,0.5551
1761,2018-11-08T03:57:23.957000Z,14,p,0.97,0.5136
1762,2018-11-08T03:57:23.964000Z,13,p,0.959,0.7686
1763,2018-11-08T03:57:23.968500Z,24,s,0.961,2.703
1764,2018-11-08T03:57:23.969500Z,12,p,0.982,0.9138
1765,2018-11-08T03:57:23.973500Z,11,p,0.974,0.3924
1766,2018-11-08T03:57:23.976500Z,23,s,0.963,3.291
1767,2018-11-08T03:57:23.979000Z,10,p,0.978,0.3136
1768,2018-11-08T03:57:23.984000Z,9,p,0.976,0.1719
1769,2018-11-08T03:57:23.985500Z,22,s,0.953,1.365
1770,2018-11-08T03:57:23.989500Z,8,p,0.972,0.2241
1771,2018-11-08T03:57:23.993500Z,21,s,0.965,1.037
1772,2018-11-08T03:57:23.995000Z,7,p,0.984,0.1507
1773,2018-11-08T03:57:24.000000Z,6,p,0.98,0.1238
1774,2018-11-08T03:57:24.002500Z,20,s,0.866,0.7553
1775,2018-11-08T03:57:24.005500Z,5,p,0.973,0.09739
1776,2018-11-08T03:57:24.010500Z,19,s,0.948,0.5505
1777,2018-11-08T03:57:24.011500Z,4,p,0.981,0.144
1778,2018-11-08T03:57:24.016000Z,3,p,0.981,0.1311
1779,2018-11-08T03:57:24.020500Z,18,s,0.855,0.6491
1780,2018-11-08T03:57:24.021500Z,2,p,0.977,0.1495
1781,2018-11-08T03:57:24.026500Z,1,p,0.975,0.1151
1782,2018-11-08T03:57:24.030000Z,17,s,0.963,0.4719
1783,2018-11-08T03:57:24.040500Z,16,s,0.786,0.4398
1784,2018-11-08T03:57:24.052000Z,15,s,0.809,0.2713
1785,2018-11-08T03:57:24.061500Z,14,s,0.687,0.2349
1786,2018-11-08T03:57:24.073000Z,13,s,0.803,0.2468
1787,2018-11-08T03:57:24.083000Z,12,s,0.895,0.1728
1788,2018-11-08T03:57:24.094500Z,11,s,0.85,0.1599
1789,2018-11-08T03:57:24.100000Z,10,s,0.749,0.1489
1790,2018-11-08T03:57:24.117000Z,9,s,0.799,0.113
1791,2018-11-08T03:57:24.124500Z,8,s,0.702,0.14
1792,2018-11-08T03:57:24.133500Z,7,s,0.57,0.1162
1793,2018-11-08T03:57:24.138500Z,6,s,0.722,0.1066
1794,2018-11-08T03:57:24.146000Z,5,s,0.794,0.0814
1795,2018-11-08T03:57:24.168000Z,4,s,0.425,0.144
1796,2018-11-08T03:57:24.174000Z,2,s,0.911,0.1495
1797,2018-11-08T03:57:24.180500Z,3,s,0.626,0.1311
1798,2018-11-08T03:57:24.200500Z,1,s,0.717,0.1151
1799,2018-11-08T03:57:25.711000Z,24,p,0.933,0.004151
1800,2018-11-08T03:57:25.776500Z,24,s,0.759,0.003917
1801,2018-11-08T03:57:27.784500Z,23,s,0.39,0.002411
1802,2018-11-08T03:57:41.548000Z,20,s,0.856,0.003035
1803,2018-11-08T03:58:48.126000Z,20,s,0.65,0.00193
1804,2018-11-08T03:59:12.412000Z,24,s,0.829,0.005456
1805,2018-11-08T03:59:32.597500Z,22,s,0.306,0.002777
1806,2018-11-08T03:59:37.403500Z,23,s,0.613,0.002822
1807,2018-11-08T04:00:07.072500Z,11,p,0.425,0.00288
1808,2018-11-08T04:00:32.188000Z,20,s,0.613,0.002121
1809,2018-11-08T04:00:54.757500Z,5,s,0.718,0.002674
1810,2018-11-08T04:00:58.272500Z,11,p,0.439,0.001836
1811,2018-11-08T04:01:08.830500Z,3,s,0.635,0.003916
1812,2018-11-08T04:01:45.743500Z,17,s,0.438,0.002201
1813,2018-11-08T04:01:45.756000Z,13,s,0.852,0.003835
1814,2018-11-08T04:01:49.229500Z,13,p,0.655,0.004798
1815,2018-11-08T04:01:49.492000Z,16,s,0.426,0.003548
1816,2018-11-08T04:01:49.525000Z,13,s,0.778,0.004798
1817,2018-11-08T04:01:49.545500Z,12,s,0.575,0.004259
1818,2018-11-08T04:01:50.360000Z,16,p,0.726,0.007309
1819,2018-11-08T04:01:50.405500Z,13,p,0.835,0.008706
1820,2018-11-08T04:01:50.421500Z,16,s,0.768,0.007309
1821,2018-11-08T04:01:50.438500Z,17,s,0.605,0.005375
1822,2018-11-08T04:01:50.455500Z,13,s,0.934,0.008706
1823,2018-11-08T04:01:50.465000Z,18,s,0.869,0.003898
1824,2018-11-08T04:01:50.476000Z,12,s,0.772,0.006826
1825,2018-11-08T04:01:50.485500Z,19,s,0.341,0.001941
1826,2018-11-08T04:01:50.498000Z,11,s,0.875,0.003376
1827,2018-11-08T04:01:50.545500Z,22,s,0.32,0.00193
1828,2018-11-08T04:01:50.558500Z,8,s,0.47,0.002826
1829,2018-11-08T04:01:53.988500Z,11,p,0.456,0.002198
1830,2018-11-08T04:01:54.101500Z,13,p,0.921,0.004685
1831,2018-11-08T04:01:54.371000Z,13,s,0.72,0.004685
1832,2018-11-08T04:01:54.501500Z,24,s,0.408,0.002176
1833,2018-11-08T04:02:16.777500Z,16,s,0.333,0.002803
1834,2018-11-08T04:02:16.817000Z,13,p,0.434,0.003768
1835,2018-11-08T04:02:36.622500Z,22,p,0.351,0.002379
1836,2018-11-08T04:02:36.701500Z,22,s,0.338,0.002379
1837,2018-11-08T04:03:37.992000Z,22,p,0.392,0.002071
1838,2018-11-08T04:03:52.300000Z,20,s,0.631,0.001835
1839,2018-11-08T04:05:16.625500Z,20,p,0.378,0.001914
1840,2018-11-08T04:05:16.824000Z,20,s,0.584,0.001914
1841,2018-11-08T04:05:38.963500Z,20,s,0.634,0.003299
1842,2018-11-08T04:05:56.730000Z,1,p,0.953,0.07414
1843,2018-11-08T04:05:56.783500Z,2,s,0.379,0.003576
1844,2018-11-08T04:05:56.799000Z,1,s,0.808,0.06135
1845,2018-11-08T04:05:59.771500Z,2,p,0.736,0.008771
1846,2018-11-08T04:05:59.786000Z,2,s,0.331,0.008771
1847,2018-11-08T04:05:59.804000Z,3,s,0.396,0.007962
1848,2018-11-08T04:05:59.826000Z,4,p,0.317,0.005736
1849,2018-11-08T04:06:10.182000Z,24,p,0.406,0.005085
1850,2018-11-08T04:06:10.337000Z,24,s,0.858,0.005085
1851,2018-11-08T04:06:11.737500Z,24,p,0.985,0.1067
1852,2018-11-08T04:06:11.743500Z,23,p,0.982,0.1369
1853,2018-11-08T04:06:11.749000Z,22,p,0.982,0.08599
1854,2018-11-08T04:06:11.753500Z,21,p,0.975,0.08156
1855,2018-11-08T04:06:11.759500Z,20,p,0.986,0.04331
1856,2018-11-08T04:06:11.765500Z,19,p,0.985,0.04319
1857,2018-11-08T04:06:11.771500Z,18,p,0.987,0.0404
1858,2018-11-08T04:06:11.777500Z,17,p,0.984,0.04377
1859,2018-11-08T04:06:11.781500Z,16,p,0.985,0.03018
1860,2018-11-08T04:06:11.787500Z,15,p,0.979,0.0147
1861,2018-11-08T04:06:11.794000Z,14,p,0.969,0.01271
1862,2018-11-08T04:06:11.800500Z,24,s,0.961,0.0602
1863,2018-11-08T04:06:11.801000Z,13,p,0.982,0.02432
1864,2018-11-08T04:06:11.806000Z,12,p,0.979,0.02537
1865,2018-11-08T04:06:11.810500Z,23,s,0.961,0.08306
1866,2018-11-08T04:06:11.811500Z,11,p,0.98,0.01592
1867,2018-11-08T04:06:11.817500Z,10,p,0.985,0.01353
1868,2018-11-08T04:06:11.819500Z,22,s,0.958,0.04506
1869,2018-11-08T04:06:11.821500Z,9,p,0.977,0.009405
1870,2018-11-08T04:06:11.827500Z,21,s,0.952,0.02235
1871,2018-11-08T04:06:11.827500Z,8,p,0.977,0.01026
1872,2018-11-08T04:06:11.833000Z,7,p,0.972,0.005792
1873,2018-11-08T04:06:11.837500Z,20,s,0.897,0.01661
1874,2018-11-08T04:06:11.839000Z,6,p,0.968,0.00464
1875,2018-11-08T04:06:11.845000Z,19,s,0.958,0.01785
1876,2018-11-08T04:06:11.845000Z,5,p,0.979,0.004926
1877,2018-11-08T04:06:11.849500Z,4,p,0.969,0.004552
1878,2018-11-08T04:06:11.853500Z,3,p,0.931,0.003495
1879,2018-11-08T04:06:11.856500Z,18,s,0.934,0.01498
1880,2018-11-08T04:06:11.861000Z,2,p,0.946,0.00431
1881,2018-11-08T04:06:11.865000Z,17,s,0.907,0.01365
1882,2018-11-08T04:06:11.865500Z,1,p,0.958,0.003344
1883,2018-11-08T04:06:11.876500Z,16,s,0.908,0.01056
1884,2018-11-08T04:06:11.887000Z,15,s,0.762,0.009408
1885,2018-11-08T04:06:11.896500Z,14,s,0.677,0.006296
1886,2018-11-08T04:06:11.906500Z,13,s,0.666,0.01122
1887,2018-11-08T04:06:11.921500Z,12,s,0.61,0.007529
1888,2018-11-08T04:06:11.926000Z,11,s,0.488,0.005987
1889,2018-11-08T04:06:11.939000Z,10,s,0.737,0.005475
1890,2018-11-08T04:06:11.953000Z,9,s,0.77,0.004068
1891,2018-11-08T04:06:11.956500Z,8,s,0.754,0.004336
1892,2018-11-08T04:06:11.966500Z,7,s,0.869,0.00338
1893,2018-11-08T04:06:11.980500Z,6,s,0.737,0.003235
1894,2018-11-08T04:06:11.984000Z,5,s,0.801,0.002264
1895,2018-11-08T04:06:11.992500Z,4,s,0.716,0.003346
1896,2018-11-08T04:06:12.006500Z,3,s,0.63,0.003495
1897,2018-11-08T04:06:12.017000Z,2,s,0.78,0.00431
1898,2018-11-08T04:06:12.024000Z,1,s,0.66,0.003344
1899,2018-11-08T04:06:12.944500Z,11,p,0.41,0.002243
1900,2018-11-08T04:06:21.809500Z,12,s,0.305,0.002382
1901,2018-11-08T04:06:43.626500Z,23,s,0.51,0.003126
1902,2018-11-08T04:06:56.596500Z,20,p,0.538,0.002034
1903,2018-11-08T04:08:08.878500Z,11,s,0.716,0.004118
1904,2018-11-08T04:08:11.604000Z,1,s,0.748,0.00274
1905,2018-11-08T04:08:49.244000Z,24,p,0.98,0.03659
1906,2018-11-08T04:08:49.249500Z,23,p,0.985,0.05583
1907,2018-11-08T04:08:49.255000Z,22,p,0.979,0.03395
1908,2018-11-08T04:08:49.260000Z,21,p,0.973,0.03466
1909,2018-11-08T04:08:49.265000Z,20,p,0.986,0.02339
1910,2018-11-08T04:08:49.271000Z,19,p,0.979,0.02997
1911,2018-11-08T04:08:49.276000Z,18,p,0.974,0.01649
1912,2018-11-08T04:08:49.281500Z,17,p,0.984,0.01331
1913,2018-11-08T04:08:49.287500Z,16,p,0.978,0.01406
1914,2018-11-08T04:08:49.293500Z,15,p,0.973,0.006681
1915,2018-11-08T04:08:49.299500Z,14,p,0.979,0.006539
1916,2018-11-08T04:08:49.305000Z,13,p,0.95,0.009584
1917,2018-11-08T04:08:49.308500Z,24,s,0.961,0.03243
1918,2018-11-08T04:08:49.312000Z,12,p,0.889,0.01127
1919,2018-11-08T04:08:49.315000Z,11,p,0.977,0.005377
1920,2018-11-08T04:08:49.317500Z,23,s,0.966,0.04137
1921,2018-11-08T04:08:49.319500Z,10,p,0.933,0.004912
1922,2018-11-08T04:08:49.325500Z,22,s,0.962,0.0177
1923,2018-11-08T04:08:49.326000Z,9,p,0.929,0.002762
1924,2018-11-08T04:08:49.328000Z,8,p,0.858,0.003026
1925,2018-11-08T04:08:49.334000Z,21,s,0.961,0.01411
1926,2018-11-08T04:08:49.336000Z,7,p,0.757,0.00246
1927,2018-11-08T04:08:49.342000Z,6,p,0.892,0.001881
1928,2018-11-08T04:08:49.343000Z,20,s,0.873,0.009793
1929,2018-11-08T04:08:49.348000Z,5,p,0.746,0.001718
1930,2018-11-08T04:08:49.350500Z,19,s,0.956,0.007632
1931,2018-11-08T04:08:49.351500Z,4,p,0.925,0.002388
1932,2018-11-08T04:08:49.357000Z,3,p,0.916,0.002124
1933,2018-11-08T04:08:49.361500Z,18,s,0.793,0.009031
1934,2018-11-08T04:08:49.361500Z,2,p,0.879,0.002044
1935,2018-11-08T04:08:49.369000Z,1,p,0.813,0.001568
1936,2018-11-08T04:08:49.370000Z,17,s,0.915,0.006344
1937,2018-11-08T04:08:49.375500Z,16,s,0.61,0.004458
1938,2018-11-08T04:08:49.391000Z,15,s,0.711,0.003548
1939,2018-11-08T04:08:49.403000Z,14,s,0.857,0.002929
1940,2018-11-08T04:08:49.413000Z,13,s,0.787,0.003705
1941,2018-11-08T04:08:49.421000Z,12,s,0.717,0.002358
1942,2018-11-08T04:08:49.436000Z,11,s,0.836,0.003219
1943,2018-11-08T04:08:49.443000Z,10,s,0.772,0.0019
1944,2018-11-08T04:08:49.451000Z,9,s,0.533,0.001795
1945,2018-11-08T04:08:49.452000Z,8,s,0.423,0.00225
1946,2018-11-08T04:08:49.477500Z,7,s,0.407,0.002411
1947,2018-11-08T04:08:49.479000Z,5,s,0.402,0.001522
1948,2018-11-08T04:08:49.490500Z,6,s,0.596,0.001758
1949,2018-11-08T04:08:49.512000Z,2,s,0.559,0.001736
1950,2018-11-08T04:08:49.512000Z,4,s,0.581,0.002388
1951,2018-11-08T04:08:49.520500Z,3,s,0.739,0.002124
1952,2018-11-08T04:08:49.543000Z,1,s,0.683,0.001568
1953,2018-11-08T04:09:05.029500Z,23,s,0.486,0.002751
1954,2018-11-08T04:09:14.447000Z,20,s,0.643,0.001864
1955,2018-11-08T04:10:16.434000Z,5,s,0.734,0.002969
1956,2018-11-08T04:10:23.396000Z,20,s,0.556,0.001938
1957,2018-11-08T04:11:09.257000Z,24,p,0.963,9.436
1958,2018-11-08T04:11:09.262000Z,23,p,0.977,10.37
1959,2018-11-08T04:11:09.267500Z,22,p,0.975,7.077
1960,2018-11-08T04:11:09.273000Z,21,p,0.98,4.796
1961,2018-11-08T04:11:09.277500Z,20,p,0.959,8.94
1962,2018-11-08T04:11:09.284000Z,19,p,0.981,4.302
1963,2018-11-08T04:11:09.289000Z,18,p,0.968,2.46
1964,2018-11-08T04:11:09.294000Z,17,p,0.971,2.831
1965,2018-11-08T04:11:09.299500Z,16,p,0.971,2.382
1966,2018-11-08T04:11:09.305000Z,15,p,0.963,2.514
1967,2018-11-08T04:11:09.310000Z,14,p,0.969,2.155
1968,2018-11-08T04:11:09.316000Z,13,p,0.971,1.816
1969,2018-11-08T04:11:09.321500Z,12,p,0.977,1.315
1970,2018-11-08T04:11:09.325500Z,11,p,0.97,1.495
1971,2018-11-08T04:11:09.331500Z,10,p,0.972,0.8818
1972,2018-11-08T04:11:09.335000Z,24,s,0.954,9.436
1973,2018-11-08T04:11:09.336000Z,9,p,0.965,0.9346
1974,2018-11-08T04:11:09.341500Z,8,p,0.971,1.135
1975,2018-11-08T04:11:09.344500Z,23,s,0.957,10.37
1976,2018-11-08T04:11:09.347500Z,7,p,0.966,0.8522
1977,2018-11-08T04:11:09.351500Z,22,s,0.947,7.077
1978,2018-11-08T04:11:09.353500Z,6,p,0.958,0.7744
1979,2018-11-08T04:11:09.357500Z,5,p,0.978,0.5492
1980,2018-11-08T04:11:09.360500Z,21,s,0.945,4.796
1981,2018-11-08T04:11:09.363500Z,4,p,0.971,0.8114
1982,2018-11-08T04:11:09.369000Z,3,p,0.964,0.7874
1983,2018-11-08T04:11:09.370000Z,20,s,0.912,8.94
1984,2018-11-08T04:11:09.373500Z,2,p,0.973,0.7661
1985,2018-11-08T04:11:09.377000Z,19,s,0.948,4.302
1986,2018-11-08T04:11:09.379000Z,1,p,0.956,0.7864
1987,2018-11-08T04:11:09.387000Z,18,s,0.905,2.46
1988,2018-11-08T04:11:09.395000Z,17,s,0.886,2.831
1989,2018-11-08T04:11:09.406500Z,16,s,0.921,2.382
1990,2018-11-08T04:11:09.416500Z,15,s,0.924,2.514
1991,2018-11-08T04:11:09.426500Z,14,s,0.913,2.155
1992,2018-11-08T04:11:09.435000Z,13,s,0.86,1.816
1993,2018-11-08T04:11:09.443000Z,12,s,0.927,1.315
1994,2018-11-08T04:11:09.454500Z,11,s,0.826,1.495
1995,2018-11-08T04:11:09.462500Z,10,s,0.85,0.8818
1996,2018-11-08T04:11:09.472500Z,9,s,0.92,0.9346
1997,2018-11-08T04:11:09.480500Z,8,s,0.854,1.135
1998,2018-11-08T04:11:09.490000Z,7,s,0.88,0.8522
1999,2018-11-08T04:11:09.499000Z,6,s,0.854,0.7744
2000,2018-11-08T04:11:09.507000Z,5,s,0.92,0.5492
2001,2018-11-08T04:11:09.516000Z,4,s,0.93,0.8114
2002,2018-11-08T04:11:09.525000Z,3,s,0.934,0.7874
2003,2018-11-08T04:11:09.534500Z,2,s,0.864,0.7661
2004,2018-11-08T04:11:09.541000Z,1,s,0.842,0.7864
2005,2018-11-08T04:11:10.406500Z,24,p,0.385,0.01899
2006,2018-11-08T04:11:35.557500Z,22,s,0.401,0.002902
2007,2018-11-08T04:11:42.998500Z,20,s,0.856,0.002793
2008,2018-11-08T04:11:52.615500Z,24,p,0.981,0.2782
2009,2018-11-08T04:11:52.620000Z,23,p,0.983,0.2805
2010,2018-11-08T04:11:52.625500Z,22,p,0.982,0.1169
2011,2018-11-08T04:11:52.631000Z,21,p,0.984,0.06766
2012,2018-11-08T04:11:52.636000Z,20,p,0.976,0.104
2013,2018-11-08T04:11:52.641500Z,19,p,0.985,0.06244
2014,2018-11-08T04:11:52.647000Z,18,p,0.978,0.05061
2015,2018-11-08T04:11:52.652000Z,17,p,0.978,0.05857
2016,2018-11-08T04:11:52.657000Z,16,p,0.972,0.03581
2017,2018-11-08T04:11:52.663000Z,15,p,0.972,0.03754
2018,2018-11-08T04:11:52.669000Z,14,p,0.965,0.05292
2019,2018-11-08T04:11:52.675500Z,13,p,0.983,0.02708
2020,2018-11-08T04:11:52.679000Z,12,p,0.968,0.02618
2021,2018-11-08T04:11:52.683500Z,11,p,0.948,0.01886
2022,2018-11-08T04:11:52.690000Z,10,p,0.978,0.01393
2023,2018-11-08T04:11:52.693000Z,24,s,0.962,0.2782
2024,2018-11-08T04:11:52.695000Z,9,p,0.965,0.01304
2025,2018-11-08T04:11:52.701000Z,8,p,0.957,0.02337
2026,2018-11-08T04:11:52.701500Z,23,s,0.968,0.2805
2027,2018-11-08T04:11:52.708000Z,7,p,0.96,0.01883
2028,2018-11-08T04:11:52.709500Z,22,s,0.969,0.1169
2029,2018-11-08T04:11:52.713500Z,6,p,0.963,0.01715
2030,2018-11-08T04:11:52.718000Z,21,s,0.965,0.06766
2031,2018-11-08T04:11:52.719000Z,5,p,0.967,0.009291
2032,2018-11-08T04:11:52.723500Z,4,p,0.958,0.0124
2033,2018-11-08T04:11:52.727500Z,20,s,0.952,0.104
2034,2018-11-08T04:11:52.729000Z,3,p,0.963,0.01364
2035,2018-11-08T04:11:52.735500Z,2,p,0.972,0.01567
2036,2018-11-08T04:11:52.736000Z,19,s,0.954,0.06244
2037,2018-11-08T04:11:52.740000Z,1,p,0.962,0.01153
2038,2018-11-08T04:11:52.745000Z,18,s,0.887,0.05061
2039,2018-11-08T04:11:52.754500Z,17,s,0.858,0.05857
2040,2018-11-08T04:11:52.764500Z,16,s,0.935,0.03581
2041,2018-11-08T04:11:52.773000Z,15,s,0.839,0.03754
2042,2018-11-08T04:11:52.785000Z,14,s,0.883,0.05292
2043,2018-11-08T04:11:52.793000Z,13,s,0.946,0.02708
2044,2018-11-08T04:11:52.801000Z,12,s,0.906,0.02618
2045,2018-11-08T04:11:52.811500Z,11,s,0.901,0.01886
2046,2018-11-08T04:11:52.820500Z,10,s,0.839,0.01393
2047,2018-11-08T04:11:52.828000Z,9,s,0.864,0.01304
2048,2018-11-08T04:11:52.839000Z,8,s,0.859,0.02337
2049,2018-11-08T04:11:52.848500Z,7,s,0.89,0.01883
2050,2018-11-08T04:11:52.856500Z,6,s,0.909,0.01715
2051,2018-11-08T04:11:52.865000Z,5,s,0.921,0.009291
2052,2018-11-08T04:11:52.874500Z,4,s,0.81,0.0124
2053,2018-11-08T04:11:52.883000Z,3,s,0.878,0.01364
2054,2018-11-08T04:11:52.892500Z,2,s,0.845,0.01567
2055,2018-11-08T04:11:52.900000Z,1,s,0.767,0.01153
2056,2018-11-08T04:12:09.575500Z,24,p,0.975,0.1627
2057,2018-11-08T04:12:09.581000Z,23,p,0.982,0.1345
2058,2018-11-08T04:12:09.586000Z,22,p,0.976,0.1039
2059,2018-11-08T04:12:09.591500Z,21,p,0.982,0.05813
2060,2018-11-08T04:12:09.596500Z,20,p,0.981,0.08099
2061,2018-11-08T04:12:09.602000Z,19,p,0.988,0.03749
2062,2018-11-08T04:12:09.607500Z,18,p,0.978,0.03816
2063,2018-11-08T04:12:09.613500Z,17,p,0.978,0.03545
2064,2018-11-08T04:12:09.618000Z,16,p,0.98,0.0249
2065,2018-11-08T04:12:09.623000Z,15,p,0.95,0.02595
2066,2018-11-08T04:12:09.629000Z,14,p,0.971,0.03259
2067,2018-11-08T04:12:09.635500Z,13,p,0.984,0.02139
2068,2018-11-08T04:12:09.639500Z,12,p,0.968,0.01916
2069,2018-11-08T04:12:09.645000Z,11,p,0.942,0.01245
2070,2018-11-08T04:12:09.650000Z,10,p,0.967,0.01056
2071,2018-11-08T04:12:09.653000Z,24,s,0.959,0.1627
2072,2018-11-08T04:12:09.653000Z,9,p,0.9,0.009244
2073,2018-11-08T04:12:09.661500Z,23,s,0.966,0.1345
2074,2018-11-08T04:12:09.662000Z,8,p,0.934,0.01337
2075,2018-11-08T04:12:09.668000Z,7,p,0.922,0.01313
2076,2018-11-08T04:12:09.669500Z,22,s,0.968,0.1039
2077,2018-11-08T04:12:09.673500Z,6,p,0.945,0.01072
2078,2018-11-08T04:12:09.677500Z,21,s,0.966,0.05813
2079,2018-11-08T04:12:09.679000Z,5,p,0.961,0.00798
2080,2018-11-08T04:12:09.683500Z,4,p,0.964,0.009146
2081,2018-11-08T04:12:09.687000Z,20,s,0.939,0.08099
2082,2018-11-08T04:12:09.689000Z,3,p,0.962,0.01125
2083,2018-11-08T04:12:09.695000Z,2,p,0.957,0.008557
2084,2018-11-08T04:12:09.695000Z,19,s,0.958,0.03749
2085,2018-11-08T04:12:09.700000Z,1,p,0.942,0.007639
2086,2018-11-08T04:12:09.705000Z,18,s,0.94,0.03816
2087,2018-11-08T04:12:09.713000Z,17,s,0.92,0.03545
2088,2018-11-08T04:12:09.724500Z,16,s,0.914,0.0249
2089,2018-11-08T04:12:09.733500Z,15,s,0.88,0.02595
2090,2018-11-08T04:12:09.744500Z,14,s,0.911,0.03259
2091,2018-11-08T04:12:09.753000Z,13,s,0.895,0.02139
2092,2018-11-08T04:12:09.761500Z,12,s,0.946,0.01916
2093,2018-11-08T04:12:09.771000Z,11,s,0.809,0.01245
2094,2018-11-08T04:12:09.780000Z,10,s,0.84,0.01056
2095,2018-11-08T04:12:09.790000Z,9,s,0.855,0.009244
2096,2018-11-08T04:12:09.799000Z,8,s,0.868,0.01337
2097,2018-11-08T04:12:09.807000Z,7,s,0.906,0.01313
2098,2018-11-08T04:12:09.816000Z,6,s,0.879,0.01072
2099,2018-11-08T04:12:09.825000Z,5,s,0.94,0.00798
2100,2018-11-08T04:12:09.834000Z,4,s,0.922,0.009146
2101,2018-11-08T04:12:09.843000Z,3,s,0.913,0.01125
2102,2018-11-08T04:12:09.851000Z,2,s,0.915,0.008557
2103,2018-11-08T04:12:09.859000Z,1,s,0.862,0.007639
2104,2018-11-08T04:12:09.957000Z,24,p,0.965,0.2062
2105,2018-11-08T04:12:09.962500Z,23,p,0.973,0.1578
2106,2018-11-08T04:12:09.967500Z,22,p,0.97,0.09951
2107,2018-11-08T04:12:09.972000Z,21,p,0.972,0.0622
2108,2018-11-08T04:12:09.978000Z,20,p,0.921,0.03055
2109,2018-11-08T04:12:09.984000Z,19,p,0.961,0.01747
2110,2018-11-08T04:12:09.989500Z,18,p,0.833,0.01651
2111,2018-11-08T04:12:09.994500Z,17,p,0.918,0.01913
2112,2018-11-08T04:12:10.001000Z,16,p,0.943,0.02912
2113,2018-11-08T04:12:10.007500Z,15,p,0.925,0.008487
2114,2018-11-08T04:12:10.010000Z,14,p,0.92,0.01424
2115,2018-11-08T04:12:10.011500Z,24,s,0.967,0.2062
2116,2018-11-08T04:12:10.019000Z,13,p,0.965,0.02092
2117,2018-11-08T04:12:10.019500Z,23,s,0.966,0.1578
2118,2018-11-08T04:12:10.023500Z,12,p,0.941,0.01151
2119,2018-11-08T04:12:10.027500Z,22,s,0.954,0.09951
2120,2018-11-08T04:12:10.030000Z,11,p,0.9,0.005789
2121,2018-11-08T04:12:10.033500Z,10,p,0.934,0.007013
2122,2018-11-08T04:12:10.035500Z,21,s,0.961,0.0622
2123,2018-11-08T04:12:10.040000Z,9,p,0.899,0.008601
2124,2018-11-08T04:12:10.046000Z,20,s,0.823,0.03055
2125,2018-11-08T04:12:10.047500Z,8,p,0.96,0.009367
2126,2018-11-08T04:12:10.051500Z,7,p,0.928,0.006337
2127,2018-11-08T04:12:10.055000Z,19,s,0.957,0.01747
2128,2018-11-08T04:12:10.057500Z,6,p,0.929,0.005463
2129,2018-11-08T04:12:10.063000Z,18,s,0.798,0.01651
2130,2018-11-08T04:12:10.063500Z,5,p,0.937,0.006899
2131,2018-11-08T04:12:10.067500Z,4,p,0.861,0.007135
2132,2018-11-08T04:12:10.073000Z,3,p,0.896,0.004906
2133,2018-11-08T04:12:10.074500Z,2,p,0.625,0.004139
2134,2018-11-08T04:12:10.075000Z,17,s,0.931,0.01913
2135,2018-11-08T04:12:10.085000Z,16,s,0.849,0.02912
2136,2018-11-08T04:12:10.095000Z,15,s,0.911,0.008487
2137,2018-11-08T04:12:10.096000Z,1,p,0.876,0.003906
2138,2018-11-08T04:12:10.104500Z,14,s,0.937,0.01424
2139,2018-11-08T04:12:10.115000Z,13,s,0.891,0.02092
2140,2018-11-08T04:12:10.124500Z,12,s,0.901,0.01151
2141,2018-11-08T04:12:10.133000Z,11,s,0.792,0.005789
2142,2018-11-08T04:12:10.144000Z,10,s,0.872,0.007013
2143,2018-11-08T04:12:10.155000Z,9,s,0.914,0.008601
2144,2018-11-08T04:12:10.163000Z,8,s,0.93,0.009367
2145,2018-11-08T04:12:10.169000Z,7,s,0.78,0.006337
2146,2018-11-08T04:12:10.180500Z,6,s,0.81,0.005463
2147,2018-11-08T04:12:10.188500Z,5,s,0.771,0.004035
2148,2018-11-08T04:12:10.200000Z,4,s,0.866,0.007135
2149,2018-11-08T04:12:10.207000Z,3,s,0.852,0.004906
2150,2018-11-08T04:12:10.219500Z,2,s,0.786,0.004098
2151,2018-11-08T04:12:10.224000Z,1,s,0.626,0.002633
2152,2018-11-08T04:12:13.675000Z,20,s,0.655,0.001686
2153,2018-11-08T04:12:16.583500Z,24,p,0.98,0.3324
2154,2018-11-08T04:12:16.589500Z,23,p,0.983,0.2919
2155,2018-11-08T04:12:16.594000Z,22,p,0.982,0.2105
2156,2018-11-08T04:12:16.599000Z,21,p,0.982,0.1156
2157,2018-11-08T04:12:16.604500Z,20,p,0.979,0.1666
2158,2018-11-08T04:12:16.610000Z,19,p,0.985,0.07843
2159,2018-11-08T04:12:16.615500Z,18,p,0.981,0.0822
2160,2018-11-08T04:12:16.620500Z,17,p,0.98,0.07243
2161,2018-11-08T04:12:16.625500Z,16,p,0.983,0.05257
2162,2018-11-08T04:12:16.631000Z,15,p,0.976,0.05294
2163,2018-11-08T04:12:16.637000Z,14,p,0.978,0.07214
2164,2018-11-08T04:12:16.643500Z,13,p,0.981,0.04271
2165,2018-11-08T04:12:16.648000Z,12,p,0.978,0.04107
2166,2018-11-08T04:12:16.652500Z,11,p,0.97,0.02578
2167,2018-11-08T04:12:16.657500Z,10,p,0.98,0.02172
2168,2018-11-08T04:12:16.661000Z,24,s,0.96,0.3324
2169,2018-11-08T04:12:16.663000Z,9,p,0.977,0.02008
2170,2018-11-08T04:12:16.669000Z,8,p,0.971,0.03043
2171,2018-11-08T04:12:16.669500Z,23,s,0.968,0.2919
2172,2018-11-08T04:12:16.674000Z,7,p,0.931,0.02872
2173,2018-11-08T04:12:16.677500Z,22,s,0.97,0.2105
2174,2018-11-08T04:12:16.680000Z,6,p,0.95,0.02327
2175,2018-11-08T04:12:16.685500Z,21,s,0.972,0.1156
2176,2018-11-08T04:12:16.686500Z,5,p,0.966,0.0163
2177,2018-11-08T04:12:16.690000Z,4,p,0.974,0.0173
2178,2018-11-08T04:12:16.695000Z,20,s,0.938,0.1666
2179,2018-11-08T04:12:16.696000Z,3,p,0.949,0.02345
2180,2018-11-08T04:12:16.703000Z,19,s,0.962,0.07843
2181,2018-11-08T04:12:16.703000Z,2,p,0.968,0.01901
2182,2018-11-08T04:12:16.707500Z,1,p,0.967,0.01711
2183,2018-11-08T04:12:16.713000Z,18,s,0.953,0.0822
2184,2018-11-08T04:12:16.720500Z,17,s,0.938,0.07243
2185,2018-11-08T04:12:16.732500Z,16,s,0.903,0.05257
2186,2018-11-08T04:12:16.741500Z,15,s,0.904,0.05294
2187,2018-11-08T04:12:16.752500Z,14,s,0.913,0.07214
2188,2018-11-08T04:12:16.760500Z,13,s,0.882,0.04271
2189,2018-11-08T04:12:16.769500Z,12,s,0.944,0.04107
2190,2018-11-08T04:12:16.778500Z,11,s,0.83,0.02578
2191,2018-11-08T04:12:16.788500Z,10,s,0.834,0.02172
2192,2018-11-08T04:12:16.798500Z,9,s,0.884,0.02008
2193,2018-11-08T04:12:16.806500Z,8,s,0.893,0.03043
2194,2018-11-08T04:12:16.815000Z,7,s,0.93,0.02872
2195,2018-11-08T04:12:16.824000Z,6,s,0.913,0.02327
2196,2018-11-08T04:12:16.832500Z,5,s,0.947,0.0163
2197,2018-11-08T04:12:16.841500Z,4,s,0.943,0.0173
2198,2018-11-08T04:12:16.851000Z,3,s,0.917,0.02345
2199,2018-11-08T04:12:16.860500Z,2,s,0.899,0.01901
2200,2018-11-08T04:12:16.867000Z,1,s,0.843,0.01711
2201,2018-11-08T04:13:43.934000Z,5,s,0.439,0.004209
2202,2018-11-08T04:15:34.436000Z,20,s,0.6,0.001936
2203,2018-11-08T04:15:51.946000Z,24,p,0.705,0.01095
2204,2018-11-08T04:15:51.949500Z,20,p,0.311,0.005487
2205,2018-11-08T04:15:51.954000Z,23,p,0.903,0.008556
2206,2018-11-08T04:15:51.958500Z,22,p,0.532,0.006164
2207,2018-11-08T04:15:51.961500Z,21,p,0.6,0.003979
2208,2018-11-08T04:15:51.966500Z,19,p,0.429,0.00279
2209,2018-11-08T04:15:52.001500Z,14,p,0.509,0.002221
2210,2018-11-08T04:15:52.026000Z,24,s,0.904,0.01095
2211,2018-11-08T04:15:52.035000Z,23,s,0.935,0.008556
2212,2018-11-08T04:15:52.043000Z,22,s,0.928,0.006164
2213,2018-11-08T04:15:52.051000Z,21,s,0.851,0.003979
2214,2018-11-08T04:15:52.061500Z,20,s,0.894,0.005487
2215,2018-11-08T04:15:52.069000Z,19,s,0.892,0.00279
2216,2018-11-08T04:15:52.085500Z,17,s,0.653,0.002256
2217,2018-11-08T04:15:52.095000Z,16,s,0.69,0.001839
2218,2018-11-08T04:15:52.107500Z,15,s,0.547,0.002131
2219,2018-11-08T04:15:52.116500Z,14,s,0.706,0.002221
2220,2018-11-08T04:16:20.188000Z,11,s,0.715,0.003852
2221,2018-11-08T04:16:21.839500Z,24,p,0.972,0.01684
2222,2018-11-08T04:16:21.845500Z,23,p,0.981,0.02163
2223,2018-11-08T04:16:21.850000Z,22,p,0.972,0.01493
2224,2018-11-08T04:16:21.855500Z,21,p,0.969,0.01521
2225,2018-11-08T04:16:21.861500Z,20,p,0.983,0.008402
2226,2018-11-08T04:16:21.866000Z,19,p,0.979,0.01027
2227,2018-11-08T04:16:21.871000Z,18,p,0.971,0.01333
2228,2018-11-08T04:16:21.875000Z,17,p,0.907,0.005204
2229,2018-11-08T04:16:21.882000Z,16,p,0.951,0.005477
2230,2018-11-08T04:16:21.887000Z,15,p,0.909,0.004343
2231,2018-11-08T04:16:21.893500Z,14,p,0.943,0.005967
2232,2018-11-08T04:16:21.899500Z,13,p,0.965,0.006075
2233,2018-11-08T04:16:21.902000Z,7,p,0.703,0.002282
2234,2018-11-08T04:16:21.905500Z,12,p,0.964,0.005686
2235,2018-11-08T04:16:21.905500Z,24,s,0.969,0.01684
2236,2018-11-08T04:16:21.906000Z,3,p,0.318,0.001909
2237,2018-11-08T04:16:21.910000Z,11,p,0.79,0.003701
2238,2018-11-08T04:16:21.914000Z,10,p,0.724,0.002695
2239,2018-11-08T04:16:21.914500Z,23,s,0.953,0.02163
2240,2018-11-08T04:16:21.922000Z,22,s,0.938,0.01493
2241,2018-11-08T04:16:21.930500Z,21,s,0.948,0.01521
2242,2018-11-08T04:16:21.934500Z,9,p,0.509,0.002393
2243,2018-11-08T04:16:21.939000Z,20,s,0.954,0.008402
2244,2018-11-08T04:16:21.946500Z,19,s,0.948,0.006457
2245,2018-11-08T04:16:21.951500Z,2,p,0.648,0.00217
2246,2018-11-08T04:16:21.957000Z,18,s,0.916,0.01333
2247,2018-11-08T04:16:21.964500Z,17,s,0.913,0.005204
2248,2018-11-08T04:16:21.976000Z,16,s,0.924,0.005477
2249,2018-11-08T04:16:21.984500Z,4,p,0.476,0.00196
2250,2018-11-08T04:16:21.985000Z,15,s,0.829,0.004343
2251,2018-11-08T04:16:21.997000Z,14,s,0.943,0.005967
2252,2018-11-08T04:16:22.006500Z,13,s,0.95,0.006075
2253,2018-11-08T04:16:22.015000Z,12,s,0.951,0.005686
2254,2018-11-08T04:16:22.024000Z,11,s,0.876,0.003701
2255,2018-11-08T04:16:22.033000Z,10,s,0.872,0.002695
2256,2018-11-08T04:16:22.046500Z,9,s,0.737,0.002393
2257,2018-11-08T04:16:22.058000Z,8,s,0.821,0.003049
2258,2018-11-08T04:16:22.062500Z,7,s,0.532,0.002282
2259,2018-11-08T04:16:22.074500Z,6,s,0.552,0.00241
2260,2018-11-08T04:16:22.082000Z,5,s,0.608,0.001707
2261,2018-11-08T04:16:22.086000Z,4,s,0.757,0.00196
2262,2018-11-08T04:16:22.098500Z,3,s,0.59,0.001909
2263,2018-11-08T04:16:22.106000Z,2,s,0.698,0.00217
2264,2018-11-08T04:16:28.053500Z,12,s,0.41,0.001891
2265,2018-11-08T04:17:24.037500Z,22,s,0.59,0.002972
2266,2018-11-08T04:18:07.804000Z,22,s,0.371,0.00357
2267,2018-11-08T04:18:41.669500Z,20,s,0.677,0.001982
2268,2018-11-08T04:18:54.386000Z,8,s,0.789,0.002725
2269,2018-11-08T04:19:06.226000Z,22,p,0.616,0.009542
2270,2018-11-08T04:19:06.305000Z,22,s,0.882,0.009542
2271,2018-11-08T04:19:06.307500Z,21,s,0.7,0.005434
2272,2018-11-08T04:19:38.253500Z,24,s,0.626,0.005611
2273,2018-11-08T04:19:49.504000Z,20,p,0.536,0.003364
2274,2018-11-08T04:19:49.645500Z,20,s,0.356,0.003364
2275,2018-11-08T04:19:55.617500Z,7,s,0.354,0.002737
2276,2018-11-08T04:19:56.855500Z,24,p,0.982,0.1545
2277,2018-11-08T04:19:56.860000Z,23,p,0.981,0.1578
2278,2018-11-08T04:19:56.865000Z,22,p,0.974,0.07315
2279,2018-11-08T04:19:56.871500Z,21,p,0.983,0.05703
2280,2018-11-08T04:19:56.876000Z,20,p,0.984,0.06827
2281,2018-11-08T04:19:56.881500Z,19,p,0.985,0.03851
2282,2018-11-08T04:19:56.887000Z,18,p,0.978,0.03693
2283,2018-11-08T04:19:56.892000Z,17,p,0.98,0.03427
2284,2018-11-08T04:19:56.897500Z,16,p,0.984,0.02076
2285,2018-11-08T04:19:56.903000Z,15,p,0.971,0.0227
2286,2018-11-08T04:19:56.909500Z,14,p,0.98,0.0285
2287,2018-11-08T04:19:56.915500Z,13,p,0.965,0.01665
2288,2018-11-08T04:19:56.920000Z,12,p,0.978,0.01714
2289,2018-11-08T04:19:56.924000Z,11,p,0.964,0.01101
2290,2018-11-08T04:19:56.929500Z,10,p,0.969,0.009744
2291,2018-11-08T04:19:56.932500Z,24,s,0.961,0.1545
2292,2018-11-08T04:19:56.935000Z,9,p,0.966,0.008396
2293,2018-11-08T04:19:56.940500Z,23,s,0.961,0.1578
2294,2018-11-08T04:19:56.942500Z,8,p,0.923,0.01393
2295,2018-11-08T04:19:56.947000Z,7,p,0.949,0.01182
2296,2018-11-08T04:19:56.949000Z,22,s,0.963,0.07315
2297,2018-11-08T04:19:56.953000Z,6,p,0.95,0.00919
2298,2018-11-08T04:19:56.957000Z,21,s,0.966,0.05703
2299,2018-11-08T04:19:56.958500Z,5,p,0.955,0.006878
2300,2018-11-08T04:19:56.963500Z,4,p,0.925,0.007644
2301,2018-11-08T04:19:56.966500Z,20,s,0.924,0.06827
2302,2018-11-08T04:19:56.968000Z,3,p,0.949,0.009504
2303,2018-11-08T04:19:56.974500Z,19,s,0.963,0.03851
2304,2018-11-08T04:19:56.975000Z,2,p,0.97,0.008182
2305,2018-11-08T04:19:56.979500Z,1,p,0.955,0.007105
2306,2018-11-08T04:19:56.985000Z,18,s,0.943,0.03693
2307,2018-11-08T04:19:56.993000Z,17,s,0.958,0.03427
2308,2018-11-08T04:19:57.004000Z,16,s,0.941,0.02076
2309,2018-11-08T04:19:57.013000Z,15,s,0.884,0.0227
2310,2018-11-08T04:19:57.024500Z,14,s,0.938,0.0285
2311,2018-11-08T04:19:57.032500Z,13,s,0.826,0.01665
2312,2018-11-08T04:19:57.041500Z,12,s,0.941,0.01714
2313,2018-11-08T04:19:57.051000Z,11,s,0.836,0.01101
2314,2018-11-08T04:19:57.060500Z,10,s,0.911,0.009744
2315,2018-11-08T04:19:57.070500Z,9,s,0.822,0.008396
2316,2018-11-08T04:19:57.078500Z,8,s,0.885,0.01393
2317,2018-11-08T04:19:57.087000Z,7,s,0.93,0.01182
2318,2018-11-08T04:19:57.097000Z,6,s,0.899,0.00919
2319,2018-11-08T04:19:57.104500Z,5,s,0.917,0.006878
2320,2018-11-08T04:19:57.113000Z,4,s,0.914,0.007644
2321,2018-11-08T04:19:57.122000Z,3,s,0.912,0.009504
2322,2018-11-08T04:19:57.129000Z,2,s,0.869,0.008182
2323,2018-11-08T04:19:57.140500Z,1,s,0.87,0.007105
2324,2018-11-08T04:20:01.453500Z,23,s,0.415,0.002274
2325,2018-11-08T04:20:07.913500Z,21,p,0.454,0.002938
2326,2018-11-08T04:20:08.005500Z,21,s,0.728,0.002509
2327,2018-11-08T04:20:12.109500Z,20,s,0.388,0.001933
2328,2018-11-08T04:20:13.244500Z,24,p,0.954,0.02018
2329,2018-11-08T04:20:13.249500Z,23,p,0.982,0.02419
2330,2018-11-08T04:20:13.255000Z,22,p,0.749,0.01846
2331,2018-11-08T04:20:13.261000Z,21,p,0.969,0.01835
2332,2018-11-08T04:20:13.265500Z,20,p,0.979,0.01125
2333,2018-11-08T04:20:13.271500Z,19,p,0.971,0.01185
2334,2018-11-08T04:20:13.274500Z,18,p,0.431,0.01039
2335,2018-11-08T04:20:13.277000Z,18,s,0.517,0.01039
2336,2018-11-08T04:20:13.282000Z,17,p,0.557,0.005841
2337,2018-11-08T04:20:13.287500Z,16,p,0.938,0.005945
2338,2018-11-08T04:20:13.293000Z,15,p,0.64,0.003191
2339,2018-11-08T04:20:13.295500Z,15,s,0.309,0.003191
2340,2018-11-08T04:20:13.299000Z,14,p,0.868,0.002394
2341,2018-11-08T04:20:13.305500Z,13,p,0.961,0.004171
2342,2018-11-08T04:20:13.311500Z,12,s,0.814,0.004131
2343,2018-11-08T04:20:13.315500Z,11,p,0.89,0.00253
2344,2018-11-08T04:20:13.316000Z,23,s,0.602,0.00414
2345,2018-11-08T04:20:13.325500Z,9,p,0.53,0.002686
2346,2018-11-08T04:20:13.330500Z,24,s,0.676,0.005921
2347,2018-11-08T04:20:13.333500Z,8,p,0.539,0.002171
2348,2018-11-08T04:20:13.336500Z,7,p,0.514,0.001769
2349,2018-11-08T04:20:13.338000Z,21,s,0.802,0.003244
2350,2018-11-08T04:20:13.341500Z,22,s,0.466,0.003692
2351,2018-11-08T04:20:13.354000Z,20,s,0.666,0.002379
2352,2018-11-08T04:20:13.355500Z,4,p,0.842,0.001597
2353,2018-11-08T04:20:13.362000Z,3,p,0.304,0.001603
2354,2018-11-08T04:20:13.376000Z,19,s,0.676,0.003562
2355,2018-11-08T04:20:13.388000Z,16,s,0.636,0.001762
2356,2018-11-08T04:20:13.408000Z,14,s,0.541,0.001736
2357,2018-11-08T04:20:13.422000Z,13,s,0.598,0.002077
2358,2018-11-08T04:20:13.427000Z,11,s,0.786,0.001934
2359,2018-11-08T04:20:13.497000Z,4,s,0.757,0.001597
2360,2018-11-08T04:20:45.934000Z,24,s,0.801,0.005672
2361,2018-11-08T04:21:16.654000Z,5,s,0.777,0.003855
2362,2018-11-08T04:21:28.998500Z,10,p,0.506,0.04453
2363,2018-11-08T04:21:29.005000Z,9,p,0.932,0.02982
2364,2018-11-08T04:21:29.013500Z,8,p,0.795,0.05851
2365,2018-11-08T04:21:29.023000Z,10,s,0.867,0.04453
2366,2018-11-08T04:21:29.023500Z,7,p,0.646,0.02468
2367,2018-11-08T04:21:29.030000Z,8,s,0.949,0.05851
2368,2018-11-08T04:21:29.031500Z,11,p,0.965,0.05043
2369,2018-11-08T04:21:29.038500Z,12,p,0.539,0.03976
2370,2018-11-08T04:21:29.045000Z,11,s,0.936,0.05043
2371,2018-11-08T04:21:29.049000Z,7,s,0.902,0.02468
2372,2018-11-08T04:21:29.064000Z,12,s,0.86,0.03976
2373,2018-11-08T04:21:29.069000Z,6,p,0.624,0.02386
2374,2018-11-08T04:21:29.071000Z,13,p,0.92,0.03862
2375,2018-11-08T04:21:29.072500Z,6,s,0.373,0.02386
2376,2018-11-08T04:21:29.085000Z,13,s,0.931,0.03862
2377,2018-11-08T04:21:29.092000Z,5,p,0.395,0.02557
2378,2018-11-08T04:21:29.094500Z,5,s,0.548,0.02557
2379,2018-11-08T04:21:29.104000Z,14,s,0.375,0.009611
2380,2018-11-08T04:21:29.106000Z,14,p,0.52,0.009611
2381,2018-11-08T04:21:29.109000Z,4,p,0.59,0.02843
2382,2018-11-08T04:21:29.112000Z,16,p,0.376,0.003955
2383,2018-11-08T04:21:29.112500Z,4,s,0.424,0.02843
2384,2018-11-08T04:21:29.125000Z,15,p,0.395,0.007561
2385,2018-11-08T04:21:29.131000Z,3,p,0.769,0.01316
2386,2018-11-08T04:21:29.145500Z,16,s,0.594,0.003955
2387,2018-11-08T04:21:29.153500Z,2,s,0.644,0.01254
2388,2018-11-08T04:21:29.176500Z,1,s,0.457,0.00434
2389,2018-11-08T04:21:29.213500Z,3,s,0.345,0.002146
2390,2018-11-08T04:22:02.411500Z,21,s,0.64,0.01009
2391,2018-11-08T04:22:02.411500Z,22,s,0.722,0.01251
2392,2018-11-08T04:22:03.003500Z,22,p,0.43,0.009077
2393,2018-11-08T04:22:03.048000Z,21,s,0.523,0.007455
2394,2018-11-08T04:22:03.050000Z,22,s,0.932,0.009077
2395,2018-11-08T04:22:06.562000Z,10,p,0.657,0.003236
2396,2018-11-08T04:22:09.496500Z,21,p,0.309,0.5878
2397,2018-11-08T04:22:09.501500Z,22,p,0.354,1.021
2398,2018-11-08T04:22:09.508500Z,23,p,0.383,0.04391
2399,2018-11-08T04:22:09.514000Z,20,p,0.826,0.04315
2400,2018-11-08T04:22:09.520500Z,22,s,0.728,1.021
2401,2018-11-08T04:22:09.522500Z,21,s,0.874,0.5878
2402,2018-11-08T04:22:09.530500Z,23,s,0.879,0.04391
2403,2018-11-08T04:22:09.531000Z,20,s,0.825,0.04315
2404,2018-11-08T04:22:09.537500Z,19,p,0.76,0.006594
2405,2018-11-08T04:22:09.554000Z,24,p,0.818,0.02766
2406,2018-11-08T04:22:09.563000Z,24,s,0.619,0.02766
2407,2018-11-08T04:22:09.572500Z,19,s,0.598,0.006594
2408,2018-11-08T04:22:09.592500Z,13,p,0.406,0.004195
2409,2018-11-08T04:22:09.606500Z,17,s,0.414,0.004004
2410,2018-11-08T04:22:09.629500Z,16,s,0.568,0.002458
2411,2018-11-08T04:22:09.686500Z,13,s,0.687,0.004195
2412,2018-11-08T04:22:09.706000Z,12,s,0.716,0.003503
2413,2018-11-08T04:22:10.348000Z,21,p,0.817,0.02747
2414,2018-11-08T04:22:10.532000Z,21,s,0.642,0.02567
2415,2018-11-08T04:22:10.533000Z,22,s,0.391,0.03416
2416,2018-11-08T04:22:10.577500Z,22,s,0.407,0.01929
2417,2018-11-08T04:22:11.308500Z,22,p,0.549,0.0215
2418,2018-11-08T04:22:11.464500Z,21,p,0.335,0.008106
2419,2018-11-08T04:22:11.554500Z,22,s,0.444,0.01117
2420,2018-11-08T04:22:11.712000Z,22,p,0.895,0.01924
2421,2018-11-08T04:22:11.714000Z,21,p,0.399,0.02294
2422,2018-11-08T04:22:11.767000Z,22,s,0.866,0.01924
2423,2018-11-08T04:22:11.773500Z,21,s,0.445,0.02294
2424,2018-11-08T04:22:12.039500Z,22,p,0.96,0.02783
2425,2018-11-08T04:22:12.040000Z,21,p,0.939,0.01956
2426,2018-11-08T04:22:12.413000Z,22,s,0.84,0.009584
2427,2018-11-08T04:22:12.414000Z,21,s,0.569,0.005853
2428,2018-11-08T04:22:12.638000Z,21,p,0.521,0.0125
2429,2018-11-08T04:22:12.638000Z,22,p,0.851,0.01659
2430,2018-11-08T04:22:12.747500Z,22,s,0.725,0.01659
2431,2018-11-08T04:22:12.747500Z,21,s,0.663,0.0125
2432,2018-11-08T04:22:13.386000Z,21,p,0.393,0.003713
2433,2018-11-08T04:22:13.466000Z,21,s,0.417,0.003713
2434,2018-11-08T04:22:14.020000Z,22,s,0.308,0.01146
2435,2018-11-08T04:22:14.650500Z,22,s,0.77,0.02556
2436,2018-11-08T04:22:14.653000Z,21,s,0.579,0.02348
2437,2018-11-08T04:22:14.653500Z,21,p,0.335,0.02348
2438,2018-11-08T04:22:14.682500Z,21,s,0.415,0.006708
2439,2018-11-08T04:22:16.391000Z,22,p,0.926,0.06346
2440,2018-11-08T04:22:16.391500Z,21,p,0.941,0.05101
2441,2018-11-08T04:22:16.400000Z,23,p,0.395,0.006129
2442,2018-11-08T04:22:16.438500Z,21,s,0.52,0.02706
2443,2018-11-08T04:22:16.439500Z,22,s,0.627,0.02542
2444,2018-11-08T04:22:17.928500Z,22,p,0.621,0.009972
2445,2018-11-08T04:22:19.338000Z,24,p,0.35,0.003435
2446,2018-11-08T04:22:19.347500Z,22,p,0.774,0.03526
2447,2018-11-08T04:22:19.358500Z,21,p,0.598,0.04204
2448,2018-11-08T04:22:19.359500Z,21,s,0.326,0.04204
2449,2018-11-08T04:22:19.384500Z,22,s,0.559,0.02917
2450,2018-11-08T04:22:19.403500Z,24,s,0.799,0.003435
2451,2018-11-08T04:22:20.448500Z,22,p,0.373,0.03728
2452,2018-11-08T04:22:20.465500Z,21,p,0.461,0.01822
2453,2018-11-08T04:22:20.469500Z,22,s,0.703,0.03728
2454,2018-11-08T04:22:20.885500Z,23,s,0.503,0.003118
2455,2018-11-08T04:22:20.906000Z,21,p,0.488,0.02409
2456,2018-11-08T04:22:20.908500Z,22,p,0.755,0.01758
2457,2018-11-08T04:22:20.958500Z,21,s,0.644,0.02409
2458,2018-11-08T04:22:21.686500Z,22,p,0.507,0.005185
2459,2018-11-08T04:22:21.773500Z,20,s,0.417,0.001983
2460,2018-11-08T04:22:21.839500Z,22,s,0.574,0.005185
2461,2018-11-08T04:22:22.381500Z,22,s,0.42,0.01297
2462,2018-11-08T04:22:22.383500Z,21,p,0.959,0.006669
2463,2018-11-08T04:22:22.384000Z,22,p,0.537,0.01297
2464,2018-11-08T04:22:22.614000Z,21,s,0.604,0.00368
2465,2018-11-08T04:22:22.684000Z,22,p,0.681,0.004931
2466,2018-11-08T04:22:23.201500Z,21,p,0.868,0.01213
2467,2018-11-08T04:22:23.202000Z,22,p,0.741,0.02455
2468,2018-11-08T04:22:23.247000Z,21,s,0.912,0.01213
2469,2018-11-08T04:22:23.247000Z,22,s,0.878,0.02455
2470,2018-11-08T04:22:23.768500Z,22,p,0.529,0.003579
2471,2018-11-08T04:22:24.930500Z,22,s,0.498,0.003933
2472,2018-11-08T04:22:24.932000Z,21,s,0.437,0.002931
2473,2018-11-08T04:22:25.234000Z,22,p,0.483,0.006895
2474,2018-11-08T04:22:25.325500Z,21,s,0.771,0.004187
2475,2018-11-08T04:22:25.325500Z,22,s,0.517,0.006895
2476,2018-11-08T04:22:27.626000Z,22,p,0.815,0.3489
2477,2018-11-08T04:22:27.628000Z,21,p,0.48,0.2365
2478,2018-11-08T04:22:27.637500Z,22,s,0.59,0.3489
2479,2018-11-08T04:22:27.638500Z,21,s,0.643,0.2365
2480,2018-11-08T04:22:27.640000Z,23,p,0.897,0.02142
2481,2018-11-08T04:22:27.640500Z,20,p,0.786,0.02725
2482,2018-11-08T04:22:27.657000Z,23,s,0.803,0.02142
2483,2018-11-08T04:22:27.662000Z,20,s,0.886,0.02725
2484,2018-11-08T04:22:27.671500Z,24,p,0.927,0.02062
2485,2018-11-08T04:22:27.672000Z,19,p,0.336,0.009332
2486,2018-11-08T04:22:27.683500Z,19,s,0.479,0.009332
2487,2018-11-08T04:22:27.720000Z,17,p,0.76,0.007358
2488,2018-11-08T04:22:27.795500Z,13,p,0.324,0.004948
2489,2018-11-08T04:22:27.805500Z,13,s,0.502,0.004948
2490,2018-11-08T04:22:27.825000Z,12,p,0.722,0.004114
2491,2018-11-08T04:22:27.947500Z,12,s,0.548,0.002196
2492,2018-11-08T04:22:29.686000Z,21,p,0.779,0.01354
2493,2018-11-08T04:22:29.836000Z,22,s,0.888,0.0277
2494,2018-11-08T04:22:29.837000Z,21,s,0.944,0.01354
2495,2018-11-08T04:22:34.509500Z,22,p,0.353,0.01603
2496,2018-11-08T04:22:34.676000Z,22,s,0.475,0.01603
2497,2018-11-08T04:22:35.298000Z,22,p,0.477,0.008982
2498,2018-11-08T04:22:35.523000Z,21,p,0.302,0.02638
2499,2018-11-08T04:22:35.524500Z,22,s,0.363,0.04359
2500,2018-11-08T04:22:35.525500Z,21,s,0.63,0.02638
2501,2018-11-08T04:22:35.526000Z,22,p,0.649,0.04359
2502,2018-11-08T04:22:36.465000Z,21,p,0.827,0.003169
2503,2018-11-08T04:22:36.665000Z,21,p,0.526,0.003222
2504,2018-11-08T04:22:36.865500Z,21,s,0.457,0.002603
2505,2018-11-08T04:22:40.172500Z,21,p,0.645,0.224
2506,2018-11-08T04:22:40.191500Z,24,p,0.551,0.004639
2507,2018-11-08T04:22:40.199000Z,22,p,0.38,0.3073
2508,2018-11-08T04:22:40.208500Z,22,s,0.704,0.3073
2509,2018-11-08T04:22:40.209500Z,21,s,0.898,0.224
2510,2018-11-08T04:22:40.211000Z,23,p,0.636,0.02043
2511,2018-11-08T04:22:40.218500Z,20,s,0.394,0.01527
2512,2018-11-08T04:22:40.218500Z,23,s,0.693,0.02043
2513,2018-11-08T04:22:40.248000Z,24,s,0.858,0.004639
2514,2018-11-08T04:22:41.430500Z,22,p,0.549,0.1288
2515,2018-11-08T04:22:41.440500Z,21,p,0.902,0.0946
2516,2018-11-08T04:22:41.451000Z,20,p,0.902,0.01009
2517,2018-11-08T04:22:41.451500Z,23,p,0.9,0.008875
2518,2018-11-08T04:22:41.478500Z,24,p,0.464,0.003619
2519,2018-11-08T04:22:41.490000Z,21,s,0.597,0.0946
2520,2018-11-08T04:22:41.491000Z,22,s,0.767,0.1288
2521,2018-11-08T04:22:41.526000Z,23,s,0.371,0.008875
2522,2018-11-08T04:22:41.531000Z,24,s,0.767,0.003619
2523,2018-11-08T04:22:44.095000Z,21,p,0.742,0.007666
2524,2018-11-08T04:22:44.252500Z,22,p,0.36,0.00299
2525,2018-11-08T04:22:44.311500Z,21,s,0.361,0.002903
2526,2018-11-08T04:22:45.709500Z,21,p,0.876,0.004683
2527,2018-11-08T04:22:45.710000Z,22,s,0.329,0.008257
2528,2018-11-08T04:22:45.876000Z,21,s,0.694,0.004206
2529,2018-11-08T04:22:46.704500Z,21,p,0.488,0.00936
2530,2018-11-08T04:22:46.819500Z,22,p,0.495,0.01289
2531,2018-11-08T04:22:46.845000Z,21,s,0.679,0.00936
2532,2018-11-08T04:22:46.845000Z,22,s,0.631,0.01289
2533,2018-11-08T04:22:47.023500Z,22,p,0.925,0.03869
2534,2018-11-08T04:22:47.028000Z,21,p,0.616,0.02806
2535,2018-11-08T04:22:47.051000Z,22,s,0.935,0.03869
2536,2018-11-08T04:22:47.052000Z,21,s,0.913,0.02806
2537,2018-11-08T04:22:48.304000Z,22,p,0.484,0.002436
2538,2018-11-08T04:22:49.170500Z,21,s,0.628,0.008166
2539,2018-11-08T04:22:49.292500Z,22,p,0.379,0.005332
2540,2018-11-08T04:22:49.540500Z,22,p,0.695,0.009149
2541,2018-11-08T04:22:49.615000Z,22,s,0.926,0.009149
2542,2018-11-08T04:22:50.045000Z,22,p,0.605,0.0102
2543,2018-11-08T04:22:50.048500Z,22,s,0.425,0.006769
2544,2018-11-08T04:22:50.092500Z,22,s,0.51,0.008171
2545,2018-11-08T04:22:50.669500Z,21,p,0.734,0.03494
2546,2018-11-08T04:22:50.677500Z,22,p,0.903,0.005672
2547,2018-11-08T04:22:50.706500Z,21,s,0.437,0.03494
2548,2018-11-08T04:22:50.862000Z,22,s,0.522,0.005311
2549,2018-11-08T04:22:50.888000Z,22,s,0.313,0.003771
2550,2018-11-08T04:22:51.188500Z,21,p,0.337,0.003086
2551,2018-11-08T04:22:51.489500Z,22,p,0.874,0.01828
2552,2018-11-08T04:22:51.489500Z,21,p,0.496,0.01349
2553,2018-11-08T04:22:51.545000Z,22,s,0.874,0.01828
2554,2018-11-08T04:22:51.546000Z,21,s,0.757,0.01349
2555,2018-11-08T04:22:52.278000Z,22,s,0.804,0.003323
2556,2018-11-08T04:22:52.491500Z,22,p,0.882,0.006039
2557,2018-11-08T04:22:52.697000Z,22,s,0.918,0.006039
2558,2018-11-08T04:22:53.276000Z,22,p,0.729,0.005885
2559,2018-11-08T04:22:53.414500Z,22,s,0.684,0.005885
2560,2018-11-08T04:22:53.459500Z,21,s,0.78,0.003258
2561,2018-11-08T04:22:54.197500Z,21,p,0.429,0.002117
2562,2018-11-08T04:22:54.209000Z,22,p,0.891,0.003436
2563,2018-11-08T04:22:54.435500Z,22,p,0.474,0.002121
2564,2018-11-08T04:22:54.641000Z,22,s,0.6,0.002121
2565,2018-11-08T04:22:55.718500Z,22,p,0.955,0.005938
2566,2018-11-08T04:22:55.719500Z,21,p,0.966,0.004048
2567,2018-11-08T04:22:55.877000Z,22,s,0.736,0.004082
2568,2018-11-08T04:22:55.879000Z,21,s,0.656,0.002693
2569,2018-11-08T04:22:56.319500Z,22,p,0.672,0.01541
2570,2018-11-08T04:22:56.346500Z,22,s,0.889,0.01541
2571,2018-11-08T04:22:56.348000Z,21,s,0.75,0.0119
2572,2018-11-08T04:22:57.340000Z,22,s,0.425,0.004375
2573,2018-11-08T04:22:57.847500Z,21,p,0.557,0.002372
2574,2018-11-08T04:22:57.963500Z,21,s,0.41,0.002372
2575,2018-11-08T04:23:01.509500Z,21,p,0.927,0.01148
2576,2018-11-08T04:23:01.510000Z,22,p,0.635,0.0192
2577,2018-11-08T04:23:01.599500Z,22,s,0.869,0.0192
2578,2018-11-08T04:23:01.601500Z,21,s,0.873,0.01148
2579,2018-11-08T04:23:01.935500Z,18,s,0.532,0.002755
2580,2018-11-08T04:23:05.588500Z,21,s,0.46,0.001673
2581,2018-11-08T04:23:19.734500Z,2,s,0.481,0.003565
2582,2018-11-08T04:23:19.928500Z,22,s,0.696,0.005176
2583,2018-11-08T04:23:25.007500Z,21,s,0.533,0.003466
2584,2018-11-08T04:23:25.009500Z,22,s,0.59,0.004291
2585,2018-11-08T04:23:25.969500Z,21,p,0.369,0.00704
2586,2018-11-08T04:23:40.036000Z,1,s,0.697,0.002475
2587,2018-11-08T04:23:41.462000Z,23,p,0.905,0.008344
2588,2018-11-08T04:23:41.463500Z,24,p,0.798,0.004785
2589,2018-11-08T04:23:41.464000Z,21,p,0.325,0.003208
2590,2018-11-08T04:23:41.523000Z,24,s,0.935,0.004785
2591,2018-11-08T04:23:41.533500Z,23,s,0.962,0.008344
2592,2018-11-08T04:23:41.543000Z,22,s,0.926,0.003336
2593,2018-11-08T04:23:41.549000Z,21,s,0.688,0.003208
2594,2018-11-08T04:23:41.561000Z,20,s,0.904,0.002975
2595,2018-11-08T04:23:41.570500Z,19,s,0.873,0.002792
2596,2018-11-08T04:23:41.597500Z,16,s,0.514,0.002316
2597,2018-11-08T04:23:41.621500Z,14,s,0.36,0.001992
2598,2018-11-08T04:23:41.629500Z,13,s,0.572,0.001598
2599,2018-11-08T04:23:44.441500Z,22,p,0.845,0.03133
2600,2018-11-08T04:23:44.662000Z,22,s,0.729,0.03133
2601,2018-11-08T04:23:44.662000Z,21,p,0.761,0.03094
2602,2018-11-08T04:23:44.666000Z,21,s,0.35,0.01779
2603,2018-11-08T04:23:51.013000Z,22,s,0.875,0.004947
2604,2018-11-08T04:23:51.013500Z,21,s,0.533,0.00275
2605,2018-11-08T04:23:54.240500Z,20,s,0.451,0.001888
2606,2018-11-08T04:24:02.320000Z,21,p,0.648,0.02013
2607,2018-11-08T04:24:02.351000Z,22,p,0.809,0.02767
2608,2018-11-08T04:24:02.352500Z,21,s,0.677,0.02013
2609,2018-11-08T04:24:05.761500Z,22,s,0.516,0.003405
2610,2018-11-08T04:24:05.762000Z,21,s,0.758,0.003288
2611,2018-11-08T04:24:06.561500Z,22,s,0.397,0.00482
2612,2018-11-08T04:24:27.162000Z,23,p,0.513,0.00321
2613,2018-11-08T04:24:27.216500Z,23,s,0.682,0.002185
2614,2018-11-08T04:24:42.493500Z,24,p,0.515,0.003334
2615,2018-11-08T04:24:42.554000Z,24,s,0.799,0.003334
2616,2018-11-08T04:24:42.560500Z,23,p,0.702,0.004228
2617,2018-11-08T04:24:42.616000Z,23,s,0.801,0.002558
2618,2018-11-08T04:24:48.832500Z,21,s,0.314,0.003966
2619,2018-11-08T04:24:48.835500Z,22,s,0.542,0.004341
2620,2018-11-08T04:24:52.172000Z,22,p,0.429,0.0135
2621,2018-11-08T04:24:52.235500Z,22,s,0.586,0.0135
2622,2018-11-08T04:24:52.236000Z,21,s,0.653,0.006671
2623,2018-11-08T04:24:58.881000Z,11,s,0.862,0.004116
2624,2018-11-08T04:25:03.093500Z,14,s,0.419,0.002918
2625,2018-11-08T04:25:08.489500Z,20,s,0.465,0.001552
2626,2018-11-08T04:25:09.429500Z,22,s,0.738,0.008012
2627,2018-11-08T04:25:18.852000Z,9,s,0.496,0.002242
2628,2018-11-08T04:25:33.567500Z,5,p,0.381,0.003162
2629,2018-11-08T04:25:33.697000Z,5,s,0.876,0.003162
2630,2018-11-08T04:25:40.636000Z,22,s,0.431,0.01031
2631,2018-11-08T04:25:40.637500Z,21,s,0.59,0.006159
2632,2018-11-08T04:25:53.704500Z,23,s,0.388,0.003204
2633,2018-11-08T04:25:56.636500Z,20,s,0.849,0.002791
2634,2018-11-08T04:26:00.765500Z,24,s,0.5,0.002954
2635,2018-11-08T04:26:09.968500Z,24,s,0.427,0.002245
2636,2018-11-08T04:26:09.976500Z,23,s,0.447,0.002485
2637,2018-11-08T04:27:18.467500Z,22,s,0.421,0.002429
2638,2018-11-08T04:27:34.752500Z,22,p,0.458,0.009648
2639,2018-11-08T04:27:34.861500Z,22,s,0.867,0.009648
2640,2018-11-08T04:27:34.863000Z,21,p,0.417,0.00644
2641,2018-11-08T04:28:05.240500Z,24,s,0.782,0.004973
2642,2018-11-08T04:28:15.131500Z,23,s,0.885,0.00783
2643,2018-11-08T04:29:17.054500Z,4,p,0.327,0.005998
2644,2018-11-08T04:29:17.157500Z,4,s,0.629,0.005998
2645,2018-11-08T04:30:50.735000Z,20,s,0.75,0.002071
2646,2018-11-08T04:31:24.297500Z,5,s,0.613,0.002579
2647,2018-11-08T04:31:30.729500Z,13,s,0.653,0.00202
2648,2018-11-08T04:31:37.534000Z,24,p,0.981,0.8099
2649,2018-11-08T04:31:37.539500Z,23,p,0.986,0.8275
2650,2018-11-08T04:31:37.544000Z,22,p,0.976,0.3964
2651,2018-11-08T04:31:37.549500Z,21,p,0.985,0.2695
2652,2018-11-08T04:31:37.555500Z,20,p,0.984,0.3669
2653,2018-11-08T04:31:37.560500Z,19,p,0.985,0.1939
2654,2018-11-08T04:31:37.565500Z,18,p,0.982,0.183
2655,2018-11-08T04:31:37.571000Z,17,p,0.983,0.1688
2656,2018-11-08T04:31:37.576000Z,16,p,0.98,0.101
2657,2018-11-08T04:31:37.581000Z,15,p,0.975,0.1211
2658,2018-11-08T04:31:37.586500Z,14,p,0.968,0.1447
2659,2018-11-08T04:31:37.593500Z,13,p,0.975,0.0908
2660,2018-11-08T04:31:37.598000Z,12,p,0.981,0.08369
2661,2018-11-08T04:31:37.602000Z,11,p,0.975,0.05626
2662,2018-11-08T04:31:37.608000Z,10,p,0.98,0.05169
2663,2018-11-08T04:31:37.611000Z,24,s,0.964,0.8099
2664,2018-11-08T04:31:37.613500Z,9,p,0.976,0.04078
2665,2018-11-08T04:31:37.619000Z,8,p,0.976,0.06827
2666,2018-11-08T04:31:37.619500Z,23,s,0.968,0.8275
2667,2018-11-08T04:31:37.624000Z,7,p,0.972,0.05852
2668,2018-11-08T04:31:37.627500Z,22,s,0.968,0.3964
2669,2018-11-08T04:31:37.629500Z,6,p,0.966,0.04637
2670,2018-11-08T04:31:37.635000Z,5,p,0.971,0.03597
2671,2018-11-08T04:31:37.636000Z,21,s,0.963,0.2695
2672,2018-11-08T04:31:37.640000Z,4,p,0.978,0.04144
2673,2018-11-08T04:31:37.645000Z,20,s,0.919,0.3669
2674,2018-11-08T04:31:37.645500Z,3,p,0.964,0.05104
2675,2018-11-08T04:31:37.651500Z,2,p,0.952,0.04348
2676,2018-11-08T04:31:37.653500Z,19,s,0.966,0.1939
2677,2018-11-08T04:31:37.658000Z,1,p,0.96,0.03479
2678,2018-11-08T04:31:37.664500Z,18,s,0.918,0.183
2679,2018-11-08T04:31:37.672500Z,17,s,0.947,0.1688
2680,2018-11-08T04:31:37.682500Z,16,s,0.949,0.101
2681,2018-11-08T04:31:37.692500Z,15,s,0.886,0.1211
2682,2018-11-08T04:31:37.703500Z,14,s,0.906,0.1447
2683,2018-11-08T04:31:37.711000Z,13,s,0.839,0.0908
2684,2018-11-08T04:31:37.720500Z,12,s,0.948,0.08369
2685,2018-11-08T04:31:37.730500Z,11,s,0.836,0.05626
2686,2018-11-08T04:31:37.739000Z,10,s,0.921,0.05169
2687,2018-11-08T04:31:37.749000Z,9,s,0.847,0.04078
2688,2018-11-08T04:31:37.757000Z,8,s,0.895,0.06827
2689,2018-11-08T04:31:37.765500Z,7,s,0.905,0.05852
2690,2018-11-08T04:31:37.775000Z,6,s,0.905,0.04637
2691,2018-11-08T04:31:37.783500Z,5,s,0.946,0.03597
2692,2018-11-08T04:31:37.792000Z,4,s,0.929,0.04144
2693,2018-11-08T04:31:37.801500Z,3,s,0.945,0.05104
2694,2018-11-08T04:31:37.808500Z,2,s,0.871,0.04348
2695,2018-11-08T04:31:37.818500Z,1,s,0.896,0.03479
2696,2018-11-08T04:31:43.102500Z,24,p,0.547,0.003234
2697,2018-11-08T04:31:43.105500Z,23,p,0.47,0.002395
2698,2018-11-08T04:31:43.193000Z,24,s,0.779,0.003234
2699,2018-11-08T04:31:43.201500Z,23,s,0.445,0.002395
2700,2018-11-08T04:33:47.735500Z,21,s,0.366,0.004635
2701,2018-11-08T04:33:47.739500Z,22,s,0.509,0.006212
2702,2018-11-08T04:34:02.005500Z,20,s,0.691,0.003894
2703,2018-11-08T04:34:36.588500Z,22,p,0.443,0.002711
2704,2018-11-08T04:34:36.688500Z,22,s,0.57,0.002711
2705,2018-11-08T04:34:50.413500Z,22,s,0.572,0.002363
2706,2018-11-08T04:34:51.036000Z,24,s,0.476,0.005899
2707,2018-11-08T04:35:59.877500Z,17,s,0.628,0.002614
2708,2018-11-08T04:35:59.893500Z,13,s,0.779,0.004612
2709,2018-11-08T04:36:03.340500Z,16,p,0.319,0.004873
2710,2018-11-08T04:36:03.381500Z,13,p,0.32,0.004706
2711,2018-11-08T04:36:06.244500Z,16,p,0.695,0.005195
2712,2018-11-08T04:36:06.275500Z,17,s,0.479,0.003944
2713,2018-11-08T04:36:06.288500Z,13,s,0.746,0.00507
2714,2018-11-08T04:36:06.307500Z,12,s,0.713,0.00396
2715,2018-11-08T04:36:06.328500Z,11,p,0.434,0.003337
2716,2018-11-08T04:36:06.389500Z,8,s,0.411,0.002023
2717,2018-11-08T04:36:06.709500Z,16,s,0.385,0.002687
2718,2018-11-08T04:36:06.748000Z,13,p,0.302,0.0035
2719,2018-11-08T04:36:06.749000Z,13,s,0.55,0.0035
2720,2018-11-08T04:36:06.768000Z,12,s,0.59,0.002971
2721,2018-11-08T04:36:07.746000Z,13,p,0.377,0.004294
2722,2018-11-08T04:36:07.764500Z,16,s,0.559,0.003989
2723,2018-11-08T04:36:07.797500Z,13,s,0.753,0.004294
2724,2018-11-08T04:36:07.817500Z,12,s,0.502,0.004693
2725,2018-11-08T04:36:07.845500Z,11,s,0.342,0.002356
2726,2018-11-08T04:36:07.886000Z,22,s,0.506,0.001793
2727,2018-11-08T04:36:07.924000Z,24,s,0.624,0.002094
2728,2018-11-08T04:36:10.797500Z,13,s,0.447,0.002826
2729,2018-11-08T04:36:13.380000Z,15,p,0.596,0.005173
2730,2018-11-08T04:36:13.386000Z,16,p,0.556,0.00962
2731,2018-11-08T04:36:13.406000Z,17,p,0.843,0.006533
2732,2018-11-08T04:36:13.419000Z,13,p,0.891,0.01161
2733,2018-11-08T04:36:13.428500Z,3,s,0.345,0.004432
2734,2018-11-08T04:36:13.428500Z,18,p,0.512,0.004151
2735,2018-11-08T04:36:13.429000Z,15,s,0.762,0.005173
2736,2018-11-08T04:36:13.437500Z,16,s,0.704,0.009021
2737,2018-11-08T04:36:13.439500Z,12,p,0.604,0.009852
2738,2018-11-08T04:36:13.456500Z,17,s,0.688,0.006533
2739,2018-11-08T04:36:13.463500Z,11,p,0.544,0.005502
2740,2018-11-08T04:36:13.471000Z,13,s,0.954,0.01161
2741,2018-11-08T04:36:13.480000Z,18,s,0.71,0.004151
2742,2018-11-08T04:36:13.491500Z,12,s,0.928,0.009852
2743,2018-11-08T04:36:13.512500Z,11,s,0.564,0.005502
2744,2018-11-08T04:36:13.532500Z,10,s,0.309,0.00285
2745,2018-11-08T04:36:13.560500Z,22,s,0.728,0.002419
2746,2018-11-08T04:36:13.575500Z,8,s,0.717,0.003909
2747,2018-11-08T04:36:13.582500Z,23,s,0.599,0.002071
2748,2018-11-08T04:36:13.600500Z,24,s,0.686,0.004726
2749,2018-11-08T04:36:14.150500Z,13,p,0.359,0.001889
2750,2018-11-08T04:36:14.278500Z,13,s,0.623,0.001889
2751,2018-11-08T04:36:17.350500Z,20,s,0.65,0.002018
2752,2018-11-08T04:36:18.927500Z,16,s,0.515,0.002463
2753,2018-11-08T04:36:18.949500Z,17,s,0.477,0.001999
2754,2018-11-08T04:36:18.963500Z,13,s,0.517,0.00448
2755,2018-11-08T04:36:23.185500Z,13,s,0.529,0.001823
2756,2018-11-08T04:36:23.548500Z,22,s,0.65,0.003142
2757,2018-11-08T04:36:26.992000Z,16,p,0.641,0.007928
2758,2018-11-08T04:36:27.016000Z,17,p,0.85,0.005818
2759,2018-11-08T04:36:27.030500Z,16,s,0.848,0.007928
2760,2018-11-08T04:36:27.034500Z,13,p,0.907,0.008558
2761,2018-11-08T04:36:27.051000Z,17,s,0.817,0.005818
2762,2018-11-08T04:36:27.056500Z,12,p,0.596,0.008524
2763,2018-11-08T04:36:27.062500Z,13,s,0.899,0.008558
2764,2018-11-08T04:36:27.078000Z,11,p,0.862,0.002779
2765,2018-11-08T04:36:27.085500Z,12,s,0.687,0.008524
2766,2018-11-08T04:36:27.106000Z,11,s,0.825,0.002779
2767,2018-11-08T04:36:27.153000Z,22,s,0.748,0.002325
2768,2018-11-08T04:36:27.166500Z,8,s,0.382,0.001917
2769,2018-11-08T04:36:27.173500Z,23,s,0.302,0.002297
2770,2018-11-08T04:36:27.192500Z,24,s,0.556,0.003814
2771,2018-11-08T04:36:27.603000Z,13,p,0.936,0.01142
2772,2018-11-08T04:36:27.793000Z,13,s,0.903,0.005324
2773,2018-11-08T04:36:27.797500Z,18,s,0.488,0.002566
2774,2018-11-08T04:36:27.813000Z,12,p,0.589,0.01443
2775,2018-11-08T04:36:27.833500Z,11,p,0.867,0.007938
2776,2018-11-08T04:36:27.897500Z,8,p,0.823,0.005126
2777,2018-11-08T04:36:27.900500Z,23,p,0.482,0.001659
2778,2018-11-08T04:36:27.921500Z,24,s,0.339,0.002704
2779,2018-11-08T04:36:27.922000Z,24,p,0.335,0.003578
2780,2018-11-08T04:36:27.995500Z,16,p,0.774,0.01758
2781,2018-11-08T04:36:28.002000Z,17,p,0.62,0.008409
2782,2018-11-08T04:36:28.007500Z,16,s,0.733,0.01362
2783,2018-11-08T04:36:28.016500Z,14,s,0.474,0.007002
2784,2018-11-08T04:36:28.027500Z,17,s,0.836,0.008409
2785,2018-11-08T04:36:28.037500Z,13,s,0.519,0.01778
2786,2018-11-08T04:36:28.040500Z,13,p,0.524,0.01778
2787,2018-11-08T04:36:28.048500Z,18,s,0.499,0.005392
2788,2018-11-08T04:36:28.059000Z,12,s,0.854,0.01443
2789,2018-11-08T04:36:28.068000Z,19,s,0.545,0.002442
2790,2018-11-08T04:36:28.080500Z,11,s,0.814,0.007938
2791,2018-11-08T04:36:28.141500Z,8,s,0.707,0.005126
2792,2018-11-08T04:36:28.168500Z,24,s,0.478,0.003578
2793,2018-11-08T04:36:31.037500Z,22,s,0.547,0.002213
2794,2018-11-08T04:36:32.701000Z,16,p,0.786,0.009184
2795,2018-11-08T04:36:32.703000Z,15,p,0.785,0.01053
2796,2018-11-08T04:36:32.707500Z,17,p,0.677,0.006243
2797,2018-11-08T04:36:32.709500Z,16,s,0.532,0.009184
2798,2018-11-08T04:36:32.724500Z,14,p,0.541,0.007228
2799,2018-11-08T04:36:32.733500Z,17,s,0.801,0.006243
2800,2018-11-08T04:36:32.744500Z,13,s,0.519,0.01153
2801,2018-11-08T04:36:32.766000Z,12,s,0.845,0.008511
2802,2018-11-08T04:36:32.788000Z,11,s,0.686,0.007718
2803,2018-11-08T04:36:32.848500Z,8,s,0.457,0.003804
2804,2018-11-08T04:36:37.767500Z,12,p,0.396,0.003493
2805,2018-11-08T04:36:37.829500Z,16,s,0.402,0.002246
2806,2018-11-08T04:36:37.867500Z,13,s,0.712,0.00369
2807,2018-11-08T04:36:37.889000Z,12,s,0.789,0.003493
2808,2018-11-08T04:36:42.398000Z,13,p,0.539,0.004048
2809,2018-11-08T04:36:42.428500Z,16,p,0.577,0.00438
2810,2018-11-08T04:36:42.493500Z,13,s,0.849,0.004048
2811,2018-11-08T04:36:46.310500Z,17,p,0.339,0.003929
2812,2018-11-08T04:36:46.324000Z,13,p,0.471,0.005638
2813,2018-11-08T04:36:46.353500Z,11,p,0.306,0.001984
2814,2018-11-08T04:36:46.400500Z,16,s,0.737,0.003655
2815,2018-11-08T04:36:46.419500Z,17,s,0.721,0.003929
2816,2018-11-08T04:36:46.433000Z,13,s,0.934,0.005638
2817,2018-11-08T04:36:46.453500Z,12,s,0.562,0.005673
2818,2018-11-08T04:36:46.461500Z,19,s,0.331,0.002133
2819,2018-11-08T04:36:46.472500Z,11,s,0.735,0.001984
2820,2018-11-08T04:36:46.521500Z,22,s,0.48,0.002306
2821,2018-11-08T04:36:46.535500Z,8,s,0.331,0.001991
2822,2018-11-08T04:36:46.543500Z,23,s,0.46,0.001718
2823,2018-11-08T04:36:46.562000Z,24,s,0.665,0.003564
2824,2018-11-08T04:36:53.008500Z,13,p,0.313,0.003424
2825,2018-11-08T04:36:53.029500Z,12,p,0.49,0.00316
2826,2018-11-08T04:36:53.370000Z,13,s,0.316,0.002655
2827,2018-11-08T04:36:53.395500Z,12,s,0.605,0.002135
2828,2018-11-08T04:36:56.200500Z,13,s,0.416,0.002295
2829,2018-11-08T04:36:57.508500Z,5,p,0.396,0.002762
2830,2018-11-08T04:36:57.624500Z,5,s,0.583,0.002762
2831,2018-11-08T04:36:59.496500Z,13,p,0.435,0.00543
2832,2018-11-08T04:36:59.550000Z,16,s,0.697,0.002998
2833,2018-11-08T04:36:59.585000Z,13,s,0.895,0.00543
2834,2018-11-08T04:36:59.604000Z,12,s,0.696,0.00421
2835,2018-11-08T04:36:59.624500Z,11,p,0.375,0.002193
2836,2018-11-08T04:37:06.124500Z,13,p,0.486,0.003753
2837,2018-11-08T04:37:06.306000Z,13,s,0.887,0.003753
2838,2018-11-08T04:37:06.325500Z,12,s,0.325,0.002542
2839,2018-11-08T04:37:14.327500Z,22,p,0.713,0.002086
2840,2018-11-08T04:37:14.344500Z,13,s,0.739,0.009349
2841,2018-11-08T04:37:14.345500Z,18,s,0.379,0.00334
2842,2018-11-08T04:37:14.425000Z,22,s,0.66,0.002086
2843,2018-11-08T04:37:14.467500Z,24,s,0.472,0.002925
2844,2018-11-08T04:37:14.544500Z,13,p,0.419,0.005821
2845,2018-11-08T04:37:14.620000Z,13,s,0.342,0.005821
2846,2018-11-08T04:37:16.874500Z,20,s,0.674,0.001812
2847,2018-11-08T04:37:35.097500Z,16,s,0.482,0.005981
2848,2018-11-08T04:37:35.121500Z,17,s,0.357,0.003284
2849,2018-11-08T04:37:35.127000Z,13,s,0.833,0.005128
2850,2018-11-08T04:37:35.183500Z,11,s,0.359,0.001968
2851,2018-11-08T04:37:35.394000Z,16,p,0.654,0.00541
2852,2018-11-08T04:37:35.415000Z,16,s,0.683,0.00541
2853,2018-11-08T04:37:35.441500Z,13,p,0.532,0.00914
2854,2018-11-08T04:37:35.445000Z,13,s,0.458,0.00914
2855,2018-11-08T04:37:35.465500Z,12,s,0.569,0.005758
2856,2018-11-08T04:37:35.486500Z,11,s,0.577,0.0043
2857,2018-11-08T04:37:36.225500Z,13,p,0.501,0.001723
2858,2018-11-08T04:37:38.174000Z,16,p,0.938,0.01131
2859,2018-11-08T04:37:38.181500Z,15,p,0.846,0.007293
2860,2018-11-08T04:37:38.194000Z,16,s,0.721,0.01131
2861,2018-11-08T04:37:38.197500Z,22,p,0.385,0.002173
2862,2018-11-08T04:37:38.200000Z,15,s,0.605,0.006095
2863,2018-11-08T04:37:38.206500Z,17,p,0.618,0.005812
2864,2018-11-08T04:37:38.209500Z,17,s,0.395,0.005812
2865,2018-11-08T04:37:38.211000Z,14,s,0.415,0.004929
2866,2018-11-08T04:37:38.218000Z,13,p,0.709,0.01676
2867,2018-11-08T04:37:38.234500Z,13,s,0.822,0.01676
2868,2018-11-08T04:37:38.234500Z,18,s,0.498,0.004164
2869,2018-11-08T04:37:38.235500Z,12,p,0.724,0.01178
2870,2018-11-08T04:37:38.250500Z,12,s,0.568,0.01178
2871,2018-11-08T04:37:38.259500Z,11,p,0.866,0.005907
2872,2018-11-08T04:37:38.279000Z,11,s,0.738,0.005907
2873,2018-11-08T04:37:38.293500Z,21,s,0.517,0.002195
2874,2018-11-08T04:37:38.312500Z,22,s,0.843,0.002173
2875,2018-11-08T04:37:38.322000Z,8,p,0.661,0.003737
2876,2018-11-08T04:37:38.335000Z,23,s,0.708,0.002206
2877,2018-11-08T04:37:38.339500Z,8,s,0.394,0.003737
2878,2018-11-08T04:37:38.349000Z,24,s,0.791,0.003383
2879,2018-11-08T04:37:38.353500Z,7,s,0.362,0.002165
2880,2018-11-08T04:37:38.404500Z,13,p,0.464,0.007062
2881,2018-11-08T04:37:38.419500Z,4,s,0.424,0.002231
2882,2018-11-08T04:37:38.430000Z,13,s,0.709,0.007062
2883,2018-11-08T04:37:38.440000Z,18,p,0.422,0.002486
2884,2018-11-08T04:37:38.468000Z,11,p,0.382,0.003391
2885,2018-11-08T04:37:50.396000Z,19,s,0.559,0.003331
2886,2018-11-08T04:38:02.083500Z,13,s,0.455,0.002091
2887,2018-11-08T04:38:10.670500Z,13,p,0.31,0.005771
2888,2018-11-08T04:38:10.687500Z,13,s,0.352,0.005771
2889,2018-11-08T04:38:15.779000Z,13,p,0.918,0.006086
2890,2018-11-08T04:38:15.799000Z,12,p,0.905,0.003639
2891,2018-11-08T04:38:15.988000Z,13,s,0.854,0.006086
2892,2018-11-08T04:38:16.008000Z,12,s,0.688,0.003639
2893,2018-11-08T04:38:39.345500Z,23,p,0.302,0.001921
2894,2018-11-08T04:38:39.476000Z,23,s,0.416,0.001921
2895,2018-11-08T04:39:03.388000Z,1,s,0.555,0.00255
2896,2018-11-08T04:39:40.577500Z,13,s,0.519,0.001374
2897,2018-11-08T04:40:02.941500Z,23,p,0.386,0.002315
2898,2018-11-08T04:40:03.065500Z,23,s,0.555,0.002315
2899,2018-11-08T04:40:06.894500Z,20,p,0.472,0.002962
2900,2018-11-08T04:40:07.013000Z,20,s,0.816,0.002962
2901,2018-11-08T04:40:33.113500Z,22,s,0.852,0.002972
2902,2018-11-08T04:40:33.117000Z,21,s,0.683,0.002448
2903,2018-11-08T04:40:33.343500Z,24,p,0.382,0.003317
2904,2018-11-08T04:40:33.362000Z,23,p,0.344,0.003883
2905,2018-11-08T04:40:33.408000Z,24,s,0.894,0.003317
2906,2018-11-08T04:40:33.414000Z,23,s,0.711,0.003883
2907,2018-11-08T04:40:33.423500Z,22,s,0.57,0.002779
2908,2018-11-08T04:40:35.782500Z,20,s,0.396,0.002128
2909,2018-11-08T04:41:00.976000Z,11,s,0.628,0.004735
2910,2018-11-08T04:41:20.620000Z,12,s,0.655,0.00814
2911,2018-11-08T04:42:38.261500Z,5,s,0.701,0.002551
2912,2018-11-08T04:43:10.505500Z,24,p,0.984,1.383
2913,2018-11-08T04:43:10.509500Z,23,p,0.971,1.472
2914,2018-11-08T04:43:10.515500Z,22,p,0.976,1.079
2915,2018-11-08T04:43:10.521500Z,21,p,0.986,0.9327
2916,2018-11-08T04:43:10.525500Z,20,p,0.968,0.5394
2917,2018-11-08T04:43:10.531500Z,19,p,0.986,0.7157
2918,2018-11-08T04:43:10.537500Z,18,p,0.986,0.6217
2919,2018-11-08T04:43:10.542000Z,17,p,0.974,0.4321
2920,2018-11-08T04:43:10.547500Z,16,p,0.986,0.4392
2921,2018-11-08T04:43:10.553000Z,15,p,0.984,0.2503
2922,2018-11-08T04:43:10.559000Z,14,p,0.983,0.1784
2923,2018-11-08T04:43:10.565000Z,13,p,0.969,0.2887
2924,2018-11-08T04:43:10.570500Z,12,p,0.987,0.3483
2925,2018-11-08T04:43:10.570500Z,24,s,0.955,0.6256
2926,2018-11-08T04:43:10.575500Z,11,p,0.981,0.2156
2927,2018-11-08T04:43:10.579500Z,23,s,0.966,0.5853
2928,2018-11-08T04:43:10.580000Z,10,p,0.976,0.1838
2929,2018-11-08T04:43:10.586000Z,9,p,0.984,0.1031
2930,2018-11-08T04:43:10.587500Z,22,s,0.962,0.2896
2931,2018-11-08T04:43:10.591500Z,8,p,0.972,0.1013
2932,2018-11-08T04:43:10.596000Z,21,s,0.947,0.3202
2933,2018-11-08T04:43:10.596000Z,7,p,0.976,0.06403
2934,2018-11-08T04:43:10.602000Z,6,p,0.982,0.06055
2935,2018-11-08T04:43:10.606000Z,20,s,0.82,0.2329
2936,2018-11-08T04:43:10.607500Z,5,p,0.977,0.05058
2937,2018-11-08T04:43:10.613000Z,19,s,0.961,0.1706
2938,2018-11-08T04:43:10.613000Z,4,p,0.972,0.07076
2939,2018-11-08T04:43:10.614500Z,17,s,0.374,0.169
2940,2018-11-08T04:43:10.618000Z,3,p,0.979,0.06809
2941,2018-11-08T04:43:10.622500Z,18,s,0.784,0.2443
2942,2018-11-08T04:43:10.623500Z,2,p,0.978,0.06749
2943,2018-11-08T04:43:10.628000Z,1,p,0.965,0.05439
2944,2018-11-08T04:43:10.639000Z,12,s,0.794,0.111
2945,2018-11-08T04:43:10.651500Z,15,s,0.535,0.1195
2946,2018-11-08T04:43:10.678500Z,13,s,0.734,0.09236
2947,2018-11-08T04:43:10.685500Z,12,s,0.755,0.07386
2948,2018-11-08T04:43:10.695000Z,11,s,0.801,0.06351
2949,2018-11-08T04:43:10.706000Z,10,s,0.491,0.1044
2950,2018-11-08T04:43:10.715000Z,9,s,0.773,0.07167
2951,2018-11-08T04:43:10.727000Z,8,s,0.696,0.05411
2952,2018-11-08T04:43:10.728500Z,7,s,0.752,0.06187
2953,2018-11-08T04:43:10.739000Z,6,s,0.727,0.06055
2954,2018-11-08T04:43:10.750500Z,5,s,0.856,0.03636
2955,2018-11-08T04:43:10.759000Z,4,s,0.837,0.07076
2956,2018-11-08T04:43:10.768000Z,3,s,0.818,0.06809
2957,2018-11-08T04:43:10.776500Z,2,s,0.808,0.06749
2958,2018-11-08T04:43:10.781000Z,1,s,0.864,0.05439
2959,2018-11-08T04:43:16.725500Z,23,s,0.726,0.002673
2960,2018-11-08T04:43:28.597500Z,20,s,0.714,0.002253
2961,2018-11-08T04:43:28.999500Z,2,s,0.359,0.003028
2962,2018-11-08T04:44:53.637500Z,20,s,0.39,0.001678
2963,2018-11-08T04:46:21.562000Z,20,s,0.597,0.001754
2964,2018-11-08T04:46:38.985500Z,10,s,0.518,0.002804
2965,2018-11-08T04:47:58.987500Z,22,s,0.677,0.00299
2966,2018-11-08T04:48:10.350500Z,20,s,0.323,0.003341
2967,2018-11-08T04:48:24.220500Z,20,s,0.558,0.001946
2968,2018-11-08T04:48:30.253500Z,23,s,0.56,0.002559
2969,2018-11-08T04:48:36.374500Z,24,p,0.564,0.004548
2970,2018-11-08T04:48:36.487500Z,24,s,0.885,0.004548
2971,2018-11-08T04:49:00.581500Z,5,s,0.44,0.002127
2972,2018-11-08T04:49:02.609500Z,11,p,0.366,0.004352
2973,2018-11-08T04:49:02.716000Z,11,s,0.812,0.004352
2974,2018-11-08T04:49:59.069500Z,20,s,0.426,0.00224
2975,2018-11-08T04:51:16.454500Z,21,p,0.32,0.003016
2976,2018-11-08T04:51:16.682500Z,21,s,0.745,0.003016
2977,2018-11-08T04:51:16.683500Z,22,s,0.315,0.002781
2978,2018-11-08T04:51:36.733500Z,20,p,0.654,0.001927
2979,2018-11-08T04:51:37.005500Z,20,s,0.658,0.001927
2980,2018-11-08T04:53:22.869500Z,22,s,0.506,0.00574
2981,2018-11-08T04:53:22.869500Z,21,s,0.358,0.005079
2982,2018-11-08T04:54:16.578500Z,2,p,0.61,0.002382
2983,2018-11-08T04:54:16.713500Z,8,p,0.361,0.002103
2984,2018-11-08T04:54:16.781500Z,11,p,0.354,0.002437
2985,2018-11-08T04:54:16.794000Z,12,p,0.494,0.0025
2986,2018-11-08T04:54:16.821500Z,13,p,0.417,0.003118
2987,2018-11-08T04:54:16.971500Z,18,p,0.309,0.002331
2988,2018-11-08T04:54:17.090500Z,24,p,0.306,0.002437
2989,2018-11-08T04:54:17.303500Z,2,s,0.392,0.003693
2990,2018-11-08T04:54:17.318500Z,3,s,0.494,0.002132
2991,2018-11-08T04:54:17.366500Z,5,s,0.322,0.005999
2992,2018-11-08T04:54:17.503500Z,12,s,0.337,0.004453
2993,2018-11-08T04:54:17.530500Z,13,s,0.384,0.005817
2994,2018-11-08T04:54:17.610500Z,17,s,0.401,0.003033
2995,2018-11-08T04:54:17.703500Z,21,s,0.32,0.001827
2996,2018-11-08T04:54:17.745000Z,24,s,0.639,0.004782
2997,2018-11-08T04:54:19.498500Z,20,s,0.757,0.002786
2998,2018-11-08T04:54:20.589500Z,1,s,0.682,0.002579
2999,2018-11-08T04:55:00.334000Z,20,s,0.354,0.001768
3000,2018-11-08T04:55:10.885500Z,24,s,0.514,0.005071
3001,2018-11-08T04:56:03.261000Z,5,s,0.815,0.002712
3002,2018-11-08T04:56:29.035500Z,23,s,0.337,0.002448
3003,2018-11-08T04:56:47.477500Z,17,s,0.369,0.002388
3004,2018-11-08T04:57:07.428000Z,11,s,0.683,0.004475
3005,2018-11-08T04:57:51.093500Z,11,p,0.349,0.001776
3006,2018-11-08T04:58:09.370500Z,10,s,0.316,0.002205
3007,2018-11-08T04:59:25.604000Z,21,p,0.734,0.003235
3008,2018-11-08T04:59:25.928500Z,21,s,0.408,0.003235
3009,2018-11-08T05:00:07.936500Z,8,s,0.708,0.002879
3010,2018-11-08T05:00:11.049000Z,22,p,0.875,0.334
3011,2018-11-08T05:00:11.051000Z,21,p,0.915,0.2588
3012,2018-11-08T05:00:11.061500Z,23,p,0.976,0.04451
3013,2018-11-08T05:00:11.062500Z,20,p,0.974,0.03761
3014,2018-11-08T05:00:11.076500Z,23,s,0.917,0.04451
3015,2018-11-08T05:00:11.079000Z,20,s,0.96,0.03761
3016,2018-11-08T05:00:11.086500Z,19,p,0.738,0.01549
3017,2018-11-08T05:00:11.092500Z,21,s,0.36,0.1863
3018,2018-11-08T05:00:11.096500Z,24,s,0.875,0.05261
3019,2018-11-08T05:00:11.096500Z,19,s,0.708,0.01549
3020,2018-11-08T05:00:11.118000Z,18,s,0.589,0.01671
3021,2018-11-08T05:00:11.137500Z,17,s,0.562,0.0119
3022,2018-11-08T05:00:11.155500Z,12,p,0.305,0.0057
3023,2018-11-08T05:00:11.156500Z,16,s,0.313,0.005284
3024,2018-11-08T05:00:11.176000Z,13,p,0.49,0.008311
3025,2018-11-08T05:00:11.201000Z,14,p,0.662,0.002735
3026,2018-11-08T05:00:11.222000Z,13,s,0.929,0.008311
3027,2018-11-08T05:00:11.241500Z,12,s,0.614,0.0057
3028,2018-11-08T05:00:11.263500Z,11,s,0.572,0.003239
3029,2018-11-08T05:00:11.720500Z,24,p,0.399,0.01363
3030,2018-11-08T05:00:11.937500Z,22,p,0.951,0.3179
3031,2018-11-08T05:00:11.939500Z,21,p,0.968,0.1705
3032,2018-11-08T05:00:11.947000Z,20,p,0.353,0.01345
3033,2018-11-08T05:00:11.947000Z,23,p,0.4,0.01605
3034,2018-11-08T05:00:11.948500Z,23,s,0.508,0.01605
3035,2018-11-08T05:00:11.949000Z,20,s,0.517,0.01345
3036,2018-11-08T05:00:11.981500Z,24,s,0.918,0.01363
3037,2018-11-08T05:00:11.985500Z,19,s,0.577,0.004037
3038,2018-11-08T05:00:11.990000Z,21,s,0.496,0.05277
3039,2018-11-08T05:00:12.005000Z,18,s,0.319,0.004856
3040,2018-11-08T05:00:12.005500Z,18,p,0.304,0.004856
3041,2018-11-08T05:00:12.108000Z,13,s,0.684,0.002875
3042,2018-11-08T05:00:13.236500Z,21,p,0.536,0.004901
3043,2018-11-08T05:00:13.436000Z,21,s,0.724,0.004901
3044,2018-11-08T05:00:13.437500Z,22,s,0.668,0.006651
3045,2018-11-08T05:00:14.245000Z,22,p,0.353,0.01493
3046,2018-11-08T05:00:14.250000Z,21,p,0.726,0.009637
3047,2018-11-08T05:00:14.300000Z,22,s,0.304,0.01493
3048,2018-11-08T05:00:14.302000Z,21,s,0.358,0.009637
3049,2018-11-08T05:00:14.504000Z,22,p,0.787,0.002724
3050,2018-11-08T05:00:14.548500Z,22,p,0.427,0.006733
3051,2018-11-08T05:00:14.574500Z,22,s,0.761,0.006733
3052,2018-11-08T05:00:15.158000Z,22,p,0.529,0.02087
3053,2018-11-08T05:00:15.165500Z,21,p,0.333,0.001498
3054,2018-11-08T05:00:15.237000Z,22,s,0.896,0.02087
3055,2018-11-08T05:00:15.238000Z,21,p,0.772,0.0143
3056,2018-11-08T05:00:15.286000Z,21,s,0.465,0.008115
3057,2018-11-08T05:00:18.083500Z,22,s,0.51,0.002588
3058,2018-11-08T05:00:18.264000Z,21,p,0.799,0.007642
3059,2018-11-08T05:00:18.347500Z,22,p,0.964,0.01415
3060,2018-11-08T05:00:18.348000Z,21,s,0.423,0.007642
3061,2018-11-08T05:00:18.440500Z,22,s,0.489,0.002964
3062,2018-11-08T05:00:22.638000Z,22,p,0.939,0.07244
3063,2018-11-08T05:00:22.638500Z,21,p,0.918,0.04338
3064,2018-11-08T05:00:22.645500Z,23,p,0.629,0.006202
3065,2018-11-08T05:00:22.649000Z,20,p,0.597,0.006417
3066,2018-11-08T05:00:22.649500Z,23,s,0.341,0.006202
3067,2018-11-08T05:00:22.660500Z,22,s,0.433,0.01008
3068,2018-11-08T05:00:22.661000Z,21,s,0.402,0.01437
3069,2018-11-08T05:00:22.667500Z,20,s,0.414,0.006417
3070,2018-11-08T05:00:22.682000Z,24,s,0.845,0.005569
3071,2018-11-08T05:00:23.455000Z,21,s,0.399,0.01092
3072,2018-11-08T05:00:24.085500Z,22,s,0.347,0.001934
3073,2018-11-08T05:00:24.415500Z,22,p,0.316,0.00677
3074,2018-11-08T05:00:24.673500Z,22,s,0.855,0.00677
3075,2018-11-08T05:00:52.877500Z,4,s,0.644,0.006239
3076,2018-11-08T05:01:00.481500Z,24,p,0.971,11.06
3077,2018-11-08T05:01:00.487500Z,23,p,0.983,10.46
3078,2018-11-08T05:01:00.492000Z,22,p,0.976,6.542
3079,2018-11-08T05:01:00.497500Z,21,p,0.98,3.937
3080,2018-11-08T05:01:00.503000Z,20,p,0.965,6.524
3081,2018-11-08T05:01:00.508000Z,19,p,0.983,3.079
3082,2018-11-08T05:01:00.513500Z,18,p,0.979,2.395
3083,2018-11-08T05:01:00.519000Z,17,p,0.976,2.594
3084,2018-11-08T05:01:00.524000Z,16,p,0.977,1.607
3085,2018-11-08T05:01:00.529500Z,15,p,0.973,2.006
3086,2018-11-08T05:01:00.535000Z,14,p,0.972,2.111
3087,2018-11-08T05:01:00.541500Z,13,p,0.972,1.506
3088,2018-11-08T05:01:00.546000Z,12,p,0.977,1.232
3089,2018-11-08T05:01:00.550500Z,11,p,0.972,1.05
3090,2018-11-08T05:01:00.555500Z,10,p,0.978,0.6923
3091,2018-11-08T05:01:00.559500Z,24,s,0.964,11.06
3092,2018-11-08T05:01:00.561000Z,9,p,0.976,0.5926
3093,2018-11-08T05:01:00.566500Z,8,p,0.971,0.8608
3094,2018-11-08T05:01:00.568500Z,23,s,0.958,10.46
3095,2018-11-08T05:01:00.571500Z,7,p,0.971,0.7527
3096,2018-11-08T05:01:00.576000Z,22,s,0.957,6.542
3097,2018-11-08T05:01:00.577500Z,6,p,0.975,0.6602
3098,2018-11-08T05:01:00.582000Z,5,p,0.977,0.4886
3099,2018-11-08T05:01:00.584500Z,21,s,0.957,3.937
3100,2018-11-08T05:01:00.587500Z,4,p,0.977,0.6227
3101,2018-11-08T05:01:00.593000Z,3,p,0.979,0.7352
3102,2018-11-08T05:01:00.593500Z,20,s,0.922,6.524
3103,2018-11-08T05:01:00.599000Z,2,p,0.973,0.6255
3104,2018-11-08T05:01:00.602000Z,19,s,0.952,3.079
3105,2018-11-08T05:01:00.603000Z,1,p,0.968,0.5775
3106,2018-11-08T05:01:00.612000Z,18,s,0.93,2.395
3107,2018-11-08T05:01:00.619000Z,17,s,0.88,2.594
3108,2018-11-08T05:01:00.630500Z,16,s,0.901,1.607
3109,2018-11-08T05:01:00.640500Z,15,s,0.926,2.006
3110,2018-11-08T05:01:00.651000Z,14,s,0.871,2.111
3111,2018-11-08T05:01:00.659000Z,13,s,0.904,1.506
3112,2018-11-08T05:01:00.668000Z,12,s,0.934,1.232
3113,2018-11-08T05:01:00.677000Z,11,s,0.82,1.05
3114,2018-11-08T05:01:00.687000Z,10,s,0.886,0.6923
3115,2018-11-08T05:01:00.696500Z,9,s,0.897,0.5926
3116,2018-11-08T05:01:00.705000Z,8,s,0.885,0.8608
3117,2018-11-08T05:01:00.714000Z,7,s,0.929,0.7527
3118,2018-11-08T05:01:00.723000Z,6,s,0.913,0.6602
3119,2018-11-08T05:01:00.731500Z,5,s,0.939,0.4886
3120,2018-11-08T05:01:00.740500Z,4,s,0.956,0.6227
3121,2018-11-08T05:01:00.749000Z,3,s,0.947,0.7352
3122,2018-11-08T05:01:00.758500Z,2,s,0.932,0.6255
3123,2018-11-08T05:01:00.765000Z,1,s,0.874,0.5775
3124,2018-11-08T05:01:04.696500Z,22,s,0.458,0.004301
3125,2018-11-08T05:01:14.201500Z,24,p,0.972,0.0379
3126,2018-11-08T05:01:14.207000Z,23,p,0.978,0.03827
3127,2018-11-08T05:01:14.212000Z,22,p,0.97,0.01675
3128,2018-11-08T05:01:14.217000Z,21,p,0.971,0.01391
3129,2018-11-08T05:01:14.221500Z,20,p,0.918,0.01601
3130,2018-11-08T05:01:14.227500Z,19,p,0.981,0.009639
3131,2018-11-08T05:01:14.233500Z,18,p,0.969,0.009963
3132,2018-11-08T05:01:14.239000Z,17,p,0.963,0.008591
3133,2018-11-08T05:01:14.243500Z,16,p,0.945,0.004982
3134,2018-11-08T05:01:14.247500Z,15,p,0.883,0.005844
3135,2018-11-08T05:01:14.255500Z,14,p,0.94,0.007083
3136,2018-11-08T05:01:14.261500Z,13,p,0.973,0.004183
3137,2018-11-08T05:01:14.262500Z,11,p,0.553,0.002719
3138,2018-11-08T05:01:14.264500Z,12,p,0.902,0.004364
3139,2018-11-08T05:01:14.278500Z,9,p,0.315,0.002193
3140,2018-11-08T05:01:14.278500Z,24,s,0.962,0.0379
3141,2018-11-08T05:01:14.286500Z,8,p,0.367,0.003816
3142,2018-11-08T05:01:14.286500Z,23,s,0.96,0.03827
3143,2018-11-08T05:01:14.293500Z,7,p,0.909,0.00315
3144,2018-11-08T05:01:14.295000Z,22,s,0.96,0.01675
3145,2018-11-08T05:01:14.302500Z,5,p,0.466,0.002236
3146,2018-11-08T05:01:14.303000Z,21,s,0.958,0.01391
3147,2018-11-08T05:01:14.312500Z,20,s,0.914,0.01601
3148,2018-11-08T05:01:14.316000Z,3,p,0.583,0.002405
3149,2018-11-08T05:01:14.320500Z,19,s,0.959,0.009639
3150,2018-11-08T05:01:14.322000Z,2,p,0.766,0.002547
3151,2018-11-08T05:01:14.326500Z,4,p,0.426,0.00213
3152,2018-11-08T05:01:14.331500Z,18,s,0.946,0.009963
3153,2018-11-08T05:01:14.338500Z,17,s,0.949,0.008591
3154,2018-11-08T05:01:14.350500Z,16,s,0.936,0.004982
3155,2018-11-08T05:01:14.351500Z,1,p,0.584,0.001893
3156,2018-11-08T05:01:14.359500Z,15,s,0.878,0.005844
3157,2018-11-08T05:01:14.362000Z,6,p,0.378,0.002276
3158,2018-11-08T05:01:14.369000Z,14,s,0.831,0.007083
3159,2018-11-08T05:01:14.380500Z,13,s,0.844,0.004183
3160,2018-11-08T05:01:14.388000Z,12,s,0.943,0.004364
3161,2018-11-08T05:01:14.400000Z,11,s,0.775,0.002719
3162,2018-11-08T05:01:14.409000Z,10,s,0.853,0.002959
3163,2018-11-08T05:01:14.413000Z,9,s,0.461,0.002193
3164,2018-11-08T05:01:14.426500Z,8,s,0.84,0.003816
3165,2018-11-08T05:01:14.433000Z,7,s,0.755,0.00315
3166,2018-11-08T05:01:14.444000Z,6,s,0.698,0.002276
3167,2018-11-08T05:01:14.452500Z,5,s,0.69,0.002236
3168,2018-11-08T05:01:14.460500Z,4,s,0.807,0.00213
3169,2018-11-08T05:01:14.470000Z,3,s,0.835,0.002405
3170,2018-11-08T05:01:14.477000Z,2,s,0.812,0.002547
3171,2018-11-08T05:01:14.482500Z,1,s,0.64,0.001893
3172,2018-11-08T05:01:44.769500Z,24,s,0.775,0.006795
3173,2018-11-08T05:02:15.183500Z,20,s,0.542,0.002986
3174,2018-11-08T05:02:17.842000Z,13,s,0.905,0.004843
3175,2018-11-08T05:02:26.323000Z,20,p,0.811,0.1345
3176,2018-11-08T05:02:40.453500Z,5,p,0.309,0.002528
3177,2018-11-08T05:02:40.666500Z,5,s,0.696,0.002528
3178,2018-11-08T05:02:48.549500Z,24,s,0.556,0.004936
3179,2018-11-08T05:02:54.733500Z,20,s,0.343,0.00213
3180,2018-11-08T05:04:05.000000Z,22,p,0.338,0.002666
3181,2018-11-08T05:04:05.117500Z,22,s,0.709,0.002666
3182,2018-11-08T05:04:19.013000Z,22,p,0.751,0.008473
3183,2018-11-08T05:04:19.015000Z,21,p,0.757,0.005314
3184,2018-11-08T05:04:19.016000Z,22,s,0.314,0.006983
3185,2018-11-08T05:04:19.054500Z,21,s,0.412,0.004791
3186,2018-11-08T05:04:58.573500Z,20,p,0.912,2.069
3187,2018-11-08T05:04:58.579000Z,19,p,0.918,0.01194
3188,2018-11-08T05:04:58.586000Z,21,p,0.715,0.008758
3189,2018-11-08T05:04:58.606500Z,20,s,0.719,2.069
3190,2018-11-08T05:04:58.610500Z,19,s,0.702,0.01194
3191,2018-11-08T05:04:58.615500Z,21,s,0.834,0.008758
3192,2018-11-08T05:04:58.709500Z,13,s,0.631,0.002295
3193,2018-11-08T05:05:05.693500Z,22,s,0.637,0.003092
3194,2018-11-08T05:05:07.926000Z,22,p,0.8,0.09546
3195,2018-11-08T05:05:07.928000Z,21,p,0.959,0.06236
3196,2018-11-08T05:05:07.966500Z,24,p,0.641,0.003337
3197,2018-11-08T05:05:08.076000Z,22,s,0.303,0.09546
3198,2018-11-08T05:05:08.077500Z,21,s,0.678,0.06236
3199,2018-11-08T05:05:08.084500Z,23,s,0.337,0.005365
3200,2018-11-08T05:05:08.117000Z,24,s,0.775,0.003337
3201,2018-11-08T05:05:11.700000Z,21,p,0.301,0.002664
3202,2018-11-08T05:05:11.876000Z,21,s,0.558,0.002664
3203,2018-11-08T05:05:11.882500Z,22,s,0.557,0.004185
3204,2018-11-08T05:05:26.464500Z,11,s,0.464,0.003984
3205,2018-11-08T05:05:37.814500Z,21,p,0.437,0.02618
3206,2018-11-08T05:05:37.899000Z,22,p,0.966,0.04193
3207,2018-11-08T05:05:37.901000Z,21,s,0.746,0.02618
3208,2018-11-08T05:05:37.922500Z,22,s,0.834,0.01407
3209,2018-11-08T05:05:51.482500Z,18,s,0.63,0.003698
3210,2018-11-08T05:06:16.261500Z,4,s,0.41,0.003592
3211,2018-11-08T05:06:16.264000Z,4,p,0.338,0.003592
3212,2018-11-08T05:06:48.269500Z,22,s,0.609,0.003381
3213,2018-11-08T05:07:28.155500Z,23,s,0.473,0.002743
3214,2018-11-08T05:08:10.880500Z,20,s,0.604,0.002215
3215,2018-11-08T05:08:21.910000Z,20,s,0.839,0.00297
3216,2018-11-08T05:08:30.948000Z,22,s,0.586,0.002661
3217,2018-11-08T05:08:56.499000Z,22,p,0.932,0.04966
3218,2018-11-08T05:08:56.500500Z,21,s,0.706,0.03429
3219,2018-11-08T05:08:56.522500Z,22,s,0.692,0.01392
3220,2018-11-08T05:09:19.268000Z,22,s,0.366,0.002474
3221,2018-11-08T05:09:19.460000Z,22,p,0.483,0.005984
3222,2018-11-08T05:09:19.587500Z,22,s,0.828,0.005984
3223,2018-11-08T05:09:20.124500Z,23,s,0.36,0.002568
3224,2018-11-08T05:09:46.257500Z,24,s,0.827,0.006454
3225,2018-11-08T05:10:00.328500Z,23,s,0.303,0.002947
3226,2018-11-08T05:10:05.955500Z,5,s,0.812,0.00257
3227,2018-11-08T05:10:09.827000Z,22,p,0.929,0.041
3228,2018-11-08T05:10:09.828000Z,21,p,0.978,0.03194
3229,2018-11-08T05:10:09.870500Z,24,s,0.386,0.003885
3230,2018-11-08T05:10:09.874000Z,21,s,0.645,0.03194
3231,2018-11-08T05:10:11.284000Z,22,s,0.393,0.00513
3232,2018-11-08T05:10:16.732500Z,22,s,0.558,0.04731
3233,2018-11-08T05:10:16.736500Z,22,p,0.385,0.04731
3234,2018-11-08T05:10:16.738000Z,21,s,0.816,0.02443
3235,2018-11-08T05:10:27.663500Z,22,s,0.666,0.01259
3236,2018-11-08T05:10:27.664500Z,21,s,0.688,0.008111
3237,2018-11-08T05:10:31.052500Z,24,s,0.652,0.006268
3238,2018-11-08T05:10:31.058000Z,23,p,0.865,0.009299
3239,2018-11-08T05:10:31.062500Z,22,s,0.495,0.004529
3240,2018-11-08T05:10:31.074000Z,20,p,0.518,0.002645
3241,2018-11-08T05:10:31.107500Z,23,s,0.909,0.005267
3242,2018-11-08T05:10:57.451000Z,24,s,0.368,0.005594
3243,2018-11-08T05:10:59.007500Z,22,s,0.69,0.003026
3244,2018-11-08T05:11:06.488500Z,22,s,0.448,0.003235
3245,2018-11-08T05:11:09.386000Z,22,s,0.757,0.005125
3246,2018-11-08T05:11:14.854500Z,20,s,0.472,0.001881
3247,2018-11-08T05:12:38.210000Z,14,p,0.468,0.003016
3248,2018-11-08T05:12:38.274000Z,14,s,0.545,0.003016
3249,2018-11-08T05:12:43.831500Z,20,s,0.338,0.001569
3250,2018-11-08T05:13:27.828000Z,24,p,0.98,0.3216
3251,2018-11-08T05:13:27.834000Z,23,p,0.982,0.5505
3252,2018-11-08T05:13:27.840000Z,22,p,0.967,0.2141
3253,2018-11-08T05:13:27.846000Z,21,p,0.984,0.1419
3254,2018-11-08T05:13:27.852000Z,20,p,0.986,0.1092
3255,2018-11-08T05:13:27.857500Z,19,p,0.986,0.06793
3256,2018-11-08T05:13:27.863500Z,18,p,0.985,0.06772
3257,2018-11-08T05:13:27.869500Z,17,p,0.987,0.09253
3258,2018-11-08T05:13:27.875000Z,16,p,0.985,0.06221
3259,2018-11-08T05:13:27.881000Z,15,p,0.98,0.04825
3260,2018-11-08T05:13:27.881500Z,24,s,0.963,0.3216
3261,2018-11-08T05:13:27.887000Z,14,p,0.971,0.04239
3262,2018-11-08T05:13:27.891500Z,23,s,0.969,0.5505
3263,2018-11-08T05:13:27.893500Z,13,p,0.967,0.05923
3264,2018-11-08T05:13:27.899500Z,12,p,0.975,0.06772
3265,2018-11-08T05:13:27.901000Z,22,s,0.961,0.1935
3266,2018-11-08T05:13:27.905000Z,11,p,0.979,0.03771
3267,2018-11-08T05:13:27.910000Z,21,s,0.952,0.1371
3268,2018-11-08T05:13:27.911500Z,10,p,0.981,0.03713
3269,2018-11-08T05:13:27.917000Z,9,p,0.979,0.03513
3270,2018-11-08T05:13:27.920500Z,20,s,0.873,0.1092
3271,2018-11-08T05:13:27.923500Z,8,p,0.982,0.03544
3272,2018-11-08T05:13:27.928500Z,19,s,0.95,0.06793
3273,2018-11-08T05:13:27.928500Z,7,p,0.978,0.02734
3274,2018-11-08T05:13:27.934000Z,6,p,0.976,0.03755
3275,2018-11-08T05:13:27.939000Z,18,s,0.965,0.06772
3276,2018-11-08T05:13:27.940000Z,5,p,0.982,0.03261
3277,2018-11-08T05:13:27.945000Z,17,s,0.817,0.09253
3278,2018-11-08T05:13:27.946000Z,4,p,0.981,0.03749
3279,2018-11-08T05:13:27.952000Z,3,p,0.979,0.03555
3280,2018-11-08T05:13:27.958000Z,2,p,0.981,0.0357
3281,2018-11-08T05:13:27.959000Z,16,s,0.943,0.06221
3282,2018-11-08T05:13:27.963500Z,1,p,0.971,0.0267
3283,2018-11-08T05:13:27.968500Z,15,s,0.914,0.04825
3284,2018-11-08T05:13:27.980500Z,14,s,0.888,0.04239
3285,2018-11-08T05:13:27.991000Z,13,s,0.931,0.05923
3286,2018-11-08T05:13:28.000500Z,12,s,0.799,0.06772
3287,2018-11-08T05:13:28.011000Z,11,s,0.95,0.03771
3288,2018-11-08T05:13:28.020500Z,10,s,0.93,0.03713
3289,2018-11-08T05:13:28.030500Z,9,s,0.918,0.03513
3290,2018-11-08T05:13:28.040500Z,8,s,0.942,0.03544
3291,2018-11-08T05:13:28.048500Z,7,s,0.954,0.02734
3292,2018-11-08T05:13:28.058000Z,6,s,0.931,0.03755
3293,2018-11-08T05:13:28.068500Z,5,s,0.928,0.03261
3294,2018-11-08T05:13:28.078500Z,4,s,0.949,0.03749
3295,2018-11-08T05:13:28.088500Z,3,s,0.937,0.03555
3296,2018-11-08T05:13:28.098500Z,2,s,0.887,0.0357
3297,2018-11-08T05:13:28.104500Z,1,s,0.888,0.0267
3298,2018-11-08T05:13:48.480500Z,22,s,0.37,0.002469
3299,2018-11-08T05:13:53.103500Z,17,p,0.628,0.001994
3300,2018-11-08T05:13:53.522500Z,17,s,0.614,0.002036
3301,2018-11-08T05:14:01.115000Z,24,p,0.981,0.03041
3302,2018-11-08T05:14:01.119000Z,23,p,0.964,0.02783
3303,2018-11-08T05:14:01.125000Z,22,p,0.97,0.01541
3304,2018-11-08T05:14:01.131000Z,21,p,0.963,0.009359
3305,2018-11-08T05:14:01.135500Z,20,p,0.961,0.01181
3306,2018-11-08T05:14:01.140000Z,15,p,0.331,0.004369
3307,2018-11-08T05:14:01.141000Z,19,p,0.958,0.009334
3308,2018-11-08T05:14:01.149500Z,18,p,0.925,0.006476
3309,2018-11-08T05:14:01.156000Z,17,p,0.686,0.007035
3310,2018-11-08T05:14:01.161500Z,16,p,0.877,0.005308
3311,2018-11-08T05:14:01.167500Z,14,p,0.41,0.00555
3312,2018-11-08T05:14:01.179000Z,13,p,0.918,0.003643
3313,2018-11-08T05:14:01.193500Z,24,s,0.955,0.03041
3314,2018-11-08T05:14:01.201500Z,23,s,0.968,0.02783
3315,2018-11-08T05:14:01.209500Z,22,s,0.968,0.01541
3316,2018-11-08T05:14:01.218500Z,21,s,0.954,0.009359
3317,2018-11-08T05:14:01.222500Z,12,p,0.671,0.002907
3318,2018-11-08T05:14:01.227000Z,20,s,0.947,0.01181
3319,2018-11-08T05:14:01.235500Z,19,s,0.947,0.009334
3320,2018-11-08T05:14:01.236000Z,7,p,0.652,0.002861
3321,2018-11-08T05:14:01.245500Z,18,s,0.93,0.006476
3322,2018-11-08T05:14:01.254500Z,2,p,0.31,0.002458
3323,2018-11-08T05:14:01.254500Z,17,s,0.84,0.007035
3324,2018-11-08T05:14:01.262500Z,4,p,0.364,0.002286
3325,2018-11-08T05:14:01.263000Z,3,p,0.695,0.002304
3326,2018-11-08T05:14:01.264000Z,16,s,0.926,0.005308
3327,2018-11-08T05:14:01.274500Z,15,s,0.806,0.004369
3328,2018-11-08T05:14:01.284000Z,14,s,0.767,0.00555
3329,2018-11-08T05:14:01.294000Z,13,s,0.911,0.003643
3330,2018-11-08T05:14:01.301500Z,12,s,0.848,0.002907
3331,2018-11-08T05:14:01.311000Z,11,p,0.443,0.002903
3332,2018-11-08T05:14:01.321500Z,10,s,0.689,0.002513
3333,2018-11-08T05:14:01.329500Z,9,s,0.574,0.002215
3334,2018-11-08T05:14:01.338500Z,8,s,0.734,0.003103
3335,2018-11-08T05:14:01.348000Z,7,s,0.787,0.002861
3336,2018-11-08T05:14:01.358000Z,6,s,0.694,0.00222
3337,2018-11-08T05:14:01.365000Z,5,s,0.761,0.002132
3338,2018-11-08T05:14:01.372500Z,4,s,0.782,0.002286
3339,2018-11-08T05:14:01.384000Z,3,s,0.825,0.002304
3340,2018-11-08T05:14:01.393500Z,2,s,0.828,0.002458
3341,2018-11-08T05:14:01.401500Z,1,s,0.387,0.0025
3342,2018-11-08T05:14:25.088500Z,20,s,0.463,0.002174
3343,2018-11-08T05:15:00.816000Z,23,s,0.846,0.002775
3344,2018-11-08T05:15:21.294500Z,2,p,0.352,0.004348
3345,2018-11-08T05:15:21.344000Z,2,s,0.464,0.004103
3346,2018-11-08T05:15:31.830000Z,2,p,0.607,0.007169
3347,2018-11-08T05:15:32.006000Z,2,s,0.871,0.007169
3348,2018-11-08T05:15:34.608500Z,20,s,0.647,0.001975
3349,2018-11-08T05:15:46.622500Z,20,s,0.667,0.008993
3350,2018-11-08T05:15:58.828500Z,2,s,0.306,0.004807
3351,2018-11-08T05:15:58.847000Z,3,p,0.469,0.002235
3352,2018-11-08T05:15:58.849500Z,3,s,0.353,0.002235
3353,2018-11-08T05:15:58.872000Z,4,s,0.731,0.003088
3354,2018-11-08T05:15:58.916000Z,6,s,0.653,0.00201
3355,2018-11-08T05:15:58.952500Z,8,s,0.32,0.002422
3356,2018-11-08T05:16:00.228000Z,5,s,0.81,0.002433
3357,2018-11-08T05:16:05.652000Z,10,s,0.408,0.008229
3358,2018-11-08T05:16:05.653000Z,11,s,0.854,0.01187
3359,2018-11-08T05:16:05.654000Z,10,p,0.482,0.008229
3360,2018-11-08T05:16:22.691500Z,20,s,0.472,0.003709
3361,2018-11-08T05:16:36.508500Z,2,p,0.501,0.002262
3362,2018-11-08T05:16:36.632500Z,8,s,0.487,0.001572
3363,2018-11-08T05:17:51.893500Z,24,p,0.347,0.007499
3364,2018-11-08T05:17:52.063000Z,24,s,0.823,0.007499
3365,2018-11-08T05:19:00.789500Z,13,p,0.336,0.001953
3366,2018-11-08T05:19:30.602000Z,20,p,0.887,0.004147
3367,2018-11-08T05:19:30.642000Z,20,s,0.485,0.003456
3368,2018-11-08T05:20:06.870500Z,11,s,0.407,0.003202
3369,2018-11-08T05:20:32.822000Z,20,s,0.687,0.0017
3370,2018-11-08T05:20:41.727000Z,22,s,0.809,0.002944
3371,2018-11-08T05:21:02.508500Z,11,s,0.58,0.005137
3372,2018-11-08T05:22:12.488500Z,5,p,0.351,0.002728
3373,2018-11-08T05:22:12.601000Z,5,s,0.793,0.002728
3374,2018-11-08T05:22:26.960000Z,20,s,0.632,0.002636
3375,2018-11-08T05:22:37.385500Z,20,s,0.474,0.001699
3376,2018-11-08T05:22:56.258000Z,16,s,0.552,0.006388
3377,2018-11-08T05:23:07.864500Z,22,s,0.317,0.005067
3378,2018-11-08T05:24:25.343500Z,20,p,0.716,0.001983
3379,2018-11-08T05:24:25.511500Z,20,s,0.353,0.001983
3380,2018-11-08T05:25:04.516000Z,1,s,0.517,0.002873
3381,2018-11-08T05:25:31.693500Z,22,p,0.574,0.002661
3382,2018-11-08T05:25:31.885500Z,22,s,0.623,0.002661
3383,2018-11-08T05:25:58.142000Z,24,p,0.785,0.006556
3384,2018-11-08T05:25:58.226000Z,24,s,0.746,0.006556
3385,2018-11-08T05:26:12.227500Z,20,s,0.437,0.001698
3386,2018-11-08T05:27:10.542500Z,24,p,0.353,0.005304
3387,2018-11-08T05:27:10.623000Z,24,s,0.895,0.005304
3388,2018-11-08T05:28:12.950500Z,3,p,0.36,0.001979
3389,2018-11-08T05:28:26.616500Z,20,s,0.689,0.00201
3390,2018-11-08T05:28:36.068000Z,11,s,0.86,0.00396
3391,2018-11-08T05:28:46.530000Z,3,s,0.387,0.004058
3392,2018-11-08T05:29:09.899500Z,22,s,0.491,0.004401
3393,2018-11-08T05:29:36.038500Z,20,s,0.443,0.003309
3394,2018-11-08T05:29:46.500000Z,11,s,0.313,0.00204
3395,2018-11-08T05:29:55.402000Z,5,p,0.566,0.002864
3396,2018-11-08T05:29:55.500000Z,5,s,0.828,0.002864
3397,2018-11-08T05:30:15.593000Z,22,s,0.689,0.002954
3398,2018-11-08T05:30:36.718500Z,20,s,0.324,0.003438
3399,2018-11-08T05:31:33.209500Z,23,p,0.308,0.002867
3400,2018-11-08T05:31:33.341500Z,23,s,0.47,0.002867
3401,2018-11-08T05:31:58.412000Z,10,s,0.747,0.006352
3402,2018-11-08T05:32:26.710000Z,5,s,0.877,0.004947
3403,2018-11-08T05:32:37.155500Z,24,p,0.982,0.1226
3404,2018-11-08T05:32:37.159500Z,23,p,0.981,0.1305
3405,2018-11-08T05:32:37.164000Z,22,p,0.984,0.05908
3406,2018-11-08T05:32:37.169500Z,21,p,0.984,0.06515
3407,2018-11-08T05:32:37.175500Z,20,p,0.98,0.06295
3408,2018-11-08T05:32:37.180500Z,19,p,0.989,0.03797
3409,2018-11-08T05:32:37.186000Z,18,p,0.985,0.03011
3410,2018-11-08T05:32:37.191500Z,17,p,0.982,0.04382
3411,2018-11-08T05:32:37.196000Z,16,p,0.983,0.02931
3412,2018-11-08T05:32:37.202000Z,15,p,0.975,0.0212
3413,2018-11-08T05:32:37.207500Z,14,p,0.978,0.03324
3414,2018-11-08T05:32:37.213500Z,13,p,0.977,0.02722
3415,2018-11-08T05:32:37.219000Z,12,p,0.969,0.01994
3416,2018-11-08T05:32:37.220500Z,24,s,0.961,0.1226
3417,2018-11-08T05:32:37.224500Z,11,p,0.97,0.01418
3418,2018-11-08T05:32:37.228500Z,23,s,0.962,0.1305
3419,2018-11-08T05:32:37.230000Z,10,p,0.967,0.01455
3420,2018-11-08T05:32:37.236500Z,22,s,0.958,0.05908
3421,2018-11-08T05:32:37.237500Z,9,p,0.974,0.01973
3422,2018-11-08T05:32:37.241000Z,8,p,0.961,0.02601
3423,2018-11-08T05:32:37.245000Z,21,s,0.964,0.06515
3424,2018-11-08T05:32:37.247000Z,7,p,0.977,0.02436
3425,2018-11-08T05:32:37.252500Z,6,p,0.96,0.02071
3426,2018-11-08T05:32:37.253500Z,20,s,0.931,0.06295
3427,2018-11-08T05:32:37.258500Z,5,p,0.979,0.01065
3428,2018-11-08T05:32:37.262500Z,19,s,0.962,0.03797
3429,2018-11-08T05:32:37.263000Z,4,p,0.961,0.01708
3430,2018-11-08T05:32:37.269500Z,3,p,0.974,0.01047
3431,2018-11-08T05:32:37.272500Z,18,s,0.958,0.03011
3432,2018-11-08T05:32:37.273500Z,2,p,0.942,0.01442
3433,2018-11-08T05:32:37.277500Z,1,p,0.897,0.01036
3434,2018-11-08T05:32:37.280500Z,17,s,0.927,0.04382
3435,2018-11-08T05:32:37.290500Z,16,s,0.936,0.02931
3436,2018-11-08T05:32:37.299500Z,15,s,0.945,0.0212
3437,2018-11-08T05:32:37.310500Z,14,s,0.947,0.03324
3438,2018-11-08T05:32:37.319000Z,13,s,0.954,0.02722
3439,2018-11-08T05:32:37.327000Z,12,s,0.919,0.01994
3440,2018-11-08T05:32:37.337000Z,11,s,0.87,0.01418
3441,2018-11-08T05:32:37.346000Z,10,s,0.896,0.01455
3442,2018-11-08T05:32:37.355500Z,9,s,0.94,0.01973
3443,2018-11-08T05:32:37.363000Z,8,s,0.906,0.02601
3444,2018-11-08T05:32:37.371000Z,7,s,0.945,0.02436
3445,2018-11-08T05:32:37.380000Z,6,s,0.909,0.02071
3446,2018-11-08T05:32:37.389500Z,5,s,0.945,0.01065
3447,2018-11-08T05:32:37.398500Z,4,s,0.955,0.01708
3448,2018-11-08T05:32:37.408500Z,3,s,0.923,0.01047
3449,2018-11-08T05:32:37.418500Z,2,s,0.932,0.01442
3450,2018-11-08T05:32:37.425500Z,1,s,0.928,0.01036
3451,2018-11-08T05:33:24.316500Z,24,p,0.465,0.005312
3452,2018-11-08T05:33:29.629500Z,20,p,0.369,0.001675
3453,2018-11-08T05:33:40.203000Z,24,p,0.976,0.01895
3454,2018-11-08T05:33:40.207500Z,23,p,0.973,0.01892
3455,2018-11-08T05:33:40.213500Z,22,p,0.977,0.008831
3456,2018-11-08T05:33:40.217500Z,21,p,0.97,0.01086
3457,2018-11-08T05:33:40.223500Z,20,p,0.974,0.009519
3458,2018-11-08T05:33:40.229000Z,19,p,0.978,0.006271
3459,2018-11-08T05:33:40.234000Z,18,p,0.922,0.004656
3460,2018-11-08T05:33:40.239500Z,17,p,0.963,0.006479
3461,2018-11-08T05:33:40.245500Z,16,p,0.929,0.00402
3462,2018-11-08T05:33:40.247500Z,14,p,0.514,0.005129
3463,2018-11-08T05:33:40.250500Z,15,p,0.673,0.00406
3464,2018-11-08T05:33:40.259500Z,13,p,0.909,0.003662
3465,2018-11-08T05:33:40.268000Z,2,p,0.596,0.002345
3466,2018-11-08T05:33:40.268500Z,24,s,0.94,0.01895
3467,2018-11-08T05:33:40.270500Z,12,p,0.63,0.003016
3468,2018-11-08T05:33:40.276500Z,23,s,0.961,0.01892
3469,2018-11-08T05:33:40.284000Z,22,s,0.926,0.008163
3470,2018-11-08T05:33:40.292000Z,8,p,0.593,0.003657
3471,2018-11-08T05:33:40.293500Z,21,s,0.958,0.009109
3472,2018-11-08T05:33:40.301500Z,20,s,0.909,0.009519
3473,2018-11-08T05:33:40.305500Z,5,p,0.677,0.002198
3474,2018-11-08T05:33:40.306000Z,6,p,0.398,0.002766
3475,2018-11-08T05:33:40.311000Z,19,s,0.957,0.006271
3476,2018-11-08T05:33:40.320000Z,18,s,0.932,0.004656
3477,2018-11-08T05:33:40.328500Z,17,s,0.932,0.006479
3478,2018-11-08T05:33:40.339000Z,16,s,0.875,0.00402
3479,2018-11-08T05:33:40.343500Z,4,p,0.564,0.002734
3480,2018-11-08T05:33:40.347000Z,15,s,0.837,0.00406
3481,2018-11-08T05:33:40.357000Z,14,s,0.904,0.005129
3482,2018-11-08T05:33:40.366500Z,13,s,0.813,0.003662
3483,2018-11-08T05:33:40.369000Z,12,s,0.67,0.003016
3484,2018-11-08T05:33:40.385500Z,11,s,0.429,0.002015
3485,2018-11-08T05:33:40.396000Z,10,s,0.609,0.003577
3486,2018-11-08T05:33:40.404500Z,9,p,0.737,0.003686
3487,2018-11-08T05:33:40.413500Z,8,s,0.727,0.003657
3488,2018-11-08T05:33:40.413500Z,7,p,0.305,0.003449
3489,2018-11-08T05:33:40.421500Z,7,s,0.417,0.003449
3490,2018-11-08T05:33:40.430000Z,6,s,0.778,0.002766
3491,2018-11-08T05:33:40.437000Z,5,s,0.621,0.001942
3492,2018-11-08T05:33:40.449500Z,4,s,0.837,0.002734
3493,2018-11-08T05:33:40.468000Z,2,s,0.881,0.002345
3494,2018-11-08T05:33:40.473500Z,1,s,0.318,0.001942
3495,2018-11-08T05:33:50.825000Z,20,p,0.956,0.01937
3496,2018-11-08T05:33:50.831000Z,19,p,0.704,0.004624
3497,2018-11-08T05:33:50.847500Z,20,s,0.756,0.009538
3498,2018-11-08T05:34:12.140000Z,23,s,0.704,0.003462
3499,2018-11-08T05:35:35.133000Z,4,s,0.848,0.006314
3500,2018-11-08T05:36:05.804500Z,11,s,0.708,0.003507
3501,2018-11-08T05:36:17.730000Z,2,p,0.307,0.002125
3502,2018-11-08T05:36:42.180500Z,20,p,0.345,0.003223
3503,2018-11-08T05:36:42.497500Z,20,s,0.651,0.003223
3504,2018-11-08T05:37:33.020500Z,5,p,0.358,0.003007
3505,2018-11-08T05:37:33.110500Z,5,s,0.716,0.003007
3506,2018-11-08T05:37:47.054000Z,23,p,0.716,0.007979
3507,2018-11-08T05:37:47.073000Z,24,s,0.901,0.005066
3508,2018-11-08T05:37:47.079500Z,23,s,0.922,0.007979
3509,2018-11-08T05:37:49.250500Z,20,s,0.339,0.001768
3510,2018-11-08T05:38:51.869500Z,5,s,0.312,0.002018
3511,2018-11-08T05:39:20.660000Z,8,s,0.432,0.001946
3512,2018-11-08T05:39:45.968500Z,20,s,0.592,0.002012
3513,2018-11-08T05:39:53.582000Z,21,p,0.624,0.7364
3514,2018-11-08T05:39:53.590000Z,19,p,0.636,0.1813
3515,2018-11-08T05:39:53.616000Z,14,p,0.549,0.01174
3516,2018-11-08T05:39:53.622000Z,13,p,0.895,0.09928
3517,2018-11-08T05:39:53.627000Z,12,p,0.947,0.06391
3518,2018-11-08T05:39:53.628000Z,24,p,0.676,1.049
3519,2018-11-08T05:39:53.629500Z,24,s,0.303,1.049
3520,2018-11-08T05:39:53.632000Z,11,p,0.656,0.03955
3521,2018-11-08T05:39:53.636000Z,23,s,0.509,0.39
3522,2018-11-08T05:39:53.642000Z,9,p,0.624,0.06693
3523,2018-11-08T05:39:53.648500Z,8,p,0.504,0.01272
3524,2018-11-08T05:39:53.652500Z,7,p,0.862,0.0114
3525,2018-11-08T05:39:53.657000Z,20,s,0.361,0.2211
3526,2018-11-08T05:39:53.658000Z,6,p,0.741,0.01191
3527,2018-11-08T05:39:53.660000Z,20,p,0.312,0.2211
3528,2018-11-08T05:39:53.664000Z,5,p,0.874,0.02692
3529,2018-11-08T05:39:53.667500Z,19,s,0.851,0.1813
3530,2018-11-08T05:39:53.668000Z,4,p,0.964,0.03885
3531,2018-11-08T05:39:53.674000Z,3,p,0.695,0.01261
3532,2018-11-08T05:39:53.676000Z,18,p,0.444,0.1566
3533,2018-11-08T05:39:53.680000Z,2,p,0.96,0.02885
3534,2018-11-08T05:39:53.684000Z,17,p,0.796,0.1988
3535,2018-11-08T05:39:53.685500Z,1,p,0.754,0.02077
3536,2018-11-08T05:39:53.693000Z,16,p,0.663,0.1261
3537,2018-11-08T05:39:53.702500Z,15,s,0.456,0.07579
3538,2018-11-08T05:39:53.712500Z,14,s,0.389,0.05883
3539,2018-11-08T05:39:53.714500Z,14,p,0.486,0.1
3540,2018-11-08T05:39:53.722000Z,13,s,0.5,0.09928
3541,2018-11-08T05:39:53.731000Z,12,s,0.829,0.06391
3542,2018-11-08T05:39:53.739500Z,11,s,0.486,0.03955
3543,2018-11-08T05:39:53.746500Z,10,s,0.335,0.06914
3544,2018-11-08T05:39:53.756000Z,9,s,0.558,0.06693
3545,2018-11-08T05:39:53.761500Z,8,s,0.421,0.06885
3546,2018-11-08T05:39:53.764000Z,8,p,0.439,0.06885
3547,2018-11-08T05:39:53.769500Z,23,s,0.832,0.6869
3548,2018-11-08T05:39:53.772000Z,7,p,0.447,0.0541
3549,2018-11-08T05:39:53.773000Z,7,s,0.491,0.0541
3550,2018-11-08T05:39:53.782000Z,6,p,0.603,0.03956
3551,2018-11-08T05:39:53.792000Z,5,s,0.735,0.02692
3552,2018-11-08T05:39:53.801000Z,4,s,0.847,0.03885
3553,2018-11-08T05:39:53.810000Z,3,p,0.354,0.03155
3554,2018-11-08T05:39:53.815000Z,2,s,0.875,0.02885
3555,2018-11-08T05:39:53.819500Z,1,s,0.733,0.02077
3556,2018-11-08T05:39:53.820500Z,17,s,0.389,0.1988
3557,2018-11-08T05:39:53.846500Z,14,s,0.306,0.1
3558,2018-11-08T05:39:56.189500Z,22,s,0.358,0.002443
3559,2018-11-08T05:39:58.162000Z,1,s,0.728,0.00258
3560,2018-11-08T05:40:04.560500Z,24,p,0.602,0.006203
3561,2018-11-08T05:40:28.888500Z,15,s,0.496,0.003255
3562,2018-11-08T05:40:31.949500Z,8,s,0.386,0.003131
3563,2018-11-08T05:40:33.843500Z,8,s,0.473,0.001595
3564,2018-11-08T05:42:45.947500Z,19,p,0.301,0.002162
3565,2018-11-08T05:44:20.421500Z,11,s,0.567,0.002985
3566,2018-11-08T05:44:49.872500Z,20,p,0.525,0.003161
3567,2018-11-08T05:44:49.985500Z,20,s,0.62,0.003161
3568,2018-11-08T05:45:05.245000Z,24,p,0.976,0.01614
3569,2018-11-08T05:45:05.250000Z,23,p,0.979,0.03152
3570,2018-11-08T05:45:05.257000Z,22,p,0.971,0.0143
3571,2018-11-08T05:45:05.261500Z,21,p,0.974,0.009063
3572,2018-11-08T05:45:05.267000Z,20,p,0.955,0.01281
3573,2018-11-08T05:45:05.273500Z,19,p,0.978,0.009825
3574,2018-11-08T05:45:05.279500Z,18,p,0.956,0.00766
3575,2018-11-08T05:45:05.285000Z,17,p,0.974,0.008326
3576,2018-11-08T05:45:05.291000Z,16,p,0.962,0.00535
3577,2018-11-08T05:45:05.297500Z,15,p,0.97,0.004914
3578,2018-11-08T05:45:05.303000Z,14,p,0.967,0.004917
3579,2018-11-08T05:45:05.309000Z,13,p,0.974,0.005395
3580,2018-11-08T05:45:05.315500Z,12,p,0.956,0.005785
3581,2018-11-08T05:45:05.321500Z,11,p,0.981,0.005807
3582,2018-11-08T05:45:05.327000Z,10,p,0.974,0.006087
3583,2018-11-08T05:45:05.333000Z,9,p,0.96,0.004589
3584,2018-11-08T05:45:05.339000Z,8,p,0.924,0.004469
3585,2018-11-08T05:45:05.343000Z,24,s,0.932,0.01614
3586,2018-11-08T05:45:05.344500Z,7,p,0.932,0.003895
3587,2018-11-08T05:45:05.349500Z,6,p,0.954,0.002599
3588,2018-11-08T05:45:05.353500Z,5,p,0.888,0.00271
3589,2018-11-08T05:45:05.354500Z,23,s,0.94,0.03152
3590,2018-11-08T05:45:05.359500Z,4,p,0.923,0.003761
3591,2018-11-08T05:45:05.362500Z,22,s,0.952,0.0143
3592,2018-11-08T05:45:05.365500Z,3,p,0.343,0.002845
3593,2018-11-08T05:45:05.372500Z,21,s,0.942,0.009063
3594,2018-11-08T05:45:05.374000Z,2,p,0.583,0.002354
3595,2018-11-08T05:45:05.381000Z,20,s,0.868,0.01281
3596,2018-11-08T05:45:05.391000Z,19,s,0.95,0.009825
3597,2018-11-08T05:45:05.400500Z,18,s,0.936,0.00766
3598,2018-11-08T05:45:05.409000Z,17,s,0.916,0.008326
3599,2018-11-08T05:45:05.420500Z,16,s,0.906,0.00535
3600,2018-11-08T05:45:05.430500Z,15,s,0.85,0.004914
3601,2018-11-08T05:45:05.442000Z,14,s,0.912,0.004917
3602,2018-11-08T05:45:05.452500Z,13,s,0.912,0.005395
3603,2018-11-08T05:45:05.462000Z,12,s,0.895,0.005785
3604,2018-11-08T05:45:05.472000Z,11,s,0.934,0.005807
3605,2018-11-08T05:45:05.482000Z,10,s,0.934,0.006087
3606,2018-11-08T05:45:05.491500Z,9,s,0.926,0.004589
3607,2018-11-08T05:45:05.500500Z,8,s,0.845,0.004469
3608,2018-11-08T05:45:05.509000Z,7,s,0.881,0.003895
3609,2018-11-08T05:45:05.520000Z,6,s,0.832,0.002599
3610,2018-11-08T05:45:05.529000Z,5,s,0.865,0.00271
3611,2018-11-08T05:45:05.539000Z,4,s,0.911,0.003761
3612,2018-11-08T05:45:05.548500Z,3,s,0.809,0.002845
3613,2018-11-08T05:45:05.558000Z,2,s,0.697,0.002354
3614,2018-11-08T05:45:05.574500Z,1,s,0.349,0.002129
3615,2018-11-08T05:45:49.842500Z,3,s,0.364,0.001881
3616,2018-11-08T05:46:05.755500Z,5,s,0.535,0.003351
3617,2018-11-08T05:46:13.138000Z,9,p,0.59,0.00552
3618,2018-11-08T05:46:13.165500Z,9,s,0.68,0.00552
3619,2018-11-08T05:46:44.655500Z,24,s,0.314,0.006277
3620,2018-11-08T05:47:24.533500Z,22,s,0.474,0.002271
3621,2018-11-08T05:48:03.851500Z,16,s,0.46,0.002013
3622,2018-11-08T05:49:38.669000Z,24,p,0.979,0.5962
3623,2018-11-08T05:49:38.674000Z,23,p,0.983,0.6095
3624,2018-11-08T05:49:38.679500Z,22,p,0.978,0.3544
3625,2018-11-08T05:49:38.684000Z,21,p,0.984,0.2063
3626,2018-11-08T05:49:38.690000Z,20,p,0.984,0.2926
3627,2018-11-08T05:49:38.695500Z,19,p,0.983,0.1566
3628,2018-11-08T05:49:38.700000Z,18,p,0.975,0.1582
3629,2018-11-08T05:49:38.705500Z,17,p,0.983,0.1376
3630,2018-11-08T05:49:38.711000Z,16,p,0.984,0.0932
3631,2018-11-08T05:49:38.716000Z,15,p,0.976,0.09534
3632,2018-11-08T05:49:38.721500Z,14,p,0.977,0.1236
3633,2018-11-08T05:49:38.728000Z,13,p,0.973,0.0688
3634,2018-11-08T05:49:38.733500Z,12,p,0.978,0.07235
3635,2018-11-08T05:49:38.738000Z,11,p,0.98,0.04229
3636,2018-11-08T05:49:38.743000Z,10,p,0.975,0.04343
3637,2018-11-08T05:49:38.745500Z,24,s,0.968,0.5962
3638,2018-11-08T05:49:38.748500Z,9,p,0.977,0.03275
3639,2018-11-08T05:49:38.754000Z,8,p,0.976,0.06034
3640,2018-11-08T05:49:38.754500Z,23,s,0.961,0.6095
3641,2018-11-08T05:49:38.759500Z,7,p,0.968,0.05168
3642,2018-11-08T05:49:38.762500Z,22,s,0.959,0.3544
3643,2018-11-08T05:49:38.764000Z,6,p,0.969,0.04141
3644,2018-11-08T05:49:38.770000Z,5,p,0.98,0.0277
3645,2018-11-08T05:49:38.771000Z,21,s,0.964,0.2063
3646,2018-11-08T05:49:38.775500Z,4,p,0.959,0.03189
3647,2018-11-08T05:49:38.779000Z,20,s,0.907,0.2926
3648,2018-11-08T05:49:38.781000Z,3,p,0.972,0.04132
3649,2018-11-08T05:49:38.787000Z,2,p,0.97,0.03585
3650,2018-11-08T05:49:38.788500Z,19,s,0.961,0.1566
3651,2018-11-08T05:49:38.793500Z,1,p,0.942,0.0317
3652,2018-11-08T05:49:38.798500Z,18,s,0.953,0.1582
3653,2018-11-08T05:49:38.806500Z,17,s,0.946,0.1376
3654,2018-11-08T05:49:38.817500Z,16,s,0.948,0.0932
3655,2018-11-08T05:49:38.826500Z,15,s,0.932,0.09534
3656,2018-11-08T05:49:38.838500Z,14,s,0.841,0.1236
3657,2018-11-08T05:49:38.845000Z,13,s,0.819,0.0688
3658,2018-11-08T05:49:38.854500Z,12,s,0.948,0.07235
3659,2018-11-08T05:49:38.864500Z,11,s,0.822,0.04229
3660,2018-11-08T05:49:38.874500Z,10,s,0.904,0.04343
3661,2018-11-08T05:49:38.884500Z,9,s,0.897,0.03275
3662,2018-11-08T05:49:38.892500Z,8,s,0.911,0.06034
3663,2018-11-08T05:49:38.900000Z,7,s,0.915,0.05168
3664,2018-11-08T05:49:38.909500Z,6,s,0.931,0.04141
3665,2018-11-08T05:49:38.917500Z,5,s,0.949,0.0277
3666,2018-11-08T05:49:38.926500Z,4,s,0.94,0.03189
3667,2018-11-08T05:49:38.936000Z,3,s,0.942,0.04132
3668,2018-11-08T05:49:38.944500Z,2,s,0.931,0.03585
3669,2018-11-08T05:49:38.953000Z,1,s,0.921,0.0317
3670,2018-11-08T05:50:26.982000Z,24,p,0.907,0.01216
3671,2018-11-08T05:50:26.987000Z,23,p,0.946,0.01344
3672,2018-11-08T05:50:26.990000Z,22,p,0.774,0.006855
3673,2018-11-08T05:50:26.997000Z,21,p,0.954,0.004803
3674,2018-11-08T05:50:27.002500Z,20,p,0.942,0.005066
3675,2018-11-08T05:50:27.004500Z,19,p,0.743,0.003982
3676,2018-11-08T05:50:27.014000Z,18,p,0.756,0.002897
3677,2018-11-08T05:50:27.058000Z,24,s,0.943,0.01216
3678,2018-11-08T05:50:27.067000Z,23,s,0.954,0.01344
3679,2018-11-08T05:50:27.074500Z,22,s,0.884,0.006855
3680,2018-11-08T05:50:27.083000Z,21,s,0.923,0.004803
3681,2018-11-08T05:50:27.092500Z,20,s,0.766,0.005066
3682,2018-11-08T05:50:27.098000Z,19,s,0.871,0.003982
3683,2018-11-08T05:50:27.110500Z,18,s,0.622,0.002897
3684,2018-11-08T05:50:27.401500Z,21,p,0.329,0.002265
3685,2018-11-08T05:51:23.862500Z,16,p,0.357,0.002297
3686,2018-11-08T05:51:23.996000Z,16,s,0.733,0.002297
3687,2018-11-08T05:51:46.899500Z,11,p,0.917,0.003193
3688,2018-11-08T05:51:47.083000Z,11,s,0.75,0.003193
3689,2018-11-08T05:52:03.724000Z,23,p,0.401,0.002623
3690,2018-11-08T05:52:03.831000Z,23,s,0.536,0.002623
3691,2018-11-08T05:52:12.054000Z,5,p,0.65,0.002478
3692,2018-11-08T05:52:12.060500Z,11,s,0.862,0.002894
3693,2018-11-08T05:52:12.118500Z,5,s,0.837,0.002478
3694,2018-11-08T05:52:12.118500Z,17,s,0.445,0.002182
3695,2018-11-08T05:52:42.399500Z,23,s,0.347,0.002162
3696,2018-11-08T05:53:03.804500Z,23,p,0.412,0.002385
3697,2018-11-08T05:53:03.920500Z,23,s,0.713,0.002385
3698,2018-11-08T05:53:44.270500Z,21,p,0.512,0.002394
3699,2018-11-08T05:53:44.436500Z,21,s,0.64,0.002394
3700,2018-11-08T05:53:56.264500Z,21,s,0.611,0.004952
3701,2018-11-08T05:55:51.629500Z,11,s,0.3,0.001657
3702,2018-11-08T05:56:03.986500Z,1,p,0.388,0.002271
3703,2018-11-08T05:56:04.112500Z,1,s,0.705,0.002271
3704,2018-11-08T05:56:12.041500Z,21,s,0.379,0.003695
3705,2018-11-08T05:56:19.496500Z,22,s,0.304,0.004983
3706,2018-11-08T05:56:41.487500Z,11,s,0.35,0.001895
3707,2018-11-08T05:56:41.655500Z,19,p,0.509,0.00405
3708,2018-11-08T05:56:41.792500Z,19,s,0.402,0.00405
3709,2018-11-08T05:56:50.689000Z,23,s,0.819,0.01225
3710,2018-11-08T05:57:19.322000Z,6,s,0.551,0.006282
3711,2018-11-08T05:57:26.379500Z,21,s,0.319,0.003783
3712,2018-11-08T05:57:27.317500Z,18,s,0.406,0.002816
3713,2018-11-08T05:57:52.496500Z,2,p,0.44,0.002945
3714,2018-11-08T05:57:52.537000Z,4,p,0.884,0.002447
3715,2018-11-08T05:57:52.707000Z,12,s,0.367,0.001889
3716,2018-11-08T05:58:13.080500Z,5,s,0.328,0.002668
3717,2018-11-08T05:58:25.595500Z,2,s,0.485,0.002138
3718,2018-11-08T05:58:59.660000Z,20,p,0.34,0.002999
3719,2018-11-08T05:58:59.826500Z,20,s,0.405,0.002999
3720,2018-11-08T05:59:07.802000Z,20,s,0.731,0.002133
3721,2018-11-08T05:59:10.743500Z,1,s,0.489,0.001837
3722,2018-11-08T05:59:18.342000Z,24,p,0.952,0.004509
3723,2018-11-08T05:59:18.348000Z,23,p,0.957,0.004274
3724,2018-11-08T05:59:18.355000Z,22,p,0.955,0.003632
3725,2018-11-08T05:59:18.359000Z,20,p,0.905,0.002071
3726,2018-11-08T05:59:18.383000Z,17,p,0.876,0.002279
3727,2018-11-08T05:59:18.389500Z,16,p,0.698,0.002174
3728,2018-11-08T05:59:18.393500Z,15,p,0.351,0.001824
3729,2018-11-08T05:59:18.408000Z,13,p,0.782,0.002603
3730,2018-11-08T05:59:18.448000Z,24,s,0.673,0.003002
3731,2018-11-08T05:59:18.452500Z,23,s,0.84,0.004274
3732,2018-11-08T05:59:18.463000Z,22,s,0.724,0.003632
3733,2018-11-08T05:59:18.473500Z,17,s,0.413,0.001731
3734,2018-11-08T05:59:18.488500Z,19,s,0.363,0.001921
3735,2018-11-08T05:59:18.490500Z,20,s,0.713,0.002026
3736,2018-11-08T05:59:18.515500Z,16,s,0.346,0.002123
3737,2018-11-08T05:59:22.980000Z,11,s,0.536,0.003803
3738,2018-11-08T05:59:53.312500Z,11,s,0.346,0.001903
3739,2018-11-08T06:00:23.780500Z,24,s,0.331,0.0062
3740,2018-11-08T06:00:30.513500Z,11,s,0.408,0.001959
3741,2018-11-08T06:00:33.057500Z,1,p,0.496,0.01034
3742,2018-11-08T06:00:33.070500Z,2,p,0.391,0.01198
3743,2018-11-08T06:00:33.130500Z,1,s,0.794,0.01034
3744,2018-11-08T06:00:33.150500Z,2,s,0.89,0.01198
3745,2018-11-08T06:00:33.170500Z,3,s,0.735,0.005535
3746,2018-11-08T06:00:33.193500Z,4,s,0.808,0.008389
3747,2018-11-08T06:00:33.194000Z,12,p,0.602,0.006915
3748,2018-11-08T06:00:33.213000Z,5,s,0.637,0.005231
3749,2018-11-08T06:00:33.231000Z,6,p,0.569,0.003941
3750,2018-11-08T06:00:33.234500Z,6,s,0.479,0.003941
3751,2018-11-08T06:00:33.253500Z,7,s,0.711,0.002231
3752,2018-11-08T06:00:33.276000Z,8,s,0.749,0.005384
3753,2018-11-08T06:00:33.301000Z,9,s,0.79,0.004972
3754,2018-11-08T06:00:33.317500Z,10,s,0.536,0.001893
3755,2018-11-08T06:00:33.338000Z,11,s,0.884,0.003529
3756,2018-11-08T06:00:33.359000Z,12,s,0.863,0.006915
3757,2018-11-08T06:00:33.374500Z,19,s,0.317,0.003829
3758,2018-11-08T06:00:33.380000Z,13,s,0.881,0.006266
3759,2018-11-08T06:00:33.464500Z,17,s,0.405,0.002625
3760,2018-11-08T06:00:33.602500Z,24,s,0.669,0.003195
3761,2018-11-08T06:01:25.412000Z,10,s,0.303,0.006742
3762,2018-11-08T06:02:03.528500Z,11,s,0.392,0.002057
3763,2018-11-08T06:02:15.257500Z,11,s,0.662,0.001993
3764,2018-11-08T06:03:44.740500Z,20,p,0.498,0.002116
3765,2018-11-08T06:03:44.868000Z,20,s,0.685,0.002116
3766,2018-11-08T06:05:04.405500Z,20,p,0.67,0.002853
3767,2018-11-08T06:05:04.536500Z,20,s,0.806,0.002853
3768,2018-11-08T06:05:10.480500Z,3,s,0.331,0.003392
3769,2018-11-08T06:05:15.905000Z,5,s,0.84,0.003465
3770,2018-11-08T06:05:31.137500Z,20,s,0.39,0.002002
3771,2018-11-08T06:06:17.608500Z,22,p,0.33,0.003428
3772,2018-11-08T06:06:17.610500Z,21,s,0.546,0.00473
3773,2018-11-08T06:06:28.158000Z,24,p,0.977,6.384
3774,2018-11-08T06:06:28.163500Z,23,p,0.982,9.0
3775,2018-11-08T06:06:28.169500Z,22,p,0.979,5.721
3776,2018-11-08T06:06:28.175500Z,21,p,0.983,5.313
3777,2018-11-08T06:06:28.180000Z,20,p,0.978,2.946
3778,2018-11-08T06:06:28.185500Z,19,p,0.984,3.367
3779,2018-11-08T06:06:28.191500Z,18,p,0.982,2.722
3780,2018-11-08T06:06:28.196000Z,17,p,0.978,2.018
3781,2018-11-08T06:06:28.202000Z,16,p,0.986,2.025
3782,2018-11-08T06:06:28.207500Z,15,p,0.981,0.9853
3783,2018-11-08T06:06:28.212500Z,24,s,0.948,4.36
3784,2018-11-08T06:06:28.213500Z,14,p,0.978,0.7393
3785,2018-11-08T06:06:28.220000Z,13,p,0.969,1.16
3786,2018-11-08T06:06:28.221500Z,23,s,0.962,6.054
3787,2018-11-08T06:06:28.226000Z,12,p,0.982,1.258
3788,2018-11-08T06:06:28.230000Z,22,s,0.958,2.843
3789,2018-11-08T06:06:28.231000Z,11,p,0.979,0.8936
3790,2018-11-08T06:06:28.236000Z,10,p,0.971,0.8499
3791,2018-11-08T06:06:28.239000Z,21,s,0.961,2.171
3792,2018-11-08T06:06:28.241500Z,9,p,0.984,0.5692
3793,2018-11-08T06:06:28.247500Z,8,p,0.976,0.5437
3794,2018-11-08T06:06:28.248000Z,20,s,0.894,1.671
3795,2018-11-08T06:06:28.252000Z,7,p,0.976,0.3113
3796,2018-11-08T06:06:28.256500Z,19,s,0.949,1.144
3797,2018-11-08T06:06:28.258000Z,6,p,0.98,0.2872
3798,2018-11-08T06:06:28.263500Z,5,p,0.979,0.261
3799,2018-11-08T06:06:28.267500Z,18,s,0.95,1.321
3800,2018-11-08T06:06:28.268500Z,4,p,0.976,0.282
3801,2018-11-08T06:06:28.274000Z,3,p,0.983,0.2537
3802,2018-11-08T06:06:28.275000Z,17,s,0.934,1.188
3803,2018-11-08T06:06:28.280000Z,2,p,0.98,0.2486
3804,2018-11-08T06:06:28.284000Z,1,p,0.975,0.1368
3805,2018-11-08T06:06:28.287500Z,16,s,0.925,0.7516
3806,2018-11-08T06:06:28.296500Z,15,s,0.798,0.4757
3807,2018-11-08T06:06:28.308500Z,14,s,0.888,0.6406
3808,2018-11-08T06:06:28.318500Z,13,s,0.894,0.916
3809,2018-11-08T06:06:28.324500Z,12,s,0.851,0.387
3810,2018-11-08T06:06:28.338000Z,11,s,0.896,0.3464
3811,2018-11-08T06:06:28.347500Z,10,s,0.873,0.3412
3812,2018-11-08T06:06:28.357000Z,9,s,0.803,0.3212
3813,2018-11-08T06:06:28.368000Z,8,s,0.919,0.3
3814,2018-11-08T06:06:28.376500Z,7,s,0.856,0.2449
3815,2018-11-08T06:06:28.382000Z,6,s,0.661,0.2059
3816,2018-11-08T06:06:28.393000Z,5,s,0.694,0.1422
3817,2018-11-08T06:06:28.409000Z,4,s,0.772,0.2358
3818,2018-11-08T06:06:28.418500Z,3,s,0.751,0.2103
3819,2018-11-08T06:06:28.424500Z,2,s,0.653,0.1884
3820,2018-11-08T06:06:28.434000Z,1,s,0.751,0.1253
3821,2018-11-08T06:06:38.015500Z,11,p,0.465,0.002268
3822,2018-11-08T06:06:38.141500Z,11,s,0.631,0.002268
3823,2018-11-08T06:07:09.515500Z,20,s,0.385,0.002253
3824,2018-11-08T06:07:17.056500Z,24,s,0.334,0.004967
3825,2018-11-08T06:07:52.621500Z,11,s,0.56,0.00233
3826,2018-11-08T06:08:58.136500Z,22,s,0.6,0.003261
3827,2018-11-08T06:08:58.723000Z,24,p,0.969,0.02525
3828,2018-11-08T06:08:58.726500Z,23,p,0.967,0.02207
3829,2018-11-08T06:08:58.731500Z,22,p,0.91,0.01546
3830,2018-11-08T06:08:58.734000Z,21,p,0.88,0.008594
3831,2018-11-08T06:08:58.742500Z,20,p,0.938,0.01127
3832,2018-11-08T06:08:58.748500Z,19,p,0.954,0.006986
3833,2018-11-08T06:08:58.752000Z,18,p,0.534,0.005692
3834,2018-11-08T06:08:58.759500Z,17,p,0.861,0.005052
3835,2018-11-08T06:08:58.765000Z,16,p,0.911,0.004095
3836,2018-11-08T06:08:58.771500Z,15,p,0.843,0.003595
3837,2018-11-08T06:08:58.775500Z,14,p,0.845,0.005924
3838,2018-11-08T06:08:58.783000Z,13,p,0.946,0.003944
3839,2018-11-08T06:08:58.788000Z,11,p,0.499,0.00262
3840,2018-11-08T06:08:58.791500Z,8,p,0.615,0.00303
3841,2018-11-08T06:08:58.799500Z,24,s,0.96,0.02525
3842,2018-11-08T06:08:58.805500Z,10,p,0.353,0.001908
3843,2018-11-08T06:08:58.806500Z,12,p,0.654,0.003384
3844,2018-11-08T06:08:58.808000Z,23,s,0.959,0.02207
3845,2018-11-08T06:08:58.816000Z,22,s,0.954,0.01546
3846,2018-11-08T06:08:58.824500Z,21,s,0.95,0.008594
3847,2018-11-08T06:08:58.833500Z,20,s,0.925,0.01127
3848,2018-11-08T06:08:58.842000Z,19,s,0.945,0.006986
3849,2018-11-08T06:08:58.852500Z,18,s,0.79,0.005692
3850,2018-11-08T06:08:58.860500Z,17,s,0.86,0.005052
3851,2018-11-08T06:08:58.871000Z,16,s,0.892,0.004095
3852,2018-11-08T06:08:58.876500Z,4,p,0.418,0.002032
3853,2018-11-08T06:08:58.880000Z,15,s,0.887,0.003595
3854,2018-11-08T06:08:58.890000Z,14,s,0.882,0.005924
3855,2018-11-08T06:08:58.900500Z,13,s,0.866,0.003944
3856,2018-11-08T06:08:58.908500Z,12,s,0.85,0.003384
3857,2018-11-08T06:08:58.918500Z,11,s,0.773,0.00262
3858,2018-11-08T06:08:58.929000Z,10,s,0.806,0.001908
3859,2018-11-08T06:08:58.947000Z,8,s,0.797,0.00303
3860,2018-11-08T06:08:58.964000Z,6,s,0.642,0.002345
3861,2018-11-08T06:08:58.968500Z,5,s,0.469,0.001435
3862,2018-11-08T06:08:58.981000Z,4,s,0.757,0.001955
3863,2018-11-08T06:08:58.992500Z,3,s,0.693,0.002346
3864,2018-11-08T06:08:59.000000Z,2,s,0.809,0.002416
3865,2018-11-08T06:08:59.010000Z,1,s,0.824,0.001432
3866,2018-11-08T06:09:00.911500Z,5,s,0.792,0.003271
3867,2018-11-08T06:09:01.164500Z,19,p,0.498,0.003321
3868,2018-11-08T06:09:01.273500Z,19,s,0.448,0.003321
3869,2018-11-08T06:09:04.027500Z,4,s,0.874,0.005924
3870,2018-11-08T06:09:08.357500Z,11,s,0.308,0.001941
3871,2018-11-08T06:09:13.713000Z,20,s,0.717,0.002015
3872,2018-11-08T06:10:32.189500Z,3,p,0.327,0.004935
3873,2018-11-08T06:10:32.260000Z,3,s,0.855,0.004251
3874,2018-11-08T06:10:32.616000Z,3,s,0.722,0.004935
3875,2018-11-08T06:11:24.147500Z,1,s,0.367,0.00254
3876,2018-11-08T06:11:49.058500Z,4,p,0.36,0.002174
3877,2018-11-08T06:11:49.642000Z,18,p,0.409,0.002842
3878,2018-11-08T06:12:03.548500Z,22,s,0.351,0.00253
3879,2018-11-08T06:12:33.865500Z,7,p,0.367,0.00237
3880,2018-11-08T06:12:33.957500Z,4,p,0.447,0.001976
3881,2018-11-08T06:12:40.664000Z,23,s,0.682,0.002985
3882,2018-11-08T06:12:45.609500Z,4,p,0.302,0.001921
3883,2018-11-08T06:12:59.624500Z,20,s,0.397,0.003029
3884,2018-11-08T06:13:27.461500Z,22,p,0.431,0.007825
3885,2018-11-08T06:13:27.492000Z,22,s,0.91,0.007825
3886,2018-11-08T06:13:27.493500Z,21,s,0.541,0.004813
3887,2018-11-08T06:13:52.750000Z,24,s,0.349,0.005012
3888,2018-11-08T06:14:18.087500Z,20,p,0.36,0.002114
3889,2018-11-08T06:14:18.240500Z,20,s,0.669,0.002114
3890,2018-11-08T06:14:36.719500Z,5,p,0.767,0.003011
3891,2018-11-08T06:14:36.799000Z,5,s,0.868,0.003011
3892,2018-11-08T06:14:48.433500Z,11,s,0.547,0.002061
3893,2018-11-08T06:15:44.461500Z,11,s,0.704,0.00392
3894,2018-11-08T06:15:48.313000Z,22,s,0.922,0.01073
3895,2018-11-08T06:15:48.313500Z,21,s,0.706,0.007234
3896,2018-11-08T06:16:17.422000Z,11,p,0.364,0.003299
3897,2018-11-08T06:16:17.557000Z,11,s,0.76,0.003299
3898,2018-11-08T06:16:22.069500Z,23,p,0.447,0.002378
3899,2018-11-08T06:16:22.210500Z,23,s,0.745,0.002378
3900,2018-11-08T06:17:03.215500Z,18,s,0.506,0.005553
3901,2018-11-08T06:17:05.124000Z,22,s,0.801,0.003968
3902,2018-11-08T06:17:05.133500Z,21,s,0.353,0.002276
3903,2018-11-08T06:17:35.342000Z,20,s,0.526,0.001962
3904,2018-11-08T06:19:08.908000Z,20,s,0.799,0.002838
3905,2018-11-08T06:19:16.736500Z,23,s,0.576,0.002852
3906,2018-11-08T06:19:25.574000Z,11,s,0.338,0.00169
3907,2018-11-08T06:19:42.212000Z,20,s,0.332,0.001975
3908,2018-11-08T06:19:55.390500Z,22,p,0.488,0.007324
3909,2018-11-08T06:19:55.433500Z,22,s,0.848,0.007324
3910,2018-11-08T06:19:56.891500Z,23,s,0.689,0.01066
3911,2018-11-08T06:20:45.341500Z,24,s,0.706,0.006004
3912,2018-11-08T06:21:05.630500Z,8,s,0.62,0.003409
3913,2018-11-08T06:21:13.365500Z,20,s,0.369,0.002054
3914,2018-11-08T06:21:39.629500Z,3,s,0.478,0.002764
3915,2018-11-08T06:21:43.724000Z,23,s,0.326,0.002546
3916,2018-11-08T06:22:40.296500Z,20,s,0.541,0.001961
3917,2018-11-08T06:23:25.966000Z,11,p,0.462,0.00381
3918,2018-11-08T06:23:26.037500Z,11,s,0.798,0.00381
3919,2018-11-08T06:24:11.393000Z,22,s,0.901,0.008804
3920,2018-11-08T06:24:32.665500Z,5,s,0.47,0.003487
3921,2018-11-08T06:24:35.939000Z,11,s,0.906,0.004453
3922,2018-11-08T06:25:04.188000Z,15,s,0.373,0.007181
3923,2018-11-08T06:25:47.029500Z,22,s,0.441,0.003234
3924,2018-11-08T06:26:02.909500Z,23,s,0.4,0.002351
3925,2018-11-08T06:26:03.789000Z,22,s,0.65,0.008839
3926,2018-11-08T06:26:12.222500Z,22,p,0.39,0.007435
3927,2018-11-08T06:26:12.338000Z,22,s,0.927,0.007435
3928,2018-11-08T06:26:12.339500Z,21,s,0.507,0.005165
3929,2018-11-08T06:26:14.242500Z,22,p,0.916,0.1542
3930,2018-11-08T06:26:14.243000Z,21,p,0.874,0.1072
3931,2018-11-08T06:26:14.253500Z,23,s,0.328,0.01168
3932,2018-11-08T06:26:14.254000Z,23,p,0.603,0.01168
3933,2018-11-08T06:26:14.256000Z,20,p,0.523,0.01135
3934,2018-11-08T06:26:14.287500Z,24,s,0.45,0.002867
3935,2018-11-08T06:26:14.884500Z,24,s,0.793,0.003988
3936,2018-11-08T06:26:15.616000Z,22,p,0.466,0.01356
3937,2018-11-08T06:26:15.656500Z,22,s,0.602,0.01356
3938,2018-11-08T06:26:15.656500Z,21,p,0.567,0.005728
3939,2018-11-08T06:26:15.968500Z,21,s,0.571,0.004001
3940,2018-11-08T06:26:16.279500Z,21,p,0.842,0.01292
3941,2018-11-08T06:26:16.280000Z,22,p,0.475,0.01851
3942,2018-11-08T06:26:16.453000Z,21,s,0.733,0.004194
3943,2018-11-08T06:26:16.564500Z,22,p,0.758,0.02541
3944,2018-11-08T06:26:16.673500Z,22,s,0.757,0.02541
3945,2018-11-08T06:26:16.674000Z,21,s,0.662,0.01292
3946,2018-11-08T06:26:16.853500Z,22,p,0.37,0.02229
3947,2018-11-08T06:26:16.962000Z,21,s,0.379,0.01355
3948,2018-11-08T06:26:17.850000Z,21,p,0.38,0.004031
3949,2018-11-08T06:26:17.934000Z,22,p,0.919,0.01569
3950,2018-11-08T06:26:17.936000Z,21,p,0.865,0.00926
3951,2018-11-08T06:26:18.060000Z,22,s,0.665,0.01569
3952,2018-11-08T06:26:18.061000Z,21,s,0.883,0.00926
3953,2018-11-08T06:26:19.190500Z,22,s,0.688,0.002517
3954,2018-11-08T06:26:28.681500Z,21,p,0.478,0.01164
3955,2018-11-08T06:26:28.781500Z,22,s,0.548,0.01684
3956,2018-11-08T06:26:28.783500Z,22,p,0.397,0.01684
3957,2018-11-08T06:26:28.784500Z,21,s,0.814,0.01164
3958,2018-11-08T06:26:35.556000Z,22,p,0.965,0.01417
3959,2018-11-08T06:26:35.557500Z,21,p,0.818,0.009238
3960,2018-11-08T06:26:35.624000Z,22,s,0.95,0.01417
3961,2018-11-08T06:26:35.625500Z,21,s,0.891,0.009238
3962,2018-11-08T06:26:49.133500Z,20,s,0.868,0.003593
3963,2018-11-08T06:26:53.856500Z,1,s,0.729,0.003152
3964,2018-11-08T06:26:53.936500Z,22,s,0.35,0.001592
3965,2018-11-08T06:27:07.798500Z,20,p,0.356,0.003561
3966,2018-11-08T06:27:08.064500Z,20,s,0.718,0.003561
3967,2018-11-08T06:27:08.296000Z,22,s,0.68,0.004216
3968,2018-11-08T06:27:44.416500Z,22,s,0.571,0.002361
3969,2018-11-08T06:28:03.888000Z,20,p,0.453,0.001855
3970,2018-11-08T06:28:04.046500Z,20,s,0.603,0.001852
3971,2018-11-08T06:28:51.765500Z,23,s,0.472,0.004582
3972,2018-11-08T06:28:51.795500Z,20,s,0.51,0.002015
3973,2018-11-08T06:29:09.033500Z,13,p,0.405,0.001788
3974,2018-11-08T06:30:37.371500Z,5,p,0.36,0.001573
3975,2018-11-08T06:30:47.134500Z,6,p,0.351,0.001563
3976,2018-11-08T06:30:47.206500Z,19,p,0.399,0.001953
3977,2018-11-08T06:31:15.947500Z,16,p,0.335,0.006361
3978,2018-11-08T06:31:15.963500Z,18,p,0.837,0.08248
3979,2018-11-08T06:31:15.966500Z,17,p,0.892,0.04137
3980,2018-11-08T06:31:15.976000Z,16,s,0.828,0.006361
3981,2018-11-08T06:31:16.055500Z,13,s,0.511,0.002603
3982,2018-11-08T06:31:46.364000Z,2,p,0.476,0.005554
3983,2018-11-08T06:31:46.417500Z,2,s,0.559,0.005554
3984,2018-11-08T06:32:51.565500Z,20,p,0.795,0.002056
3985,2018-11-08T06:32:51.759000Z,20,s,0.719,0.002056
3986,2018-11-08T06:33:01.066500Z,6,s,0.343,0.001869
3987,2018-11-08T06:33:17.292000Z,20,p,0.407,0.003076
3988,2018-11-08T06:33:17.390500Z,20,s,0.748,0.003076
3989,2018-11-08T06:33:26.289500Z,5,p,0.344,0.001978
3990,2018-11-08T06:33:26.599500Z,18,p,0.414,0.002403
3991,2018-11-08T06:33:28.522000Z,22,p,0.574,0.003941
3992,2018-11-08T06:33:28.565500Z,22,s,0.835,0.003941
3993,2018-11-08T06:33:40.945000Z,22,s,0.885,0.00462
3994,2018-11-08T06:33:44.059500Z,5,s,0.802,0.003603
3995,2018-11-08T06:33:55.060500Z,24,s,0.426,0.005079
3996,2018-11-08T06:34:40.825500Z,23,p,0.831,0.01494
3997,2018-11-08T06:34:40.831500Z,21,p,0.412,0.005902
3998,2018-11-08T06:34:40.832000Z,22,p,0.782,0.005483
3999,2018-11-08T06:34:40.836000Z,24,p,0.419,0.01544
4000,2018-11-08T06:34:40.842500Z,20,p,0.89,0.005315
4001,2018-11-08T06:34:40.849500Z,19,p,0.866,0.004477
4002,2018-11-08T06:34:40.862000Z,17,p,0.702,0.005466
4003,2018-11-08T06:34:40.865500Z,13,p,0.546,0.003927
4004,2018-11-08T06:34:40.870000Z,14,p,0.512,0.003316
4005,2018-11-08T06:34:40.888000Z,12,p,0.801,0.002032
4006,2018-11-08T06:34:40.899500Z,24,s,0.966,0.01544
4007,2018-11-08T06:34:40.905500Z,23,s,0.946,0.01494
4008,2018-11-08T06:34:40.915500Z,22,s,0.919,0.005483
4009,2018-11-08T06:34:40.921500Z,21,s,0.894,0.005902
4010,2018-11-08T06:34:40.933500Z,20,s,0.875,0.005315
4011,2018-11-08T06:34:40.941500Z,19,s,0.926,0.004477
4012,2018-11-08T06:34:40.959000Z,17,s,0.919,0.005466
4013,2018-11-08T06:34:40.969000Z,16,s,0.831,0.003346
4014,2018-11-08T06:34:40.978500Z,15,s,0.393,0.003403
4015,2018-11-08T06:34:40.987000Z,14,s,0.905,0.003316
4016,2018-11-08T06:34:40.997500Z,13,s,0.873,0.003927
4017,2018-11-08T06:34:41.007500Z,12,s,0.579,0.002032
4018,2018-11-08T06:34:41.018000Z,11,s,0.744,0.00164
4019,2018-11-08T06:34:43.706000Z,22,p,0.491,0.003212
4020,2018-11-08T06:34:43.789500Z,24,p,0.558,0.007598
4021,2018-11-08T06:34:43.804500Z,15,p,0.374,0.001621
4022,2018-11-08T06:34:43.838000Z,23,p,0.639,0.008407
4023,2018-11-08T06:34:43.838500Z,21,p,0.442,0.003336
4024,2018-11-08T06:34:43.846500Z,20,p,0.454,0.003338
4025,2018-11-08T06:34:43.852500Z,19,p,0.306,0.002278
4026,2018-11-08T06:34:43.879500Z,14,p,0.328,0.00184
4027,2018-11-08T06:34:43.904500Z,24,s,0.942,0.007598
4028,2018-11-08T06:34:43.911500Z,23,s,0.933,0.008407
4029,2018-11-08T06:34:43.920000Z,22,s,0.842,0.003212
4030,2018-11-08T06:34:43.926000Z,21,s,0.678,0.003336
4031,2018-11-08T06:34:43.936000Z,20,s,0.756,0.003338
4032,2018-11-08T06:34:43.947000Z,19,s,0.896,0.002278
4033,2018-11-08T06:34:43.965000Z,17,s,0.789,0.002715
4034,2018-11-08T06:34:43.993000Z,14,s,0.885,0.00184
4035,2018-11-08T06:34:43.999500Z,13,s,0.36,0.00232
4036,2018-11-08T06:34:54.814000Z,22,s,0.452,0.002455
4037,2018-11-08T06:37:35.457500Z,20,s,0.557,0.001836
4038,2018-11-08T06:37:48.950500Z,6,s,0.441,0.003642
4039,2018-11-08T06:38:52.386000Z,6,s,0.87,0.003785
4040,2018-11-08T06:39:02.223500Z,11,s,0.585,0.003369
4041,2018-11-08T06:39:17.309500Z,5,s,0.776,0.002691
4042,2018-11-08T06:39:42.588000Z,23,s,0.856,0.002385
4043,2018-11-08T06:40:33.041500Z,24,s,0.315,0.005358
4044,2018-11-08T06:40:45.302500Z,6,s,0.572,0.001848
4045,2018-11-08T06:41:10.222500Z,20,p,0.415,0.003166
4046,2018-11-08T06:41:10.351000Z,20,s,0.727,0.003166
4047,2018-11-08T06:41:22.002500Z,2,s,0.548,0.003027
4048,2018-11-08T06:42:20.568500Z,22,s,0.35,0.003344
4049,2018-11-08T06:42:21.325500Z,1,s,0.634,0.0027
4050,2018-11-08T06:42:22.028500Z,22,p,0.768,0.08996
4051,2018-11-08T06:42:22.030500Z,21,p,0.745,0.0787
4052,2018-11-08T06:42:22.055500Z,21,s,0.642,0.0787
4053,2018-11-08T06:42:22.056000Z,22,s,0.921,0.08996
4054,2018-11-08T06:42:22.059500Z,20,p,0.576,0.008494
4055,2018-11-08T06:42:22.066000Z,23,p,0.613,0.008171
4056,2018-11-08T06:42:22.098500Z,24,s,0.559,0.004949
4057,2018-11-08T06:42:24.228500Z,22,p,0.401,0.005272
4058,2018-11-08T06:42:24.549500Z,21,p,0.306,0.005601
4059,2018-11-08T06:42:25.348500Z,21,s,0.377,0.005236
4060,2018-11-08T06:42:25.570500Z,21,p,0.504,0.004452
4061,2018-11-08T06:42:26.200500Z,21,p,0.343,0.003219
4062,2018-11-08T06:42:26.252500Z,21,p,0.386,0.002763
4063,2018-11-08T06:42:26.256500Z,22,s,0.364,0.003438
4064,2018-11-08T06:42:26.621500Z,21,p,0.466,0.005313
4065,2018-11-08T06:42:26.627500Z,22,s,0.612,0.006262
4066,2018-11-08T06:42:28.349500Z,21,p,0.873,0.004262
4067,2018-11-08T06:42:28.353000Z,22,p,0.747,0.004181
4068,2018-11-08T06:42:28.398500Z,21,s,0.516,0.004262
4069,2018-11-08T06:42:29.000500Z,21,p,0.74,0.01203
4070,2018-11-08T06:42:29.002000Z,22,p,0.792,0.002886
4071,2018-11-08T06:42:29.236500Z,21,s,0.86,0.01203
4072,2018-11-08T06:42:29.237000Z,22,s,0.451,0.01188
4073,2018-11-08T06:42:29.240000Z,22,p,0.358,0.01188
4074,2018-11-08T06:42:29.506000Z,22,s,0.382,0.009539
4075,2018-11-08T06:42:30.544500Z,22,p,0.433,0.00732
4076,2018-11-08T06:42:30.571000Z,21,p,0.431,0.005517
4077,2018-11-08T06:42:30.573000Z,21,s,0.419,0.005517
4078,2018-11-08T06:42:30.577500Z,22,s,0.761,0.00732
4079,2018-11-08T06:42:31.207500Z,21,s,0.301,0.001859
4080,2018-11-08T06:42:31.576000Z,22,p,0.377,0.00787
4081,2018-11-08T06:42:31.769000Z,21,p,0.61,0.00722
4082,2018-11-08T06:42:31.769500Z,22,s,0.682,0.00787
4083,2018-11-08T06:42:31.797500Z,21,s,0.321,0.004283
4084,2018-11-08T06:42:36.198000Z,22,s,0.829,0.004745
4085,2018-11-08T06:42:41.753500Z,21,s,0.72,0.008719
4086,2018-11-08T06:42:41.756000Z,22,s,0.684,0.009285
4087,2018-11-08T06:42:51.482000Z,22,p,0.469,0.004302
4088,2018-11-08T06:42:51.577500Z,22,s,0.77,0.004302
4089,2018-11-08T06:42:56.546000Z,21,s,0.708,0.01237
4090,2018-11-08T06:42:56.547500Z,22,s,0.929,0.01327
4091,2018-11-08T06:43:15.082000Z,22,p,0.443,0.01932
4092,2018-11-08T06:43:15.145500Z,21,s,0.397,0.01313
4093,2018-11-08T06:43:15.148000Z,21,p,0.557,0.01313
4094,2018-11-08T06:43:15.150000Z,22,s,0.865,0.01932
4095,2018-11-08T06:43:15.186500Z,21,s,0.547,0.005237
4096,2018-11-08T06:43:34.967500Z,21,p,0.863,0.003892
4097,2018-11-08T06:43:35.196500Z,21,s,0.495,0.002993
4098,2018-11-08T06:43:35.707500Z,21,p,0.402,0.002775
4099,2018-11-08T06:43:35.796000Z,21,s,0.859,0.002775
4100,2018-11-08T06:43:36.688500Z,22,s,0.38,0.002743
4101,2018-11-08T06:43:43.752500Z,21,p,0.531,0.003604
4102,2018-11-08T06:43:49.173500Z,22,p,0.595,0.003759
4103,2018-11-08T06:43:49.274000Z,22,s,0.548,0.003759
4104,2018-11-08T06:43:49.274500Z,21,s,0.697,0.003623
4105,2018-11-08T06:43:49.628000Z,22,p,0.345,0.003227
4106,2018-11-08T06:43:49.819500Z,22,s,0.558,0.003227
4107,2018-11-08T06:43:57.271500Z,21,s,0.489,0.008481
4108,2018-11-08T06:43:57.273500Z,22,s,0.792,0.00971
4109,2018-11-08T06:43:58.143500Z,22,p,0.55,0.009555
4110,2018-11-08T06:43:58.261500Z,21,s,0.58,0.005657
4111,2018-11-08T06:43:58.262000Z,22,s,0.864,0.009555
4112,2018-11-08T06:44:04.385500Z,22,s,0.458,0.002146
4113,2018-11-08T06:44:12.849500Z,21,s,0.462,0.006386
4114,2018-11-08T06:44:12.851000Z,22,s,0.85,0.005929
4115,2018-11-08T06:44:19.093000Z,21,s,0.5,0.00865
4116,2018-11-08T06:44:19.097500Z,22,s,0.817,0.009878
4117,2018-11-08T06:44:22.793000Z,21,s,0.825,0.008265
4118,2018-11-08T06:44:22.794000Z,22,s,0.811,0.0118
4119,2018-11-08T06:44:24.299500Z,22,s,0.631,0.003407
4120,2018-11-08T06:44:34.086500Z,5,s,0.467,0.003052
4121,2018-11-08T06:45:04.300000Z,21,s,0.345,0.004966
4122,2018-11-08T06:45:04.301500Z,21,p,0.415,0.004966
4123,2018-11-08T06:45:15.334500Z,22,p,0.717,0.0275
4124,2018-11-08T06:45:15.354500Z,21,s,0.797,0.03648
4125,2018-11-08T06:45:15.358000Z,22,s,0.912,0.0275
4126,2018-11-08T06:45:17.034000Z,21,p,0.471,0.003798
4127,2018-11-08T06:45:17.040000Z,22,p,0.823,0.005086
4128,2018-11-08T06:45:17.246500Z,21,s,0.426,0.003798
4129,2018-11-08T06:45:17.943500Z,21,p,0.855,0.005763
4130,2018-11-08T06:45:17.944000Z,22,p,0.406,0.002653
4131,2018-11-08T06:45:18.130000Z,21,s,0.779,0.005763
4132,2018-11-08T06:45:18.131000Z,22,p,0.607,0.0107
4133,2018-11-08T06:45:18.134000Z,22,s,0.359,0.0107
4134,2018-11-08T06:45:19.535500Z,22,s,0.636,0.004076
4135,2018-11-08T06:45:20.441000Z,21,p,0.592,0.01061
4136,2018-11-08T06:45:20.442500Z,22,s,0.419,0.007425
4137,2018-11-08T06:45:20.444000Z,22,p,0.38,0.007425
4138,2018-11-08T06:45:20.729500Z,21,s,0.494,0.01061
4139,2018-11-08T06:45:20.733500Z,22,p,0.944,0.01145
4140,2018-11-08T06:45:20.868000Z,22,s,0.555,0.01145
4141,2018-11-08T06:45:21.216500Z,21,p,0.69,0.006274
4142,2018-11-08T06:45:21.340000Z,21,s,0.89,0.006274
4143,2018-11-08T06:45:21.342000Z,22,s,0.693,0.007248
4144,2018-11-08T06:45:22.199500Z,21,p,0.538,0.008453
4145,2018-11-08T06:45:22.277000Z,21,s,0.767,0.008453
4146,2018-11-08T06:45:22.279500Z,22,s,0.729,0.009617
4147,2018-11-08T06:45:22.565500Z,21,s,0.61,0.007119
4148,2018-11-08T06:45:22.568000Z,22,s,0.916,0.007671
4149,2018-11-08T06:45:23.234500Z,21,s,0.491,0.002805
4150,2018-11-08T06:45:23.239500Z,22,s,0.399,0.00189
4151,2018-11-08T06:45:23.911500Z,21,s,0.74,0.002576
4152,2018-11-08T06:45:45.464500Z,21,s,0.547,0.002538
4153,2018-11-08T06:45:57.804000Z,22,s,0.815,0.006292
4154,2018-11-08T06:46:06.173500Z,21,s,0.518,0.005062
4155,2018-11-08T06:46:27.205000Z,21,p,0.757,0.008817
4156,2018-11-08T06:46:27.209000Z,22,p,0.882,0.01097
4157,2018-11-08T06:46:37.804500Z,21,p,0.418,0.01725
4158,2018-11-08T06:46:37.893500Z,21,s,0.724,0.01725
4159,2018-11-08T06:46:37.894500Z,22,s,0.791,0.005727
4160,2018-11-08T06:47:15.294500Z,21,p,0.678,0.00352
4161,2018-11-08T06:47:15.296500Z,22,p,0.308,0.003642
4162,2018-11-08T06:47:15.416500Z,22,s,0.37,0.003642
4163,2018-11-08T06:47:17.732000Z,20,p,0.309,0.003279
4164,2018-11-08T06:47:17.886500Z,20,s,0.787,0.003279
4165,2018-11-08T06:47:27.774500Z,11,s,0.783,0.003965
4166,2018-11-08T06:47:33.029500Z,24,s,0.564,0.005152
4167,2018-11-08T06:49:07.848500Z,3,s,0.502,0.002549
4168,2018-11-08T06:49:28.373500Z,19,s,0.457,0.002337
4169,2018-11-08T06:49:32.941500Z,13,s,0.395,0.00502
4170,2018-11-08T06:49:42.907500Z,12,p,0.393,0.001608
4171,2018-11-08T06:50:02.268500Z,2,p,0.31,0.002149
4172,2018-11-08T06:50:18.653500Z,14,p,0.318,0.001992
4173,2018-11-08T06:50:23.679500Z,2,p,0.348,0.001899
4174,2018-11-08T06:50:28.838500Z,13,p,0.348,0.002509
4175,2018-11-08T06:50:28.877500Z,20,s,0.375,0.003022
4176,2018-11-08T06:50:41.498500Z,11,s,0.464,0.003177
4177,2018-11-08T06:50:56.147500Z,14,p,0.341,0.002512
4178,2018-11-08T06:52:23.222000Z,4,p,0.315,0.006572
4179,2018-11-08T06:52:23.330000Z,4,s,0.863,0.006572
4180,2018-11-08T06:52:46.873000Z,11,s,0.794,0.00323
4181,2018-11-08T06:52:48.164000Z,14,p,0.301,0.002861
4182,2018-11-08T06:53:18.170000Z,21,s,0.716,0.0158
4183,2018-11-08T06:53:18.172500Z,22,s,0.887,0.01488
4184,2018-11-08T06:53:23.520500Z,23,s,0.37,0.002598
4185,2018-11-08T06:53:35.108000Z,20,p,0.352,0.001967
4186,2018-11-08T06:53:35.298500Z,20,s,0.635,0.001967
4187,2018-11-08T06:53:54.497500Z,22,s,0.467,0.002396
4188,2018-11-08T06:53:58.188000Z,23,s,0.428,0.002885
4189,2018-11-08T06:53:58.793500Z,10,p,0.929,0.01192
4190,2018-11-08T06:53:58.864500Z,10,s,0.591,0.01192
4191,2018-11-08T06:54:03.096500Z,11,s,0.376,0.002245
4192,2018-11-08T06:54:32.248500Z,11,s,0.462,0.00184
4193,2018-11-08T06:54:32.948500Z,11,s,0.889,0.003334
4194,2018-11-08T06:54:34.024500Z,11,s,0.491,0.004026
4195,2018-11-08T06:54:46.877500Z,22,s,0.572,0.002823
4196,2018-11-08T06:54:46.987500Z,23,s,0.541,0.003504
4197,2018-11-08T06:55:11.120500Z,11,p,0.693,0.00216
4198,2018-11-08T06:55:11.248500Z,11,s,0.904,0.00216
4199,2018-11-08T06:55:15.298000Z,20,s,0.748,0.002812
4200,2018-11-08T06:55:25.694000Z,5,s,0.779,0.002346
4201,2018-11-08T06:55:32.485500Z,5,s,0.705,0.002639
4202,2018-11-08T06:55:37.316000Z,18,p,0.834,0.002073
4203,2018-11-08T06:55:37.479000Z,18,s,0.416,0.002073
4204,2018-11-08T06:55:37.982500Z,2,p,0.489,0.002985
4205,2018-11-08T06:55:38.083500Z,2,s,0.773,0.002985
4206,2018-11-08T06:55:54.912500Z,11,s,0.776,0.003064
4207,2018-11-08T06:56:40.983000Z,11,s,0.885,0.003387
4208,2018-11-08T06:57:07.824500Z,20,s,0.598,0.001839
4209,2018-11-08T06:57:28.901500Z,11,p,0.413,0.003151
4210,2018-11-08T06:57:29.025000Z,11,s,0.755,0.003151
4211,2018-11-08T06:57:40.517500Z,19,s,0.313,0.0029
4212,2018-11-08T06:58:32.266000Z,21,p,0.461,0.002314
4213,2018-11-08T06:58:32.521500Z,21,s,0.387,0.002314
4214,2018-11-08T06:58:54.737500Z,13,s,0.359,0.002178
4215,2018-11-08T06:59:44.480000Z,2,s,0.683,0.002368
4216,2018-11-08T07:01:03.828000Z,11,s,0.631,0.001959
4217,2018-11-08T07:01:14.635500Z,11,s,0.336,0.002357
4218,2018-11-08T07:01:20.372500Z,11,p,0.306,0.001722
4219,2018-11-08T07:01:20.503000Z,11,s,0.743,0.001722
4220,2018-11-08T07:01:20.556000Z,20,p,0.742,0.002865
4221,2018-11-08T07:01:20.821000Z,20,s,0.843,0.002865
4222,2018-11-08T07:01:37.624000Z,11,p,0.864,0.00188
4223,2018-11-08T07:01:41.269500Z,11,s,0.438,0.002038
4224,2018-11-08T07:01:43.536500Z,8,s,0.396,0.003059
4225,2018-11-08T07:01:51.375000Z,5,s,0.732,0.00241
4226,2018-11-08T07:02:28.982500Z,11,p,0.36,0.003793
4227,2018-11-08T07:02:29.089000Z,11,s,0.882,0.003793
4228,2018-11-08T07:02:59.117500Z,23,s,0.347,0.002524
4229,2018-11-08T07:03:25.702500Z,20,s,0.512,0.001819
4230,2018-11-08T07:03:40.721500Z,22,s,0.386,0.001943
4231,2018-11-08T07:03:55.336500Z,19,s,0.441,0.002397
4232,2018-11-08T07:04:00.270500Z,11,s,0.382,0.001647
4233,2018-11-08T07:04:42.368500Z,23,s,0.469,0.002153
4234,2018-11-08T07:04:54.235500Z,20,s,0.324,0.00203
4235,2018-11-08T07:05:11.258000Z,11,s,0.622,0.002228
4236,2018-11-08T07:06:01.704500Z,23,s,0.347,0.003041
4237,2018-11-08T07:06:06.756000Z,11,s,0.537,0.001735
4238,2018-11-08T07:06:21.270500Z,11,p,0.591,0.002164
4239,2018-11-08T07:06:21.405500Z,11,s,0.61,0.002164
4240,2018-11-08T07:06:28.737500Z,22,s,0.371,0.002823
4241,2018-11-08T07:06:45.424000Z,24,p,0.986,0.05324
4242,2018-11-08T07:06:45.429000Z,23,p,0.981,0.077
4243,2018-11-08T07:06:45.434000Z,22,p,0.974,0.04548
4244,2018-11-08T07:06:45.439500Z,21,p,0.965,0.03315
4245,2018-11-08T07:06:45.445000Z,20,p,0.975,0.01882
4246,2018-11-08T07:06:45.452000Z,19,p,0.97,0.02051
4247,2018-11-08T07:06:45.458500Z,18,p,0.937,0.01313
4248,2018-11-08T07:06:45.463000Z,24,s,0.893,0.05324
4249,2018-11-08T07:06:45.464000Z,17,p,0.956,0.01191
4250,2018-11-08T07:06:45.469500Z,16,p,0.925,0.03738
4251,2018-11-08T07:06:45.471000Z,23,s,0.965,0.077
4252,2018-11-08T07:06:45.475500Z,15,p,0.967,0.01406
4253,2018-11-08T07:06:45.479000Z,22,s,0.962,0.04548
4254,2018-11-08T07:06:45.482500Z,14,p,0.962,0.01199
4255,2018-11-08T07:06:45.487500Z,13,p,0.978,0.02084
4256,2018-11-08T07:06:45.487500Z,21,s,0.972,0.03315
4257,2018-11-08T07:06:45.493500Z,12,p,0.973,0.01428
4258,2018-11-08T07:06:45.497500Z,11,p,0.921,0.009746
4259,2018-11-08T07:06:45.498500Z,20,s,0.952,0.01882
4260,2018-11-08T07:06:45.506500Z,10,p,0.939,0.0111
4261,2018-11-08T07:06:45.507000Z,19,s,0.962,0.02051
4262,2018-11-08T07:06:45.512000Z,9,p,0.964,0.0144
4263,2018-11-08T07:06:45.516000Z,8,p,0.947,0.01149
4264,2018-11-08T07:06:45.518500Z,18,s,0.96,0.01313
4265,2018-11-08T07:06:45.519000Z,7,p,0.85,0.009234
4266,2018-11-08T07:06:45.527000Z,17,s,0.96,0.01191
4267,2018-11-08T07:06:45.527500Z,6,p,0.891,0.006185
4268,2018-11-08T07:06:45.535500Z,5,p,0.963,0.005466
4269,2018-11-08T07:06:45.537500Z,16,s,0.926,0.03738
4270,2018-11-08T07:06:45.539500Z,4,p,0.951,0.008073
4271,2018-11-08T07:06:45.547000Z,15,s,0.909,0.01406
4272,2018-11-08T07:06:45.548000Z,3,p,0.905,0.006026
4273,2018-11-08T07:06:45.553000Z,2,p,0.888,0.00568
4274,2018-11-08T07:06:45.557000Z,14,s,0.951,0.01199
4275,2018-11-08T07:06:45.565000Z,1,p,0.822,0.004516
4276,2018-11-08T07:06:45.567000Z,13,s,0.94,0.02084
4277,2018-11-08T07:06:45.576500Z,12,s,0.943,0.01428
4278,2018-11-08T07:06:45.585000Z,11,s,0.858,0.009746
4279,2018-11-08T07:06:45.596500Z,10,s,0.906,0.0111
4280,2018-11-08T07:06:45.605000Z,9,s,0.961,0.0144
4281,2018-11-08T07:06:45.614500Z,8,s,0.954,0.01149
4282,2018-11-08T07:06:45.623000Z,7,s,0.953,0.009234
4283,2018-11-08T07:06:45.632500Z,6,s,0.937,0.006185
4284,2018-11-08T07:06:45.642500Z,5,s,0.949,0.005466
4285,2018-11-08T07:06:45.651500Z,4,s,0.965,0.008073
4286,2018-11-08T07:06:45.662000Z,3,s,0.942,0.006026
4287,2018-11-08T07:06:45.673000Z,2,s,0.906,0.00568
4288,2018-11-08T07:06:45.682500Z,1,s,0.939,0.004516
4289,2018-11-08T07:06:56.525500Z,11,s,0.492,0.001563
4290,2018-11-08T07:07:11.147500Z,16,p,0.752,0.018
4291,2018-11-08T07:07:11.150500Z,15,p,0.717,0.006035
4292,2018-11-08T07:07:11.159500Z,15,s,0.559,0.006035
4293,2018-11-08T07:07:11.164000Z,17,p,0.35,0.01134
4294,2018-11-08T07:07:11.167500Z,9,p,0.376,0.003093
4295,2018-11-08T07:07:11.167500Z,16,s,0.904,0.018
4296,2018-11-08T07:07:11.180500Z,23,p,0.65,0.003438
4297,2018-11-08T07:07:11.181500Z,14,s,0.859,0.007741
4298,2018-11-08T07:07:11.186500Z,17,s,0.734,0.01134
4299,2018-11-08T07:07:11.188000Z,13,p,0.79,0.02712
4300,2018-11-08T07:07:11.201000Z,13,s,0.925,0.02712
4301,2018-11-08T07:07:11.201500Z,21,p,0.306,0.003428
4302,2018-11-08T07:07:11.208500Z,18,s,0.505,0.008714
4303,2018-11-08T07:07:11.209500Z,12,p,0.378,0.02061
4304,2018-11-08T07:07:11.214500Z,11,p,0.532,0.009518
4305,2018-11-08T07:07:11.222500Z,12,s,0.801,0.02061
4306,2018-11-08T07:07:11.229500Z,19,s,0.546,0.005519
4307,2018-11-08T07:07:11.243000Z,11,s,0.946,0.009518
4308,2018-11-08T07:07:11.250500Z,20,s,0.689,0.00225
4309,2018-11-08T07:07:11.261500Z,10,s,0.46,0.003369
4310,2018-11-08T07:07:11.269500Z,21,s,0.836,0.003428
4311,2018-11-08T07:07:11.282000Z,9,s,0.699,0.003093
4312,2018-11-08T07:07:11.289500Z,22,s,0.715,0.003424
4313,2018-11-08T07:07:11.303500Z,8,s,0.734,0.00595
4314,2018-11-08T07:07:11.311000Z,23,s,0.846,0.003438
4315,2018-11-08T07:07:11.323500Z,7,s,0.556,0.001989
4316,2018-11-08T07:07:11.328000Z,24,s,0.671,0.006861
4317,2018-11-08T07:07:11.388000Z,4,s,0.59,0.003161
4318,2018-11-08T07:07:11.429500Z,2,s,0.48,0.00254
4319,2018-11-08T07:07:11.456500Z,1,s,0.652,0.002404
4320,2018-11-08T07:07:21.954500Z,20,s,0.368,0.001731
4321,2018-11-08T07:07:24.999500Z,11,s,0.408,0.001696
4322,2018-11-08T07:07:28.172000Z,17,s,0.451,0.003902
4323,2018-11-08T07:07:43.068000Z,2,p,0.548,0.009298
4324,2018-11-08T07:07:43.110000Z,4,p,0.506,0.004874
4325,2018-11-08T07:07:43.235500Z,2,s,0.343,0.009298
4326,2018-11-08T07:07:43.279500Z,4,s,0.738,0.004874
4327,2018-11-08T07:07:43.300000Z,5,s,0.333,0.005678
4328,2018-11-08T07:08:33.697000Z,5,s,0.765,0.002784
4329,2018-11-08T07:08:44.132500Z,11,p,0.431,0.002116
4330,2018-11-08T07:08:44.288500Z,11,s,0.668,0.002116
4331,2018-11-08T07:08:46.991500Z,22,p,0.455,0.004361
4332,2018-11-08T07:08:47.117000Z,22,s,0.75,0.004361
4333,2018-11-08T07:08:49.356000Z,20,p,0.725,0.00183
4334,2018-11-08T07:08:49.646000Z,20,s,0.511,0.00183
4335,2018-11-08T07:09:18.399500Z,20,s,0.57,0.003246
4336,2018-11-08T07:09:18.572000Z,20,p,0.716,0.003246
4337,2018-11-08T07:09:20.544500Z,19,p,0.304,0.003279
4338,2018-11-08T07:09:23.053500Z,22,s,0.38,0.002335
4339,2018-11-08T07:10:14.490000Z,11,s,0.449,0.004164
4340,2018-11-08T07:10:20.086500Z,20,p,0.381,0.001773
4341,2018-11-08T07:10:20.311000Z,20,s,0.501,0.001773
4342,2018-11-08T07:10:30.932000Z,16,s,0.322,0.001608
4343,2018-11-08T07:11:10.524000Z,23,s,0.568,0.002485
4344,2018-11-08T07:12:44.262000Z,19,p,0.33,0.001833
4345,2018-11-08T07:12:44.280500Z,15,p,0.614,0.001787
4346,2018-11-08T07:13:14.586500Z,23,s,0.323,0.00225
4347,2018-11-08T07:13:21.198000Z,4,s,0.318,0.002402
4348,2018-11-08T07:14:05.917500Z,3,s,0.507,0.003772
4349,2018-11-08T07:14:10.003500Z,1,p,0.724,0.001802
4350,2018-11-08T07:14:10.134500Z,1,s,0.652,0.00178
4351,2018-11-08T07:14:56.709500Z,9,p,0.303,0.002539
4352,2018-11-08T07:14:59.015500Z,24,s,0.48,0.004736
4353,2018-11-08T07:15:00.430000Z,12,p,0.33,0.002188
4354,2018-11-08T07:15:45.390000Z,21,p,0.373,0.002036
4355,2018-11-08T07:15:52.752000Z,23,p,0.711,0.006906
4356,2018-11-08T07:15:52.780500Z,23,s,0.735,0.006906
4357,2018-11-08T07:17:06.259000Z,5,s,0.853,0.003252
4358,2018-11-08T07:17:45.757500Z,11,s,0.392,0.001409
4359,2018-11-08T07:17:49.000500Z,22,s,0.462,0.00267
4360,2018-11-08T07:17:49.061500Z,11,s,0.579,0.003294
4361,2018-11-08T07:18:53.685500Z,20,p,0.59,0.002362
4362,2018-11-08T07:18:53.913000Z,20,s,0.86,0.002362
4363,2018-11-08T07:20:20.793500Z,19,s,0.467,0.01367
4364,2018-11-08T07:20:20.798500Z,19,p,0.475,0.01367
4365,2018-11-08T07:20:41.248500Z,10,s,0.349,0.001502
4366,2018-11-08T07:21:05.631500Z,20,s,0.453,0.002034
4367,2018-11-08T07:21:49.344000Z,24,p,0.746,0.006065
4368,2018-11-08T07:21:49.432500Z,24,s,0.806,0.006065
4369,2018-11-08T07:22:09.635500Z,5,s,0.849,0.002817
4370,2018-11-08T07:22:44.578000Z,20,p,0.838,0.00246
4371,2018-11-08T07:22:44.802500Z,20,s,0.605,0.00246
4372,2018-11-08T07:22:54.377500Z,22,s,0.525,0.002692
4373,2018-11-08T07:23:10.074500Z,19,s,0.352,0.001658
4374,2018-11-08T07:23:20.749000Z,20,s,0.768,0.003268
4375,2018-11-08T07:24:22.983500Z,24,p,0.981,0.1083
4376,2018-11-08T07:24:22.989500Z,23,p,0.985,0.1658
4377,2018-11-08T07:24:22.995500Z,22,p,0.985,0.08102
4378,2018-11-08T07:24:23.001500Z,21,p,0.979,0.08231
4379,2018-11-08T07:24:23.007500Z,20,p,0.985,0.04293
4380,2018-11-08T07:24:23.013500Z,19,p,0.985,0.03855
4381,2018-11-08T07:24:23.019500Z,18,p,0.984,0.03444
4382,2018-11-08T07:24:23.025500Z,17,p,0.982,0.02877
4383,2018-11-08T07:24:23.031500Z,16,p,0.98,0.03071
4384,2018-11-08T07:24:23.033500Z,24,s,0.955,0.1083
4385,2018-11-08T07:24:23.037500Z,15,p,0.983,0.01469
4386,2018-11-08T07:24:23.043500Z,14,p,0.983,0.0115
4387,2018-11-08T07:24:23.043500Z,23,s,0.968,0.1658
4388,2018-11-08T07:24:23.050000Z,13,p,0.985,0.01354
4389,2018-11-08T07:24:23.052500Z,22,s,0.842,0.08102
4390,2018-11-08T07:24:23.056000Z,12,p,0.981,0.01119
4391,2018-11-08T07:24:23.061000Z,11,p,0.984,0.009149
4392,2018-11-08T07:24:23.063000Z,21,s,0.964,0.08231
4393,2018-11-08T07:24:23.066500Z,10,p,0.969,0.009047
4394,2018-11-08T07:24:23.072500Z,20,s,0.951,0.04293
4395,2018-11-08T07:24:23.073500Z,9,p,0.979,0.01214
4396,2018-11-08T07:24:23.079500Z,8,p,0.985,0.00728
4397,2018-11-08T07:24:23.083000Z,19,s,0.959,0.03855
4398,2018-11-08T07:24:23.083500Z,7,p,0.956,0.005686
4399,2018-11-08T07:24:23.089500Z,6,p,0.955,0.004812
4400,2018-11-08T07:24:23.093500Z,18,s,0.963,0.03444
4401,2018-11-08T07:24:23.095500Z,5,p,0.929,0.003072
4402,2018-11-08T07:24:23.102500Z,17,s,0.931,0.02877
4403,2018-11-08T07:24:23.103000Z,4,p,0.962,0.005174
4404,2018-11-08T07:24:23.108000Z,3,p,0.926,0.004481
4405,2018-11-08T07:24:23.113500Z,16,s,0.894,0.03071
4406,2018-11-08T07:24:23.115000Z,2,p,0.952,0.003521
4407,2018-11-08T07:24:23.120500Z,15,s,0.478,0.01469
4408,2018-11-08T07:24:23.120500Z,1,p,0.941,0.002929
4409,2018-11-08T07:24:23.133000Z,14,s,0.91,0.0115
4410,2018-11-08T07:24:23.144500Z,13,s,0.929,0.01354
4411,2018-11-08T07:24:23.152500Z,12,s,0.86,0.01119
4412,2018-11-08T07:24:23.164500Z,11,s,0.808,0.009149
4413,2018-11-08T07:24:23.172500Z,10,s,0.717,0.009047
4414,2018-11-08T07:24:23.182500Z,9,s,0.952,0.01214
4415,2018-11-08T07:24:23.192000Z,8,s,0.934,0.005888
4416,2018-11-08T07:24:23.200500Z,7,s,0.893,0.005686
4417,2018-11-08T07:24:23.212500Z,6,s,0.8,0.004812
4418,2018-11-08T07:24:23.219000Z,5,s,0.744,0.003072
4419,2018-11-08T07:24:23.238000Z,4,s,0.613,0.005174
4420,2018-11-08T07:24:23.245000Z,3,s,0.814,0.004481
4421,2018-11-08T07:24:23.258500Z,2,s,0.9,0.003521
4422,2018-11-08T07:24:23.262000Z,1,s,0.783,0.002929
4423,2018-11-08T07:24:29.931500Z,23,s,0.387,0.002739
4424,2018-11-08T07:24:32.858500Z,20,s,0.561,0.002119
4425,2018-11-08T07:24:55.360500Z,19,s,0.555,0.004293
4426,2018-11-08T07:25:51.837500Z,12,s,0.615,0.007081
4427,2018-11-08T07:26:20.429500Z,23,s,0.458,0.001965
4428,2018-11-08T07:26:29.168500Z,4,s,0.373,0.005945
4429,2018-11-08T07:26:29.169500Z,4,p,0.338,0.005945
4430,2018-11-08T07:26:35.656500Z,1,s,0.324,0.002289
4431,2018-11-08T07:27:14.284500Z,11,p,0.37,0.002302
4432,2018-11-08T07:27:14.377500Z,11,s,0.611,0.002302
4433,2018-11-08T07:27:26.092000Z,11,s,0.809,0.001907
4434,2018-11-08T07:27:41.559500Z,11,s,0.345,0.002366
4435,2018-11-08T07:27:58.504500Z,5,s,0.426,0.002496
4436,2018-11-08T07:28:19.199500Z,24,s,0.346,0.005422
4437,2018-11-08T07:28:22.469500Z,1,s,0.777,0.003215
4438,2018-11-08T07:29:15.268000Z,19,s,0.738,0.003612
4439,2018-11-08T07:29:28.688000Z,20,s,0.851,0.003006
4440,2018-11-08T07:29:29.773500Z,23,s,0.543,0.002254
4441,2018-11-08T07:30:19.705000Z,24,p,0.984,0.08285
4442,2018-11-08T07:30:19.709500Z,23,p,0.982,0.07183
4443,2018-11-08T07:30:19.715500Z,22,p,0.983,0.04848
4444,2018-11-08T07:30:19.719500Z,21,p,0.982,0.03005
4445,2018-11-08T07:30:19.724000Z,20,p,0.983,0.03098
4446,2018-11-08T07:30:19.729000Z,19,p,0.984,0.02948
4447,2018-11-08T07:30:19.733500Z,18,p,0.975,0.02946
4448,2018-11-08T07:30:19.739000Z,17,p,0.978,0.0137
4449,2018-11-08T07:30:19.743500Z,16,p,0.979,0.0225
4450,2018-11-08T07:30:19.749500Z,15,p,0.981,0.01366
4451,2018-11-08T07:30:19.755500Z,14,p,0.985,0.02162
4452,2018-11-08T07:30:19.761500Z,13,p,0.98,0.01984
4453,2018-11-08T07:30:19.767500Z,12,p,0.979,0.01542
4454,2018-11-08T07:30:19.767500Z,24,s,0.971,0.08285
4455,2018-11-08T07:30:19.771500Z,11,p,0.983,0.008327
4456,2018-11-08T07:30:19.775500Z,23,s,0.971,0.07183
4457,2018-11-08T07:30:19.776000Z,10,p,0.962,0.006794
4458,2018-11-08T07:30:19.781000Z,9,p,0.962,0.004765
4459,2018-11-08T07:30:19.783500Z,22,s,0.969,0.04848
4460,2018-11-08T07:30:19.787000Z,8,p,0.957,0.006639
4461,2018-11-08T07:30:19.790000Z,7,p,0.95,0.004228
4462,2018-11-08T07:30:19.790500Z,21,s,0.903,0.02929
4463,2018-11-08T07:30:19.797500Z,6,p,0.977,0.003797
4464,2018-11-08T07:30:19.798500Z,20,s,0.944,0.03098
4465,2018-11-08T07:30:19.803000Z,5,p,0.95,0.002194
4466,2018-11-08T07:30:19.806000Z,4,p,0.945,0.004199
4467,2018-11-08T07:30:19.806000Z,19,s,0.961,0.01714
4468,2018-11-08T07:30:19.813000Z,3,p,0.95,0.003942
4469,2018-11-08T07:30:19.815000Z,18,s,0.958,0.02946
4470,2018-11-08T07:30:19.819500Z,2,p,0.947,0.003449
4471,2018-11-08T07:30:19.822500Z,17,s,0.931,0.0137
4472,2018-11-08T07:30:19.823000Z,1,p,0.935,0.002873
4473,2018-11-08T07:30:19.833500Z,16,s,0.947,0.0225
4474,2018-11-08T07:30:19.843000Z,15,s,0.878,0.01366
4475,2018-11-08T07:30:19.854000Z,14,s,0.946,0.02162
4476,2018-11-08T07:30:19.862500Z,13,s,0.933,0.01984
4477,2018-11-08T07:30:19.872500Z,12,s,0.934,0.01275
4478,2018-11-08T07:30:19.881500Z,11,s,0.932,0.007938
4479,2018-11-08T07:30:19.890000Z,10,s,0.892,0.006794
4480,2018-11-08T07:30:19.903000Z,9,s,0.817,0.004765
4481,2018-11-08T07:30:19.914500Z,8,s,0.875,0.006639
4482,2018-11-08T07:30:19.924500Z,7,s,0.578,0.004228
4483,2018-11-08T07:30:19.933000Z,6,s,0.823,0.003797
4484,2018-11-08T07:30:19.936000Z,5,s,0.718,0.002194
4485,2018-11-08T07:30:19.947000Z,4,s,0.873,0.004199
4486,2018-11-08T07:30:19.970500Z,1,s,0.727,0.002873
4487,2018-11-08T07:30:19.970500Z,3,s,0.562,0.003942
4488,2018-11-08T07:30:19.972500Z,2,s,0.718,0.003449
4489,2018-11-08T07:30:34.499500Z,23,s,0.837,0.002911
4490,2018-11-08T07:30:36.375500Z,20,p,0.47,0.001953
4491,2018-11-08T07:30:36.508500Z,20,s,0.35,0.001953
4492,2018-11-08T07:31:25.677500Z,11,s,0.43,0.00193
4493,2018-11-08T07:31:29.825000Z,11,p,0.312,0.002223
4494,2018-11-08T07:31:56.763500Z,24,p,0.976,0.02678
4495,2018-11-08T07:31:56.766000Z,23,p,0.967,0.01529
4496,2018-11-08T07:31:56.771000Z,22,p,0.965,0.01168
4497,2018-11-08T07:31:56.775500Z,21,p,0.978,0.01601
4498,2018-11-08T07:31:56.781000Z,20,p,0.975,0.006467
4499,2018-11-08T07:31:56.786000Z,19,p,0.981,0.007878
4500,2018-11-08T07:31:56.791000Z,18,p,0.95,0.00397
4501,2018-11-08T07:31:56.797000Z,17,p,0.949,0.004262
4502,2018-11-08T07:31:56.798000Z,16,p,0.908,0.003252
4503,2018-11-08T07:31:56.814000Z,14,p,0.607,0.003159
4504,2018-11-08T07:31:56.818000Z,13,p,0.938,0.003734
4505,2018-11-08T07:31:56.823500Z,12,p,0.936,0.002643
4506,2018-11-08T07:31:56.825500Z,24,s,0.968,0.02678
4507,2018-11-08T07:31:56.831000Z,23,s,0.961,0.01529
4508,2018-11-08T07:31:56.839000Z,22,s,0.956,0.01168
4509,2018-11-08T07:31:56.842500Z,8,p,0.445,0.003393
4510,2018-11-08T07:31:56.846500Z,21,s,0.959,0.01601
4511,2018-11-08T07:31:56.854500Z,20,s,0.906,0.005376
4512,2018-11-08T07:31:56.863000Z,19,s,0.943,0.004189
4513,2018-11-08T07:31:56.870500Z,9,p,0.38,0.003127
4514,2018-11-08T07:31:56.872500Z,18,s,0.753,0.00397
4515,2018-11-08T07:31:56.878500Z,17,s,0.746,0.004262
4516,2018-11-08T07:31:56.879500Z,3,p,0.354,0.001771
4517,2018-11-08T07:31:56.892000Z,16,s,0.755,0.003252
4518,2018-11-08T07:31:56.900000Z,15,s,0.887,0.002919
4519,2018-11-08T07:31:56.909000Z,14,s,0.852,0.003159
4520,2018-11-08T07:31:56.917500Z,13,s,0.875,0.003734
4521,2018-11-08T07:31:56.924000Z,2,p,0.543,0.002356
4522,2018-11-08T07:31:56.927000Z,12,s,0.913,0.002643
4523,2018-11-08T07:31:56.936500Z,11,s,0.67,0.002136
4524,2018-11-08T07:31:56.942000Z,10,s,0.656,0.00349
4525,2018-11-08T07:31:56.951000Z,9,s,0.868,0.003127
4526,2018-11-08T07:31:56.962000Z,8,s,0.863,0.003393
4527,2018-11-08T07:31:56.968500Z,7,s,0.415,0.003602
4528,2018-11-08T07:31:56.973500Z,6,s,0.65,0.002539
4529,2018-11-08T07:31:56.984500Z,5,s,0.67,0.001934
4530,2018-11-08T07:31:56.997000Z,4,s,0.892,0.002228
4531,2018-11-08T07:31:57.005000Z,3,s,0.862,0.001771
4532,2018-11-08T07:31:57.015000Z,2,s,0.856,0.002356
4533,2018-11-08T07:31:57.023000Z,1,s,0.5,0.002063
4534,2018-11-08T07:32:15.084000Z,20,s,0.625,0.001821
4535,2018-11-08T07:32:58.271500Z,23,s,0.422,0.002417
4536,2018-11-08T07:33:20.634000Z,11,p,0.876,0.00403
4537,2018-11-08T07:33:20.757000Z,11,s,0.899,0.00403
4538,2018-11-08T07:33:37.577500Z,22,s,0.384,0.002347
4539,2018-11-08T07:34:30.265500Z,5,s,0.55,0.00212
4540,2018-11-08T07:35:13.126500Z,20,p,0.386,0.001758
4541,2018-11-08T07:36:47.935500Z,22,p,0.71,0.001808
4542,2018-11-08T07:36:48.073500Z,22,s,0.548,0.001808
4543,2018-11-08T07:37:18.684000Z,22,p,0.635,0.002946
4544,2018-11-08T07:37:18.802500Z,22,s,0.469,0.002946
4545,2018-11-08T07:37:24.418500Z,20,s,0.653,0.001841
4546,2018-11-08T07:37:25.118500Z,20,p,0.386,0.002636
4547,2018-11-08T07:37:25.514500Z,20,s,0.587,0.003471
4548,2018-11-08T07:37:40.996000Z,23,s,0.511,0.007391
4549,2018-11-08T07:38:29.645500Z,1,s,0.463,0.002312
4550,2018-11-08T07:38:47.193000Z,19,p,0.525,0.01153
4551,2018-11-08T07:38:47.285500Z,19,s,0.728,0.01153
4552,2018-11-08T07:38:50.905500Z,19,s,0.601,0.0017
4553,2018-11-08T07:38:58.356000Z,22,s,0.395,0.001936
4554,2018-11-08T07:39:05.749500Z,19,s,0.697,0.001857
4555,2018-11-08T07:39:23.888500Z,19,p,0.366,0.003565
4556,2018-11-08T07:39:57.495500Z,23,s,0.466,0.002474
4557,2018-11-08T07:40:56.427500Z,11,s,0.764,0.004446
4558,2018-11-08T07:40:58.653500Z,20,p,0.306,0.001802
4559,2018-11-08T07:40:58.830000Z,20,s,0.44,0.001802
4560,2018-11-08T07:40:59.539500Z,23,s,0.403,0.001685
4561,2018-11-08T07:41:14.348500Z,17,s,0.496,0.001911
4562,2018-11-08T07:41:59.431000Z,23,p,0.3,0.002067
4563,2018-11-08T07:43:25.059000Z,24,p,0.976,5.014
4564,2018-11-08T07:43:25.063500Z,23,p,0.979,4.096
4565,2018-11-08T07:43:25.069500Z,22,p,0.975,3.397
4566,2018-11-08T07:43:25.074000Z,21,p,0.981,1.803
4567,2018-11-08T07:43:25.079500Z,20,p,0.977,2.884
4568,2018-11-08T07:43:25.085500Z,19,p,0.983,1.359
4569,2018-11-08T07:43:25.090000Z,18,p,0.977,1.122
4570,2018-11-08T07:43:25.095500Z,17,p,0.976,1.245
4571,2018-11-08T07:43:25.101000Z,16,p,0.978,0.701
4572,2018-11-08T07:43:25.106000Z,15,p,0.972,0.8706
4573,2018-11-08T07:43:25.111500Z,14,p,0.973,1.065
4574,2018-11-08T07:43:25.117500Z,13,p,0.974,0.7312
4575,2018-11-08T07:43:25.123500Z,12,p,0.975,0.559
4576,2018-11-08T07:43:25.127500Z,11,p,0.975,0.4715
4577,2018-11-08T07:43:25.132000Z,10,p,0.972,0.3279
4578,2018-11-08T07:43:25.136500Z,24,s,0.959,5.014
4579,2018-11-08T07:43:25.137500Z,9,p,0.979,0.2994
4580,2018-11-08T07:43:25.143500Z,8,p,0.978,0.4467
4581,2018-11-08T07:43:25.145000Z,23,s,0.956,4.096
4582,2018-11-08T07:43:25.148000Z,7,p,0.96,0.4092
4583,2018-11-08T07:43:25.153000Z,22,s,0.959,3.397
4584,2018-11-08T07:43:25.153500Z,6,p,0.971,0.3765
4585,2018-11-08T07:43:25.159500Z,5,p,0.981,0.2604
4586,2018-11-08T07:43:25.161000Z,21,s,0.965,1.803
4587,2018-11-08T07:43:25.164500Z,4,p,0.972,0.2908
4588,2018-11-08T07:43:25.169500Z,3,p,0.971,0.3842
4589,2018-11-08T07:43:25.170500Z,20,s,0.924,2.884
4590,2018-11-08T07:43:25.175500Z,2,p,0.976,0.312
4591,2018-11-08T07:43:25.178500Z,19,s,0.957,1.359
4592,2018-11-08T07:43:25.179500Z,1,p,0.962,0.2808
4593,2018-11-08T07:43:25.188500Z,18,s,0.94,1.122
4594,2018-11-08T07:43:25.196500Z,17,s,0.923,1.245
4595,2018-11-08T07:43:25.207000Z,16,s,0.89,0.701
4596,2018-11-08T07:43:25.216500Z,15,s,0.934,0.8706
4597,2018-11-08T07:43:25.228500Z,14,s,0.855,1.065
4598,2018-11-08T07:43:25.236500Z,13,s,0.928,0.7312
4599,2018-11-08T07:43:25.244500Z,12,s,0.945,0.559
4600,2018-11-08T07:43:25.254500Z,11,s,0.832,0.4715
4601,2018-11-08T07:43:25.263000Z,10,s,0.887,0.3279
4602,2018-11-08T07:43:25.273000Z,9,s,0.911,0.2994
4603,2018-11-08T07:43:25.282500Z,8,s,0.927,0.4467
4604,2018-11-08T07:43:25.290500Z,7,s,0.926,0.4092
4605,2018-11-08T07:43:25.299500Z,6,s,0.906,0.3765
4606,2018-11-08T07:43:25.308500Z,5,s,0.958,0.2604
4607,2018-11-08T07:43:25.317000Z,4,s,0.945,0.2908
4608,2018-11-08T07:43:25.326000Z,3,s,0.954,0.3842
4609,2018-11-08T07:43:25.334500Z,2,s,0.909,0.312
4610,2018-11-08T07:43:25.342500Z,1,s,0.85,0.2808
4611,2018-11-08T07:43:31.045500Z,22,s,0.73,0.002934
4612,2018-11-08T07:43:33.725500Z,20,p,0.376,0.003181
4613,2018-11-08T07:43:33.920000Z,20,s,0.613,0.003181
4614,2018-11-08T07:43:42.146500Z,1,s,0.637,0.002766
4615,2018-11-08T07:44:15.957500Z,24,p,0.984,0.1206
4616,2018-11-08T07:44:15.962000Z,23,p,0.983,0.09653
4617,2018-11-08T07:44:15.967000Z,22,p,0.97,0.07968
4618,2018-11-08T07:44:15.973000Z,21,p,0.981,0.03684
4619,2018-11-08T07:44:15.978000Z,20,p,0.986,0.05454
4620,2018-11-08T07:44:15.983500Z,19,p,0.984,0.02844
4621,2018-11-08T07:44:15.988000Z,18,p,0.97,0.03054
4622,2018-11-08T07:44:15.993000Z,17,p,0.97,0.02721
4623,2018-11-08T07:44:15.999000Z,16,p,0.973,0.01719
4624,2018-11-08T07:44:16.005000Z,15,p,0.961,0.01741
4625,2018-11-08T07:44:16.010000Z,14,p,0.957,0.02619
4626,2018-11-08T07:44:16.016000Z,13,p,0.967,0.01594
4627,2018-11-08T07:44:16.021500Z,12,p,0.982,0.01437
4628,2018-11-08T07:44:16.025500Z,11,p,0.95,0.008665
4629,2018-11-08T07:44:16.031500Z,10,p,0.964,0.008947
4630,2018-11-08T07:44:16.034500Z,24,s,0.962,0.1206
4631,2018-11-08T07:44:16.037000Z,9,p,0.964,0.006711
4632,2018-11-08T07:44:16.042500Z,23,s,0.962,0.09653
4633,2018-11-08T07:44:16.045000Z,8,p,0.952,0.01194
4634,2018-11-08T07:44:16.049000Z,7,p,0.962,0.012
4635,2018-11-08T07:44:16.051000Z,22,s,0.957,0.07968
4636,2018-11-08T07:44:16.055000Z,6,p,0.969,0.009783
4637,2018-11-08T07:44:16.059500Z,5,p,0.956,0.006607
4638,2018-11-08T07:44:16.059500Z,21,s,0.968,0.03684
4639,2018-11-08T07:44:16.065500Z,4,p,0.973,0.006884
4640,2018-11-08T07:44:16.068500Z,20,s,0.936,0.05454
4641,2018-11-08T07:44:16.071000Z,3,p,0.975,0.009536
4642,2018-11-08T07:44:16.075500Z,2,p,0.939,0.006905
4643,2018-11-08T07:44:16.076500Z,19,s,0.959,0.02844
4644,2018-11-08T07:44:16.081000Z,1,p,0.964,0.005652
4645,2018-11-08T07:44:16.086500Z,18,s,0.943,0.03054
4646,2018-11-08T07:44:16.094000Z,17,s,0.926,0.02721
4647,2018-11-08T07:44:16.105000Z,16,s,0.932,0.01719
4648,2018-11-08T07:44:16.114500Z,15,s,0.941,0.01741
4649,2018-11-08T07:44:16.125000Z,14,s,0.896,0.02619
4650,2018-11-08T07:44:16.134500Z,13,s,0.914,0.01594
4651,2018-11-08T07:44:16.142500Z,12,s,0.95,0.01437
4652,2018-11-08T07:44:16.152000Z,11,s,0.852,0.008665
4653,2018-11-08T07:44:16.161000Z,10,s,0.836,0.008947
4654,2018-11-08T07:44:16.171000Z,9,s,0.906,0.006711
4655,2018-11-08T07:44:16.180500Z,8,s,0.913,0.01194
4656,2018-11-08T07:44:16.188000Z,7,s,0.914,0.012
4657,2018-11-08T07:44:16.197000Z,6,s,0.896,0.009783
4658,2018-11-08T07:44:16.206000Z,5,s,0.946,0.006607
4659,2018-11-08T07:44:16.214000Z,4,s,0.933,0.006884
4660,2018-11-08T07:44:16.224000Z,3,s,0.904,0.009536
4661,2018-11-08T07:44:16.232500Z,2,s,0.911,0.006905
4662,2018-11-08T07:44:16.240000Z,1,s,0.882,0.005652
4663,2018-11-08T07:44:33.739500Z,22,s,0.31,0.002985
4664,2018-11-08T07:46:58.267000Z,17,p,0.865,0.00242
4665,2018-11-08T07:46:58.477500Z,17,s,0.694,0.00242
4666,2018-11-08T07:47:01.036500Z,17,p,0.679,0.002211
4667,2018-11-08T07:47:01.252000Z,17,s,0.451,0.001709
4668,2018-11-08T07:47:02.135000Z,20,s,0.46,0.001825
4669,2018-11-08T07:48:26.233500Z,17,s,0.369,0.002173
4670,2018-11-08T07:48:35.579500Z,23,s,0.646,0.00325
4671,2018-11-08T07:48:45.780000Z,20,p,0.373,0.001865
4672,2018-11-08T07:48:46.021500Z,20,s,0.518,0.001714
4673,2018-11-08T07:48:53.149500Z,11,s,0.822,0.00343
4674,2018-11-08T07:48:55.649500Z,17,p,0.584,0.002939
4675,2018-11-08T07:48:55.725500Z,17,s,0.808,0.002939
4676,2018-11-08T07:48:56.258500Z,17,s,0.433,0.003537
4677,2018-11-08T07:49:23.068500Z,24,p,0.981,0.1744
4678,2018-11-08T07:49:23.073500Z,23,p,0.983,0.1374
4679,2018-11-08T07:49:23.078000Z,22,p,0.981,0.1126
4680,2018-11-08T07:49:23.083500Z,21,p,0.985,0.05687
4681,2018-11-08T07:49:23.089500Z,20,p,0.98,0.07987
4682,2018-11-08T07:49:23.094000Z,19,p,0.987,0.03906
4683,2018-11-08T07:49:23.099500Z,18,p,0.981,0.04224
4684,2018-11-08T07:49:23.105000Z,17,p,0.979,0.03767
4685,2018-11-08T07:49:23.110000Z,16,p,0.978,0.02479
4686,2018-11-08T07:49:23.115500Z,15,p,0.974,0.02575
4687,2018-11-08T07:49:23.121000Z,14,p,0.969,0.03836
4688,2018-11-08T07:49:23.127500Z,13,p,0.972,0.02238
4689,2018-11-08T07:49:23.132000Z,12,p,0.976,0.01841
4690,2018-11-08T07:49:23.137000Z,11,p,0.959,0.01287
4691,2018-11-08T07:49:23.143000Z,10,p,0.971,0.01159
4692,2018-11-08T07:49:23.145500Z,24,s,0.965,0.1744
4693,2018-11-08T07:49:23.147500Z,9,p,0.966,0.009109
4694,2018-11-08T07:49:23.153500Z,23,s,0.969,0.1374
4695,2018-11-08T07:49:23.155500Z,8,p,0.95,0.01428
4696,2018-11-08T07:49:23.159500Z,7,p,0.942,0.01361
4697,2018-11-08T07:49:23.161500Z,22,s,0.963,0.1126
4698,2018-11-08T07:49:23.166000Z,6,p,0.953,0.01116
4699,2018-11-08T07:49:23.170000Z,21,s,0.962,0.05687
4700,2018-11-08T07:49:23.171500Z,5,p,0.968,0.007829
4701,2018-11-08T07:49:23.176000Z,4,p,0.943,0.009558
4702,2018-11-08T07:49:23.179000Z,20,s,0.939,0.07987
4703,2018-11-08T07:49:23.181500Z,3,p,0.974,0.01208
4704,2018-11-08T07:49:23.187500Z,19,s,0.964,0.03906
4705,2018-11-08T07:49:23.187500Z,2,p,0.978,0.009505
4706,2018-11-08T07:49:23.191500Z,1,p,0.968,0.00765
4707,2018-11-08T07:49:23.197500Z,18,s,0.941,0.04224
4708,2018-11-08T07:49:23.205000Z,17,s,0.936,0.03767
4709,2018-11-08T07:49:23.216500Z,16,s,0.917,0.02479
4710,2018-11-08T07:49:23.226000Z,15,s,0.939,0.02575
4711,2018-11-08T07:49:23.236500Z,14,s,0.928,0.03836
4712,2018-11-08T07:49:23.245000Z,13,s,0.915,0.02238
4713,2018-11-08T07:49:23.253000Z,12,s,0.961,0.01841
4714,2018-11-08T07:49:23.262500Z,11,s,0.822,0.01287
4715,2018-11-08T07:49:23.273000Z,10,s,0.84,0.01159
4716,2018-11-08T07:49:23.282500Z,9,s,0.915,0.009109
4717,2018-11-08T07:49:23.291000Z,8,s,0.905,0.01428
4718,2018-11-08T07:49:23.299000Z,7,s,0.942,0.01361
4719,2018-11-08T07:49:23.308000Z,6,s,0.923,0.01116
4720,2018-11-08T07:49:23.317000Z,5,s,0.96,0.007829
4721,2018-11-08T07:49:23.326000Z,4,s,0.929,0.009558
4722,2018-11-08T07:49:23.335000Z,3,s,0.914,0.01208
4723,2018-11-08T07:49:23.344500Z,2,s,0.855,0.009505
4724,2018-11-08T07:49:23.350500Z,1,s,0.841,0.00765
4725,2018-11-08T07:49:24.242500Z,15,p,0.491,0.001761
4726,2018-11-08T07:49:24.314000Z,7,p,0.383,0.001586
4727,2018-11-08T07:49:26.558500Z,24,p,0.982,0.08041
4728,2018-11-08T07:49:26.563500Z,23,p,0.979,0.06189
4729,2018-11-08T07:49:26.568000Z,22,p,0.968,0.05449
4730,2018-11-08T07:49:26.574000Z,21,p,0.986,0.02579
4731,2018-11-08T07:49:26.579500Z,20,p,0.985,0.03888
4732,2018-11-08T07:49:26.585000Z,19,p,0.983,0.01904
4733,2018-11-08T07:49:26.589500Z,18,p,0.982,0.01829
4734,2018-11-08T07:49:26.595500Z,17,p,0.974,0.01684
4735,2018-11-08T07:49:26.601000Z,16,p,0.967,0.01169
4736,2018-11-08T07:49:26.605500Z,15,p,0.921,0.01238
4737,2018-11-08T07:49:26.613000Z,14,p,0.971,0.01696
4738,2018-11-08T07:49:26.617500Z,13,p,0.971,0.009899
4739,2018-11-08T07:49:26.623000Z,12,p,0.962,0.009316
4740,2018-11-08T07:49:26.625500Z,11,p,0.909,0.006571
4741,2018-11-08T07:49:26.633000Z,10,p,0.952,0.005031
4742,2018-11-08T07:49:26.635500Z,24,s,0.972,0.08041
4743,2018-11-08T07:49:26.639500Z,9,p,0.735,0.005324
4744,2018-11-08T07:49:26.643500Z,23,s,0.966,0.06189
4745,2018-11-08T07:49:26.646000Z,8,p,0.928,0.007159
4746,2018-11-08T07:49:26.651000Z,7,p,0.945,0.006357
4747,2018-11-08T07:49:26.651500Z,22,s,0.967,0.05449
4748,2018-11-08T07:49:26.655500Z,6,p,0.91,0.006059
4749,2018-11-08T07:49:26.660500Z,21,s,0.963,0.02579
4750,2018-11-08T07:49:26.662000Z,5,p,0.968,0.003753
4751,2018-11-08T07:49:26.667000Z,4,p,0.949,0.004914
4752,2018-11-08T07:49:26.669000Z,20,s,0.933,0.03888
4753,2018-11-08T07:49:26.672500Z,3,p,0.932,0.006641
4754,2018-11-08T07:49:26.677500Z,2,p,0.954,0.004612
4755,2018-11-08T07:49:26.678000Z,19,s,0.962,0.01904
4756,2018-11-08T07:49:26.681500Z,1,p,0.922,0.003796
4757,2018-11-08T07:49:26.688000Z,18,s,0.923,0.01829
4758,2018-11-08T07:49:26.696500Z,17,s,0.857,0.01684
4759,2018-11-08T07:49:26.706500Z,16,s,0.921,0.01169
4760,2018-11-08T07:49:26.715500Z,15,s,0.916,0.01238
4761,2018-11-08T07:49:26.728500Z,14,s,0.86,0.01696
4762,2018-11-08T07:49:26.735000Z,13,s,0.859,0.009899
4763,2018-11-08T07:49:26.743500Z,12,s,0.935,0.009316
4764,2018-11-08T07:49:26.754000Z,11,s,0.871,0.006571
4765,2018-11-08T07:49:26.763000Z,10,s,0.844,0.005031
4766,2018-11-08T07:49:26.774500Z,9,s,0.788,0.005324
4767,2018-11-08T07:49:26.780500Z,8,s,0.782,0.007159
4768,2018-11-08T07:49:26.789500Z,7,s,0.903,0.006357
4769,2018-11-08T07:49:26.797000Z,6,s,0.908,0.006059
4770,2018-11-08T07:49:26.807500Z,5,s,0.93,0.003753
4771,2018-11-08T07:49:26.815000Z,4,s,0.87,0.004914
4772,2018-11-08T07:49:26.826000Z,3,s,0.857,0.006641
4773,2018-11-08T07:49:26.834500Z,2,s,0.874,0.004612
4774,2018-11-08T07:49:26.843000Z,1,s,0.903,0.003796
4775,2018-11-08T07:49:55.765500Z,17,s,0.352,0.002967
4776,2018-11-08T07:50:02.413000Z,5,s,0.866,0.003201
4777,2018-11-08T07:50:07.858500Z,1,s,0.329,0.00214
4778,2018-11-08T07:51:05.404500Z,23,p,0.469,0.004457
4779,2018-11-08T07:51:05.412500Z,22,p,0.337,0.002639
4780,2018-11-08T07:51:05.461000Z,24,s,0.645,0.003963
4781,2018-11-08T07:51:05.476000Z,23,s,0.687,0.004457
4782,2018-11-08T07:51:05.485500Z,22,s,0.613,0.002639
4783,2018-11-08T07:51:30.983500Z,17,s,0.34,0.0021
4784,2018-11-08T07:51:31.638000Z,3,s,0.325,0.002634
4785,2018-11-08T07:51:34.338500Z,20,s,0.724,0.003175
4786,2018-11-08T07:51:34.516000Z,20,p,0.52,0.003175
4787,2018-11-08T07:52:14.092000Z,19,p,0.38,0.00304
4788,2018-11-08T07:52:14.241500Z,19,s,0.648,0.00304
4789,2018-11-08T07:53:07.264500Z,23,s,0.831,0.003285
4790,2018-11-08T07:54:33.964500Z,21,p,0.458,0.008413
4791,2018-11-08T07:54:34.051500Z,21,s,0.878,0.008413
4792,2018-11-08T07:54:34.053500Z,22,s,0.819,0.008393
4793,2018-11-08T07:54:55.782500Z,22,s,0.385,0.004894
4794,2018-11-08T07:54:55.783000Z,21,s,0.631,0.005324
4795,2018-11-08T07:54:59.253500Z,22,s,0.478,0.004034
4796,2018-11-08T07:55:19.821500Z,24,p,0.89,0.004812
4797,2018-11-08T07:55:19.829000Z,23,p,0.973,0.006818
4798,2018-11-08T07:55:19.833500Z,22,p,0.923,0.006976
4799,2018-11-08T07:55:19.840500Z,21,p,0.616,0.00434
4800,2018-11-08T07:55:19.846500Z,20,p,0.782,0.003034
4801,2018-11-08T07:55:19.852500Z,19,p,0.719,0.002183
4802,2018-11-08T07:55:19.878000Z,24,s,0.796,0.004812
4803,2018-11-08T07:55:19.887000Z,23,s,0.906,0.006818
4804,2018-11-08T07:55:19.897500Z,22,s,0.928,0.006976
4805,2018-11-08T07:55:19.907500Z,21,s,0.706,0.00434
4806,2018-11-08T07:55:19.916500Z,20,s,0.849,0.00245
4807,2018-11-08T07:55:19.925500Z,19,s,0.742,0.002117
4808,2018-11-08T07:55:25.696000Z,21,p,0.736,0.004426
4809,2018-11-08T07:55:25.774500Z,21,s,0.68,0.004426
4810,2018-11-08T07:55:25.777500Z,22,s,0.706,0.004316
4811,2018-11-08T07:56:43.523000Z,11,p,0.307,0.003836
4812,2018-11-08T07:56:43.525500Z,11,s,0.425,0.003836
4813,2018-11-08T07:56:49.641500Z,12,p,0.347,0.001761
4814,2018-11-08T07:57:32.805000Z,5,s,0.848,0.002868
4815,2018-11-08T07:57:50.018500Z,20,s,0.666,0.00297
4816,2018-11-08T07:58:05.908000Z,24,p,0.82,0.004839
4817,2018-11-08T07:58:05.911000Z,23,p,0.971,0.008177
4818,2018-11-08T07:58:05.980500Z,24,s,0.762,0.004839
4819,2018-11-08T07:58:05.990500Z,23,s,0.921,0.008177
4820,2018-11-08T07:58:05.998500Z,22,s,0.877,0.003726
4821,2018-11-08T07:58:06.025500Z,19,s,0.367,0.001676
4822,2018-11-08T07:58:34.419500Z,22,s,0.683,0.006152
4823,2018-11-08T07:58:34.420000Z,21,s,0.395,0.003778
4824,2018-11-08T07:58:40.478000Z,21,p,0.633,0.008929
4825,2018-11-08T07:58:40.584500Z,22,p,0.418,0.01356
4826,2018-11-08T07:58:40.623500Z,22,s,0.472,0.01356
4827,2018-11-08T07:58:40.625000Z,21,s,0.841,0.008929
4828,2018-11-08T07:58:41.689000Z,22,s,0.605,0.005064
4829,2018-11-08T07:58:50.132500Z,11,p,0.698,0.002895
4830,2018-11-08T07:59:09.794000Z,4,s,0.718,0.005989
4831,2018-11-08T07:59:52.647500Z,18,s,0.513,0.009856
4832,2018-11-08T07:59:52.649500Z,17,p,0.895,0.006479
4833,2018-11-08T08:00:05.688500Z,22,p,0.562,0.006156
4834,2018-11-08T08:00:05.829500Z,22,s,0.581,0.006156
4835,2018-11-08T08:00:21.122000Z,20,s,0.681,0.002326
4836,2018-11-08T08:00:24.547500Z,22,s,0.661,0.004349
4837,2018-11-08T08:00:32.578500Z,16,p,0.533,0.001638
4838,2018-11-08T08:03:10.494000Z,9,s,0.66,0.00658
4839,2018-11-08T08:03:46.101500Z,5,s,0.308,0.002513
4840,2018-11-08T08:03:51.715000Z,24,p,0.935,0.00741
4841,2018-11-08T08:03:51.721500Z,23,p,0.971,0.009557
4842,2018-11-08T08:03:51.726000Z,22,p,0.887,0.006317
4843,2018-11-08T08:03:51.732000Z,21,p,0.769,0.00665
4844,2018-11-08T08:03:51.737500Z,20,p,0.951,0.004199
4845,2018-11-08T08:03:51.742000Z,19,p,0.96,0.003805
4846,2018-11-08T08:03:51.760000Z,16,p,0.864,0.002168
4847,2018-11-08T08:03:51.766000Z,24,s,0.752,0.005101
4848,2018-11-08T08:03:51.775000Z,23,s,0.956,0.005923
4849,2018-11-08T08:03:51.783000Z,22,s,0.853,0.003057
4850,2018-11-08T08:03:51.792500Z,21,s,0.719,0.002582
4851,2018-11-08T08:03:51.800500Z,20,s,0.82,0.002265
4852,2018-11-08T08:03:51.809500Z,19,s,0.546,0.001745
4853,2018-11-08T08:03:51.845000Z,16,s,0.668,0.001777
4854,2018-11-08T08:03:58.189500Z,24,p,0.98,0.01518
4855,2018-11-08T08:03:58.195500Z,23,p,0.979,0.02245
4856,2018-11-08T08:03:58.201500Z,22,p,0.97,0.01381
4857,2018-11-08T08:03:58.207000Z,21,p,0.978,0.01404
4858,2018-11-08T08:03:58.211500Z,20,p,0.977,0.009067
4859,2018-11-08T08:03:58.217000Z,19,p,0.97,0.00862
4860,2018-11-08T08:03:58.223000Z,18,p,0.971,0.008525
4861,2018-11-08T08:03:58.227000Z,17,p,0.708,0.003788
4862,2018-11-08T08:03:58.233500Z,16,p,0.959,0.00379
4863,2018-11-08T08:03:58.239000Z,15,p,0.961,0.002419
4864,2018-11-08T08:03:58.240000Z,24,s,0.957,0.01088
4865,2018-11-08T08:03:58.244000Z,14,p,0.768,0.002605
4866,2018-11-08T08:03:58.249500Z,23,s,0.958,0.01204
4867,2018-11-08T08:03:58.251000Z,13,p,0.705,0.002324
4868,2018-11-08T08:03:58.257500Z,12,p,0.893,0.002355
4869,2018-11-08T08:03:58.258000Z,22,s,0.952,0.005742
4870,2018-11-08T08:03:58.267000Z,21,s,0.926,0.004983
4871,2018-11-08T08:03:58.267500Z,10,p,0.833,0.001932
4872,2018-11-08T08:03:58.275000Z,20,s,0.931,0.003906
4873,2018-11-08T08:03:58.283000Z,19,s,0.9,0.003165
4874,2018-11-08T08:03:58.294000Z,18,s,0.926,0.00669
4875,2018-11-08T08:03:58.316000Z,16,s,0.857,0.002838
4876,2018-11-08T08:03:58.320500Z,15,s,0.768,0.001718
4877,2018-11-08T08:03:58.330000Z,14,s,0.783,0.001807
4878,2018-11-08T08:03:58.349500Z,13,s,0.383,0.00167
4879,2018-11-08T08:03:58.350000Z,12,s,0.604,0.001507
4880,2018-11-08T08:03:58.358500Z,11,s,0.471,0.001635
4881,2018-11-08T08:03:58.376000Z,10,s,0.621,0.001416
4882,2018-11-08T08:04:03.079500Z,23,p,0.474,0.002349
4883,2018-11-08T08:04:03.192000Z,23,s,0.801,0.002349
4884,2018-11-08T08:04:30.566000Z,11,s,0.622,0.004137
4885,2018-11-08T08:04:35.186500Z,20,s,0.433,0.001927
4886,2018-11-08T08:04:39.059500Z,22,s,0.721,0.002969
4887,2018-11-08T08:05:48.610500Z,20,s,0.663,0.002793
4888,2018-11-08T08:05:48.781000Z,20,p,0.881,0.002793
4889,2018-11-08T08:06:19.787500Z,20,s,0.303,0.001822
4890,2018-11-08T08:06:32.733500Z,22,s,0.398,0.003365
4891,2018-11-08T08:06:43.499000Z,24,p,0.936,0.006742
4892,2018-11-08T08:06:43.503500Z,23,p,0.931,0.007933
4893,2018-11-08T08:06:43.510000Z,22,p,0.936,0.008109
4894,2018-11-08T08:06:43.517000Z,21,p,0.93,0.00566
4895,2018-11-08T08:06:43.523000Z,20,p,0.863,0.00323
4896,2018-11-08T08:06:43.528500Z,19,p,0.473,0.002669
4897,2018-11-08T08:06:43.540500Z,17,p,0.491,0.002496
4898,2018-11-08T08:06:43.553000Z,24,s,0.922,0.006742
4899,2018-11-08T08:06:43.563000Z,23,s,0.954,0.007933
4900,2018-11-08T08:06:43.573000Z,22,s,0.934,0.008109
4901,2018-11-08T08:06:43.583000Z,21,s,0.946,0.00566
4902,2018-11-08T08:06:43.592000Z,20,s,0.868,0.00323
4903,2018-11-08T08:06:43.600500Z,19,s,0.669,0.002669
4904,2018-11-08T08:06:43.618500Z,17,s,0.762,0.001868
4905,2018-11-08T08:07:09.189500Z,19,s,0.346,0.002445
4906,2018-11-08T08:07:14.317500Z,19,s,0.318,0.002779
4907,2018-11-08T08:07:53.916000Z,23,s,0.436,0.002988
4908,2018-11-08T08:08:51.030500Z,20,p,0.388,0.002357
4909,2018-11-08T08:08:51.243000Z,20,s,0.635,0.002357
4910,2018-11-08T08:09:00.388000Z,19,s,0.834,0.003822
4911,2018-11-08T08:09:15.903500Z,24,p,0.98,0.02717
4912,2018-11-08T08:09:15.908000Z,23,p,0.983,0.04065
4913,2018-11-08T08:09:15.912500Z,22,p,0.965,0.0258
4914,2018-11-08T08:09:15.918500Z,21,p,0.931,0.01701
4915,2018-11-08T08:09:15.925000Z,20,p,0.955,0.0105
4916,2018-11-08T08:09:15.931000Z,19,p,0.87,0.01073
4917,2018-11-08T08:09:15.937500Z,18,p,0.939,0.00833
4918,2018-11-08T08:09:15.939500Z,16,p,0.395,0.02022
4919,2018-11-08T08:09:15.942500Z,24,s,0.879,0.02717
4920,2018-11-08T08:09:15.950500Z,23,s,0.964,0.04065
4921,2018-11-08T08:09:15.950500Z,17,p,0.637,0.006717
4922,2018-11-08T08:09:15.954000Z,15,p,0.851,0.007023
4923,2018-11-08T08:09:15.957500Z,22,s,0.965,0.0258
4924,2018-11-08T08:09:15.961500Z,14,p,0.966,0.006725
4925,2018-11-08T08:09:15.967000Z,21,s,0.962,0.01701
4926,2018-11-08T08:09:15.967500Z,13,p,0.938,0.01191
4927,2018-11-08T08:09:15.967500Z,9,p,0.461,0.008018
4928,2018-11-08T08:09:15.973500Z,12,p,0.936,0.008056
4929,2018-11-08T08:09:15.977000Z,20,s,0.928,0.0105
4930,2018-11-08T08:09:15.983500Z,11,p,0.383,0.005951
4931,2018-11-08T08:09:15.986500Z,19,s,0.95,0.01073
4932,2018-11-08T08:09:15.988000Z,10,p,0.845,0.006073
4933,2018-11-08T08:09:15.997500Z,18,s,0.965,0.00833
4934,2018-11-08T08:09:15.997500Z,8,p,0.903,0.006224
4935,2018-11-08T08:09:16.003500Z,7,p,0.847,0.005648
4936,2018-11-08T08:09:16.007000Z,17,s,0.96,0.006717
4937,2018-11-08T08:09:16.009500Z,6,p,0.81,0.003784
4938,2018-11-08T08:09:16.015500Z,5,p,0.501,0.003127
4939,2018-11-08T08:09:16.016500Z,16,s,0.913,0.02022
4940,2018-11-08T08:09:16.022000Z,4,p,0.818,0.004679
4941,2018-11-08T08:09:16.026500Z,15,s,0.939,0.007023
4942,2018-11-08T08:09:16.034500Z,3,p,0.667,0.003186
4943,2018-11-08T08:09:16.035500Z,1,p,0.811,0.002528
4944,2018-11-08T08:09:16.036500Z,14,s,0.934,0.006725
4945,2018-11-08T08:09:16.040500Z,2,p,0.421,0.003011
4946,2018-11-08T08:09:16.046500Z,13,s,0.944,0.01191
4947,2018-11-08T08:09:16.056500Z,12,s,0.946,0.008056
4948,2018-11-08T08:09:16.065000Z,11,s,0.89,0.005951
4949,2018-11-08T08:09:16.075500Z,10,s,0.907,0.006073
4950,2018-11-08T08:09:16.085000Z,9,s,0.928,0.008018
4951,2018-11-08T08:09:16.094500Z,8,s,0.924,0.006224
4952,2018-11-08T08:09:16.102500Z,7,s,0.94,0.005648
4953,2018-11-08T08:09:16.112000Z,6,s,0.907,0.003784
4954,2018-11-08T08:09:16.121500Z,5,s,0.943,0.003127
4955,2018-11-08T08:09:16.131000Z,4,s,0.954,0.004679
4956,2018-11-08T08:09:16.141000Z,3,s,0.922,0.003186
4957,2018-11-08T08:09:16.152500Z,2,s,0.865,0.003011
4958,2018-11-08T08:09:16.161000Z,1,s,0.846,0.002528
4959,2018-11-08T08:09:43.653500Z,10,s,0.331,0.00179
4960,2018-11-08T08:09:52.529500Z,5,s,0.668,0.002419
4961,2018-11-08T08:10:04.530000Z,21,p,0.818,0.004616
4962,2018-11-08T08:10:04.532500Z,22,p,0.368,0.004414
4963,2018-11-08T08:10:04.593000Z,21,s,0.897,0.004616
4964,2018-11-08T08:10:11.146000Z,21,s,0.905,0.006995
4965,2018-11-08T08:10:11.149000Z,22,p,0.818,0.003315
4966,2018-11-08T08:11:11.664500Z,19,s,0.433,0.002072
4967,2018-11-08T08:11:56.712500Z,20,p,0.35,0.003217
4968,2018-11-08T08:11:56.853000Z,20,s,0.817,0.003217
4969,2018-11-08T08:12:33.373500Z,11,p,0.484,0.003907
4970,2018-11-08T08:12:33.490000Z,11,s,0.722,0.003907
4971,2018-11-08T08:12:58.017000Z,23,s,0.675,0.002342
4972,2018-11-08T08:13:42.085500Z,18,s,0.438,0.005763
4973,2018-11-08T08:13:54.846500Z,20,p,0.719,0.002159
4974,2018-11-08T08:13:55.063000Z,20,s,0.646,0.002159
4975,2018-11-08T08:14:45.965500Z,10,s,0.329,0.001913
4976,2018-11-08T08:15:05.086500Z,18,p,0.431,0.002128
4977,2018-11-08T08:15:07.950500Z,8,p,0.418,0.002844
4978,2018-11-08T08:15:59.697500Z,23,p,0.671,0.005462
4979,2018-11-08T08:15:59.727500Z,24,s,0.534,0.005311
4980,2018-11-08T08:15:59.736500Z,23,s,0.885,0.005462
4981,2018-11-08T08:15:59.744000Z,22,s,0.798,0.002949
4982,2018-11-08T08:15:59.806500Z,16,s,0.635,0.002168
4983,2018-11-08T08:16:26.024500Z,13,s,0.689,0.002864
4984,2018-11-08T08:17:00.575500Z,5,s,0.323,0.001708
4985,2018-11-08T08:17:00.590500Z,6,s,0.512,0.001889
4986,2018-11-08T08:17:02.024500Z,5,p,0.521,0.002397
4987,2018-11-08T08:17:02.096500Z,5,s,0.623,0.002397
4988,2018-11-08T08:17:12.006500Z,5,s,0.408,0.002245
4989,2018-11-08T08:17:12.024000Z,6,s,0.365,0.002923
4990,2018-11-08T08:17:12.158500Z,24,p,0.976,0.07867
4991,2018-11-08T08:17:12.164000Z,23,p,0.985,0.1426
4992,2018-11-08T08:17:12.169500Z,22,p,0.978,0.05092
4993,2018-11-08T08:17:12.175500Z,21,p,0.981,0.03186
4994,2018-11-08T08:17:12.181000Z,20,p,0.98,0.03218
4995,2018-11-08T08:17:12.186000Z,19,p,0.98,0.02308
4996,2018-11-08T08:17:12.191500Z,18,p,0.974,0.02869
4997,2018-11-08T08:17:12.197500Z,17,p,0.979,0.02335
4998,2018-11-08T08:17:12.203500Z,16,p,0.979,0.0171
4999,2018-11-08T08:17:12.209000Z,15,p,0.97,0.01105
5000,2018-11-08T08:17:12.211500Z,24,s,0.972,0.07867
5001,2018-11-08T08:17:12.215000Z,14,p,0.97,0.01203
5002,2018-11-08T08:17:12.220500Z,13,p,0.956,0.01145
5003,2018-11-08T08:17:12.221500Z,23,s,0.972,0.1426
5004,2018-11-08T08:17:12.227000Z,12,p,0.969,0.01235
5005,2018-11-08T08:17:12.229500Z,22,s,0.968,0.05092
5006,2018-11-08T08:17:12.231500Z,11,p,0.956,0.009734
5007,2018-11-08T08:17:12.237500Z,10,p,0.973,0.009237
5008,2018-11-08T08:17:12.238500Z,21,s,0.963,0.03186
5009,2018-11-08T08:17:12.244000Z,9,p,0.969,0.008111
5010,2018-11-08T08:17:12.247500Z,20,s,0.959,0.03218
5011,2018-11-08T08:17:12.249500Z,8,p,0.97,0.008347
5012,2018-11-08T08:17:12.255000Z,7,p,0.966,0.005729
5013,2018-11-08T08:17:12.256500Z,19,s,0.961,0.02308
5014,2018-11-08T08:17:12.261500Z,6,p,0.948,0.005219
5015,2018-11-08T08:17:12.265500Z,5,p,0.942,0.004935
5016,2018-11-08T08:17:12.266500Z,18,s,0.961,0.02869
5017,2018-11-08T08:17:12.271500Z,4,p,0.967,0.007012
5018,2018-11-08T08:17:12.274500Z,17,s,0.904,0.02335
5019,2018-11-08T08:17:12.276000Z,3,p,0.803,0.005726
5020,2018-11-08T08:17:12.283500Z,2,p,0.931,0.00346
5021,2018-11-08T08:17:12.285500Z,1,p,0.881,0.00282
5022,2018-11-08T08:17:12.286000Z,16,s,0.95,0.0171
5023,2018-11-08T08:17:12.295000Z,15,s,0.954,0.01105
5024,2018-11-08T08:17:12.303000Z,14,s,0.892,0.01203
5025,2018-11-08T08:17:12.317500Z,13,s,0.927,0.01145
5026,2018-11-08T08:17:12.325500Z,12,s,0.912,0.01235
5027,2018-11-08T08:17:12.336500Z,11,s,0.945,0.009734
5028,2018-11-08T08:17:12.346500Z,10,s,0.947,0.009237
5029,2018-11-08T08:17:12.355000Z,9,s,0.825,0.008111
5030,2018-11-08T08:17:12.364500Z,8,s,0.855,0.008347
5031,2018-11-08T08:17:12.374500Z,7,s,0.931,0.005729
5032,2018-11-08T08:17:12.383500Z,6,s,0.865,0.005219
5033,2018-11-08T08:17:12.393000Z,5,s,0.919,0.004935
5034,2018-11-08T08:17:12.403000Z,4,s,0.919,0.007012
5035,2018-11-08T08:17:12.412500Z,3,s,0.852,0.005726
5036,2018-11-08T08:17:12.423000Z,2,s,0.801,0.00346
5037,2018-11-08T08:17:12.430000Z,1,s,0.856,0.00282
5038,2018-11-08T08:17:52.054000Z,22,s,0.381,0.002759
5039,2018-11-08T08:18:01.796000Z,20,s,0.468,0.002109
5040,2018-11-08T08:18:35.743500Z,23,s,0.669,0.002547
5041,2018-11-08T08:18:36.126000Z,22,s,0.43,0.003389
5042,2018-11-08T08:19:30.630500Z,20,p,0.485,0.002235
5043,2018-11-08T08:19:30.933500Z,20,s,0.333,0.002235
5044,2018-11-08T08:19:50.521000Z,20,s,0.841,0.003107
5045,2018-11-08T08:19:50.712500Z,20,p,0.499,0.003107
5046,2018-11-08T08:20:10.176500Z,15,p,0.532,0.002108
5047,2018-11-08T08:20:10.190000Z,16,p,0.566,0.00351
5048,2018-11-08T08:20:10.239000Z,24,p,0.977,0.03003
5049,2018-11-08T08:20:10.243000Z,23,p,0.974,0.04239
5050,2018-11-08T08:20:10.246000Z,22,p,0.835,0.01819
5051,2018-11-08T08:20:10.254000Z,21,p,0.88,0.008976
5052,2018-11-08T08:20:10.259000Z,20,p,0.965,0.004593
5053,2018-11-08T08:20:10.260500Z,18,p,0.412,0.003459
5054,2018-11-08T08:20:10.273500Z,24,s,0.966,0.03003
5055,2018-11-08T08:20:10.280500Z,23,s,0.961,0.04239
5056,2018-11-08T08:20:10.288500Z,22,s,0.957,0.01819
5057,2018-11-08T08:20:10.296500Z,14,p,0.362,0.00228
5058,2018-11-08T08:20:10.297500Z,21,s,0.957,0.008976
5059,2018-11-08T08:20:10.300500Z,13,p,0.69,0.002453
5060,2018-11-08T08:20:10.307000Z,20,s,0.931,0.004593
5061,2018-11-08T08:20:10.315000Z,19,s,0.837,0.004716
5062,2018-11-08T08:20:10.329500Z,18,s,0.333,0.003459
5063,2018-11-08T08:20:10.338000Z,17,s,0.77,0.002389
5064,2018-11-08T08:20:10.348500Z,16,s,0.766,0.00351
5065,2018-11-08T08:20:10.356500Z,15,s,0.681,0.002108
5066,2018-11-08T08:20:10.366000Z,14,s,0.828,0.00228
5067,2018-11-08T08:20:10.377000Z,13,s,0.657,0.002453
5068,2018-11-08T08:20:10.386500Z,12,s,0.321,0.001995
5069,2018-11-08T08:20:10.392500Z,2,p,0.35,0.001821
5070,2018-11-08T08:20:10.411500Z,10,s,0.45,0.001639
5071,2018-11-08T08:20:10.460000Z,4,s,0.692,0.001821
5072,2018-11-08T08:20:10.500000Z,2,s,0.539,0.001449
5073,2018-11-08T08:20:26.128500Z,11,s,0.715,0.004845
5074,2018-11-08T08:20:43.535500Z,21,p,0.382,0.001942
5075,2018-11-08T08:21:19.451500Z,5,p,0.369,0.003574
5076,2018-11-08T08:21:19.528500Z,5,s,0.884,0.003574
5077,2018-11-08T08:23:36.640500Z,2,s,0.6,0.003631
5078,2018-11-08T08:24:24.127500Z,20,s,0.445,0.001572
5079,2018-11-08T08:25:33.231000Z,5,s,0.881,0.003205
5080,2018-11-08T08:25:40.282500Z,2,s,0.359,0.001535
5081,2018-11-08T08:25:43.770000Z,21,p,0.311,0.005067
5082,2018-11-08T08:25:43.772500Z,22,p,0.507,0.004821
5083,2018-11-08T08:25:43.799000Z,21,s,0.799,0.005067
5084,2018-11-08T08:25:43.804000Z,22,s,0.652,0.004821
5085,2018-11-08T08:25:45.409500Z,14,s,0.716,0.007818
5086,2018-11-08T08:26:02.250000Z,20,s,0.731,0.003243
5087,2018-11-08T08:26:40.795500Z,18,s,0.367,0.003098
5088,2018-11-08T08:28:24.582000Z,22,s,0.335,0.002814
5089,2018-11-08T08:28:26.210000Z,11,s,0.767,0.004613
5090,2018-11-08T08:29:26.388000Z,1,s,0.478,0.002598
5091,2018-11-08T08:30:27.344500Z,6,s,0.366,0.001756
5092,2018-11-08T08:30:45.303500Z,2,p,0.454,0.003167
5093,2018-11-08T08:30:45.388500Z,2,s,0.462,0.003167
5094,2018-11-08T08:32:28.424500Z,23,s,0.589,0.003578
5095,2018-11-08T08:32:34.541500Z,4,s,0.795,0.005961
5096,2018-11-08T08:32:52.326000Z,24,p,0.951,0.04339
5097,2018-11-08T08:32:52.331500Z,23,p,0.985,0.04078
5098,2018-11-08T08:32:52.335500Z,22,p,0.967,0.03419
5099,2018-11-08T08:32:52.340500Z,21,p,0.964,0.02655
5100,2018-11-08T08:32:52.345500Z,20,p,0.918,0.01049
5101,2018-11-08T08:32:52.347500Z,14,p,0.427,0.004143
5102,2018-11-08T08:32:52.351000Z,19,p,0.977,0.007604
5103,2018-11-08T08:32:52.355500Z,18,p,0.877,0.005235
5104,2018-11-08T08:32:52.362000Z,17,p,0.94,0.006042
5105,2018-11-08T08:32:52.367000Z,16,p,0.948,0.007471
5106,2018-11-08T08:32:52.367500Z,24,s,0.968,0.04339
5107,2018-11-08T08:32:52.373500Z,23,s,0.966,0.04078
5108,2018-11-08T08:32:52.375500Z,15,p,0.504,0.003241
5109,2018-11-08T08:32:52.382000Z,22,s,0.965,0.03419
5110,2018-11-08T08:32:52.385000Z,13,p,0.953,0.003996
5111,2018-11-08T08:32:52.390000Z,21,s,0.963,0.02655
5112,2018-11-08T08:32:52.390500Z,12,p,0.34,0.002621
5113,2018-11-08T08:32:52.400000Z,20,s,0.942,0.01049
5114,2018-11-08T08:32:52.408500Z,9,p,0.371,0.002576
5115,2018-11-08T08:32:52.409000Z,19,s,0.956,0.007604
5116,2018-11-08T08:32:52.412000Z,8,p,0.319,0.002879
5117,2018-11-08T08:32:52.419000Z,18,s,0.927,0.005235
5118,2018-11-08T08:32:52.426000Z,17,s,0.953,0.006042
5119,2018-11-08T08:32:52.437500Z,16,s,0.922,0.007471
5120,2018-11-08T08:32:52.445500Z,15,s,0.828,0.003241
5121,2018-11-08T08:32:52.454500Z,14,s,0.869,0.004143
5122,2018-11-08T08:32:52.466000Z,13,s,0.925,0.003996
5123,2018-11-08T08:32:52.470000Z,3,p,0.762,0.001746
5124,2018-11-08T08:32:52.473000Z,12,s,0.675,0.002621
5125,2018-11-08T08:32:52.496500Z,10,s,0.688,0.002088
5126,2018-11-08T08:32:52.500000Z,9,s,0.532,0.002576
5127,2018-11-08T08:32:52.509500Z,8,s,0.637,0.002879
5128,2018-11-08T08:32:52.547000Z,4,s,0.733,0.002016
5129,2018-11-08T08:32:52.562000Z,3,s,0.786,0.001612
5130,2018-11-08T08:32:52.597500Z,11,s,0.443,0.00202
5131,2018-11-08T08:32:52.604000Z,7,s,0.377,0.001505
5132,2018-11-08T08:32:59.631500Z,18,s,0.453,0.00301
5133,2018-11-08T08:33:58.435000Z,20,s,0.828,0.003253
5134,2018-11-08T08:34:28.564000Z,3,s,0.607,0.002523
5135,2018-11-08T08:35:24.469500Z,16,s,0.45,0.001539
5136,2018-11-08T08:35:37.781500Z,20,p,0.424,0.00197
5137,2018-11-08T08:36:20.593000Z,23,s,0.79,0.00233
5138,2018-11-08T08:36:40.185500Z,5,s,0.903,0.003727
5139,2018-11-08T08:38:16.749500Z,22,s,0.65,0.002722
5140,2018-11-08T08:38:48.124000Z,17,s,0.573,0.002189
5141,2018-11-08T08:39:37.569500Z,22,s,0.418,0.003496
5142,2018-11-08T08:40:03.581000Z,20,s,0.818,0.003085
5143,2018-11-08T08:40:41.583500Z,24,p,0.983,0.2283
5144,2018-11-08T08:40:41.588000Z,23,p,0.979,0.2135
5145,2018-11-08T08:40:41.593500Z,22,p,0.976,0.08306
5146,2018-11-08T08:40:41.599000Z,21,p,0.983,0.05981
5147,2018-11-08T08:40:41.604000Z,20,p,0.985,0.079
5148,2018-11-08T08:40:41.609000Z,19,p,0.977,0.05451
5149,2018-11-08T08:40:41.615000Z,18,p,0.983,0.05169
5150,2018-11-08T08:40:41.620000Z,17,p,0.982,0.04205
5151,2018-11-08T08:40:41.626000Z,16,p,0.979,0.03154
5152,2018-11-08T08:40:41.631000Z,15,p,0.979,0.02487
5153,2018-11-08T08:40:41.637000Z,14,p,0.981,0.04359
5154,2018-11-08T08:40:41.643000Z,13,p,0.975,0.02384
5155,2018-11-08T08:40:41.648000Z,12,p,0.981,0.02406
5156,2018-11-08T08:40:41.653000Z,11,p,0.978,0.01444
5157,2018-11-08T08:40:41.657500Z,10,p,0.973,0.01217
5158,2018-11-08T08:40:41.659500Z,24,s,0.971,0.2283
5159,2018-11-08T08:40:41.664000Z,9,p,0.968,0.01005
5160,2018-11-08T08:40:41.668000Z,23,s,0.961,0.2135
5161,2018-11-08T08:40:41.669500Z,8,p,0.95,0.01331
5162,2018-11-08T08:40:41.675000Z,7,p,0.97,0.01218
5163,2018-11-08T08:40:41.676500Z,22,s,0.955,0.08306
5164,2018-11-08T08:40:41.681500Z,6,p,0.906,0.01092
5165,2018-11-08T08:40:41.685500Z,21,s,0.97,0.05731
5166,2018-11-08T08:40:41.687500Z,5,p,0.957,0.008227
5167,2018-11-08T08:40:41.692500Z,4,p,0.93,0.01141
5168,2018-11-08T08:40:41.694500Z,20,s,0.948,0.079
5169,2018-11-08T08:40:41.698000Z,3,p,0.972,0.007947
5170,2018-11-08T08:40:41.702500Z,19,s,0.962,0.05451
5171,2018-11-08T08:40:41.703000Z,2,p,0.967,0.009189
5172,2018-11-08T08:40:41.709000Z,1,p,0.964,0.007302
5173,2018-11-08T08:40:41.713000Z,18,s,0.929,0.05169
5174,2018-11-08T08:40:41.720500Z,17,s,0.943,0.04205
5175,2018-11-08T08:40:41.731500Z,16,s,0.938,0.02888
5176,2018-11-08T08:40:41.741000Z,15,s,0.918,0.02487
5177,2018-11-08T08:40:41.752500Z,14,s,0.801,0.04359
5178,2018-11-08T08:40:41.762500Z,13,s,0.905,0.02384
5179,2018-11-08T08:40:41.769000Z,12,s,0.941,0.02406
5180,2018-11-08T08:40:41.780000Z,11,s,0.902,0.01444
5181,2018-11-08T08:40:41.790500Z,10,s,0.894,0.01217
5182,2018-11-08T08:40:41.799000Z,9,s,0.881,0.01005
5183,2018-11-08T08:40:41.808000Z,8,s,0.854,0.01331
5184,2018-11-08T08:40:41.815000Z,7,s,0.845,0.01218
5185,2018-11-08T08:40:41.827000Z,6,s,0.844,0.01092
5186,2018-11-08T08:40:41.832500Z,5,s,0.916,0.008227
5187,2018-11-08T08:40:41.842000Z,4,s,0.837,0.01141
5188,2018-11-08T08:40:41.852000Z,3,s,0.9,0.007546
5189,2018-11-08T08:40:41.859000Z,2,s,0.892,0.009189
5190,2018-11-08T08:40:41.869000Z,1,s,0.904,0.007302
5191,2018-11-08T08:40:42.049500Z,16,p,0.325,0.002527
5192,2018-11-08T08:40:42.639500Z,17,s,0.306,0.00385
5193,2018-11-08T08:41:43.509500Z,24,p,0.924,0.01219
5194,2018-11-08T08:41:43.515000Z,23,p,0.94,0.008015
5195,2018-11-08T08:41:43.519500Z,22,p,0.938,0.006435
5196,2018-11-08T08:41:43.525000Z,21,p,0.965,0.00499
5197,2018-11-08T08:41:43.529500Z,20,p,0.969,0.004048
5198,2018-11-08T08:41:43.536000Z,19,p,0.718,0.003243
5199,2018-11-08T08:41:43.552000Z,16,p,0.714,0.001871
5200,2018-11-08T08:41:43.564000Z,13,p,0.859,0.002152
5201,2018-11-08T08:41:43.577500Z,24,s,0.963,0.01219
5202,2018-11-08T08:41:43.584500Z,23,s,0.954,0.008015
5203,2018-11-08T08:41:43.592000Z,22,s,0.934,0.006435
5204,2018-11-08T08:41:43.600500Z,21,s,0.942,0.00499
5205,2018-11-08T08:41:43.608000Z,20,s,0.71,0.004048
5206,2018-11-08T08:41:43.615000Z,19,s,0.76,0.002204
5207,2018-11-08T08:41:43.624500Z,18,s,0.35,0.00215
5208,2018-11-08T08:41:43.650000Z,16,s,0.547,0.001871
5209,2018-11-08T08:41:43.674500Z,13,s,0.782,0.002152
5210,2018-11-08T08:41:44.053500Z,21,p,0.586,0.00201
5211,2018-11-08T08:41:56.053500Z,18,s,0.459,0.004121
5212,2018-11-08T08:42:32.024500Z,13,p,0.331,0.002404
5213,2018-11-08T08:43:12.347500Z,24,s,0.595,0.005929
5214,2018-11-08T08:43:25.694000Z,2,p,0.427,0.002707
5215,2018-11-08T08:43:25.800500Z,2,s,0.686,0.002707
5216,2018-11-08T08:44:27.397500Z,23,s,0.528,0.001943
5217,2018-11-08T08:44:50.048000Z,1,s,0.584,0.001942
5218,2018-11-08T08:45:00.837500Z,11,s,0.434,0.003694
5219,2018-11-08T08:45:52.961500Z,6,s,0.323,0.002522
5220,2018-11-08T08:46:14.969500Z,17,s,0.893,0.0104
5221,2018-11-08T08:46:16.830000Z,5,s,0.852,0.003521
5222,2018-11-08T08:47:19.608500Z,20,s,0.385,0.001589
5223,2018-11-08T08:47:52.943500Z,20,p,0.395,0.003244
5224,2018-11-08T08:47:53.119000Z,20,s,0.838,0.003619
5225,2018-11-08T08:47:53.292500Z,20,p,0.569,0.003619
5226,2018-11-08T08:48:22.822000Z,2,p,0.499,0.00166
5227,2018-11-08T08:48:22.869500Z,4,p,0.373,0.001488
5228,2018-11-08T08:48:22.889500Z,5,p,0.442,0.002292
5229,2018-11-08T08:48:22.974500Z,8,p,0.553,0.001622
5230,2018-11-08T08:48:23.161500Z,18,p,0.31,0.002306
5231,2018-11-08T08:48:23.504500Z,2,s,0.526,0.002831
5232,2018-11-08T08:48:23.545000Z,4,s,0.374,0.002478
5233,2018-11-08T08:48:23.578500Z,5,s,0.345,0.004078
5234,2018-11-08T08:48:23.594500Z,6,s,0.564,0.004871
5235,2018-11-08T08:48:23.630000Z,8,s,0.513,0.002137
5236,2018-11-08T08:48:23.686500Z,11,s,0.49,0.002198
5237,2018-11-08T08:48:23.712500Z,12,s,0.528,0.003308
5238,2018-11-08T08:48:23.733000Z,13,s,0.509,0.003994
5239,2018-11-08T08:48:23.819500Z,17,s,0.393,0.001973
5240,2018-11-08T08:48:23.846500Z,18,s,0.431,0.003684
5241,2018-11-08T08:48:23.866500Z,19,s,0.312,0.002037
5242,2018-11-08T08:48:48.518500Z,8,p,0.303,0.002077
5243,2018-11-08T08:48:48.848500Z,9,s,0.444,0.002161
5244,2018-11-08T08:48:48.850500Z,7,s,0.498,0.001941
5245,2018-11-08T08:48:58.582000Z,20,p,0.557,0.001901
5246,2018-11-08T08:48:58.850500Z,20,s,0.556,0.001901
5247,2018-11-08T08:49:03.150500Z,13,p,0.403,0.002459
5248,2018-11-08T08:49:04.930000Z,5,p,0.346,0.002274
5249,2018-11-08T08:49:05.151500Z,5,s,0.341,0.002274
5250,2018-11-08T08:49:09.772000Z,22,p,0.448,0.004989
5251,2018-11-08T08:49:09.847000Z,22,s,0.884,0.004989
5252,2018-11-08T08:49:39.050000Z,2,p,0.491,0.002516
5253,2018-11-08T08:49:39.150500Z,6,s,0.511,0.002989
5254,2018-11-08T08:49:39.288500Z,13,p,0.467,0.002546
5255,2018-11-08T08:50:12.482500Z,22,s,0.553,0.01815
5256,2018-11-08T08:50:12.485500Z,22,p,0.511,0.01815
5257,2018-11-08T08:50:38.898500Z,5,s,0.834,0.002792
5258,2018-11-08T08:50:41.949500Z,1,p,0.713,0.06547
5259,2018-11-08T08:50:41.958500Z,2,p,0.907,0.01099
5260,2018-11-08T08:50:41.987500Z,2,s,0.944,0.01099
5261,2018-11-08T08:50:42.005500Z,3,s,0.74,0.006133
5262,2018-11-08T08:50:42.028000Z,4,s,0.844,0.004943
5263,2018-11-08T08:50:42.038500Z,8,p,0.303,0.003164
5264,2018-11-08T08:50:42.067500Z,6,s,0.532,0.002177
5265,2018-11-08T08:50:42.113500Z,8,s,0.856,0.003164
5266,2018-11-08T08:50:42.144000Z,11,p,0.314,0.001937
5267,2018-11-08T08:50:42.178500Z,11,s,0.321,0.001937
5268,2018-11-08T08:50:42.196000Z,12,s,0.505,0.003279
5269,2018-11-08T08:51:01.968500Z,3,p,0.493,0.004184
5270,2018-11-08T08:51:02.148500Z,3,s,0.464,0.004184
5271,2018-11-08T08:51:24.125500Z,23,s,0.63,0.004688
5272,2018-11-08T08:51:28.768000Z,7,s,0.712,0.00457
5273,2018-11-08T08:51:47.247500Z,5,s,0.325,0.002311
5274,2018-11-08T08:52:35.944500Z,11,s,0.406,0.003417
5275,2018-11-08T08:52:53.718500Z,5,s,0.374,0.00413
5276,2018-11-08T08:52:53.719500Z,6,s,0.303,0.004367
5277,2018-11-08T08:53:01.786500Z,18,s,0.381,0.003325
5278,2018-11-08T08:53:18.962500Z,6,s,0.462,0.003032
5279,2018-11-08T08:53:32.695500Z,5,p,0.308,0.002159
5280,2018-11-08T08:53:34.004500Z,10,s,0.503,0.001954
5281,2018-11-08T08:53:34.005500Z,3,p,0.46,0.002272
5282,2018-11-08T08:53:34.007500Z,7,s,0.315,0.002711
5283,2018-11-08T08:53:34.007500Z,4,s,0.43,0.002191
5284,2018-11-08T08:53:34.010500Z,20,s,0.483,0.002295
5285,2018-11-08T08:53:36.554500Z,1,s,0.586,0.001474
5286,2018-11-08T08:53:37.940000Z,23,s,0.344,0.002231
5287,2018-11-08T08:53:49.415500Z,5,s,0.303,0.002277
5288,2018-11-08T08:53:49.447500Z,6,s,0.32,0.002485
5289,2018-11-08T08:53:51.133500Z,17,s,0.5,0.002243
5290,2018-11-08T08:53:58.631500Z,20,p,0.345,0.003326
5291,2018-11-08T08:53:58.743000Z,20,s,0.816,0.003326
5292,2018-11-08T08:53:59.744500Z,5,s,0.353,0.00282
5293,2018-11-08T08:53:59.782500Z,8,s,0.302,0.001719
5294,2018-11-08T08:54:02.228000Z,2,s,0.319,0.002956
5295,2018-11-08T08:54:02.407000Z,11,s,0.408,0.002195
5296,2018-11-08T08:54:02.414500Z,13,s,0.307,0.004621
5297,2018-11-08T08:54:02.524500Z,17,s,0.333,0.002693
5298,2018-11-08T08:54:03.428000Z,2,s,0.394,0.002046
5299,2018-11-08T08:54:03.472500Z,5,s,0.324,0.002915
5300,2018-11-08T08:54:58.326000Z,6,p,0.385,0.002954
5301,2018-11-08T08:54:58.463000Z,13,p,0.423,0.002016
5302,2018-11-08T08:54:58.531500Z,5,s,0.31,0.003144
5303,2018-11-08T08:54:58.567500Z,18,s,0.338,0.003427
5304,2018-11-08T08:55:02.536500Z,20,s,0.506,0.002046
5305,2018-11-08T08:55:31.458000Z,6,p,0.466,0.001733
5306,2018-11-08T08:55:36.966000Z,5,p,0.338,0.003092
5307,2018-11-08T08:55:40.217500Z,22,s,0.533,0.05284
5308,2018-11-08T08:55:40.220500Z,22,p,0.645,0.05284
5309,2018-11-08T08:55:49.038500Z,13,s,0.374,0.002372
5310,2018-11-08T08:55:49.690500Z,6,s,0.415,0.005212
5311,2018-11-08T08:55:53.346500Z,5,s,0.375,0.002394
5312,2018-11-08T08:55:57.905500Z,13,p,0.401,0.002092
5313,2018-11-08T08:55:59.762500Z,3,s,0.326,0.00192
5314,2018-11-08T08:55:59.803500Z,5,s,0.308,0.003597
5315,2018-11-08T08:56:01.568000Z,5,s,0.542,0.006734
5316,2018-11-08T08:56:01.582500Z,6,s,0.399,0.007126
5317,2018-11-08T08:56:01.744500Z,13,s,0.403,0.004593
5318,2018-11-08T08:56:01.846500Z,18,s,0.328,0.007094
5319,2018-11-08T08:56:01.866500Z,19,s,0.325,0.002985
5320,2018-11-08T08:56:02.277500Z,2,p,0.443,0.001701
5321,2018-11-08T08:56:02.938500Z,2,s,0.375,0.002122
5322,2018-11-08T08:56:02.943500Z,3,p,0.352,0.001796
5323,2018-11-08T08:56:04.246000Z,13,p,0.382,0.00424
5324,2018-11-08T08:56:07.614000Z,5,p,0.471,0.002024
5325,2018-11-08T08:56:09.094500Z,24,s,0.309,0.007615
5326,2018-11-08T08:56:09.095000Z,11,p,0.314,0.001908
5327,2018-11-08T08:56:09.095500Z,1,s,0.474,0.001849
5328,2018-11-08T08:56:09.095500Z,3,p,0.341,0.00199
5329,2018-11-08T08:56:09.095500Z,15,s,0.348,0.001596
5330,2018-11-08T08:56:09.101500Z,7,s,0.302,0.002238
5331,2018-11-08T08:56:11.253500Z,6,p,0.328,0.001817
5332,2018-11-08T08:56:11.810500Z,6,s,0.431,0.002511
5333,2018-11-08T08:56:11.952500Z,13,p,0.398,0.002395
5334,2018-11-08T08:56:22.218500Z,6,s,0.356,0.002793
5335,2018-11-08T08:56:25.746000Z,16,p,0.351,0.001767
5336,2018-11-08T08:56:31.495500Z,21,s,0.372,0.002242
5337,2018-11-08T08:56:40.741500Z,19,s,0.481,0.003317
5338,2018-11-08T08:56:49.070500Z,10,p,0.451,0.002028
5339,2018-11-08T08:56:50.543500Z,5,s,0.314,0.003089
5340,2018-11-08T08:57:02.394500Z,5,s,0.303,0.002519
5341,2018-11-08T08:57:03.619500Z,22,p,0.873,0.02814
5342,2018-11-08T08:57:03.650500Z,21,p,0.381,0.04444
5343,2018-11-08T08:57:03.678500Z,21,s,0.397,0.04444
5344,2018-11-08T08:57:03.680500Z,22,s,0.844,0.02814
5345,2018-11-08T08:57:04.134500Z,22,p,0.696,0.003802
5346,2018-11-08T08:57:04.384500Z,5,s,0.399,0.003532
5347,2018-11-08T08:57:04.396500Z,6,s,0.325,0.003925
5348,2018-11-08T08:57:04.535500Z,12,s,0.371,0.002945
5349,2018-11-08T08:57:06.109500Z,5,s,0.348,0.002002
5350,2018-11-08T08:57:06.132000Z,6,s,0.444,0.002791
5351,2018-11-08T08:57:06.580500Z,22,p,0.345,0.002931
5352,2018-11-08T08:57:07.535500Z,5,s,0.345,0.002329
5353,2018-11-08T08:57:26.626500Z,9,s,0.37,0.002368
5354,2018-11-08T08:57:36.770500Z,18,s,0.31,0.002765
5355,2018-11-08T08:57:44.378500Z,2,s,0.324,0.002233
5356,2018-11-08T08:57:44.450500Z,5,s,0.482,0.004193
5357,2018-11-08T08:57:44.530500Z,21,p,0.421,0.004577
5358,2018-11-08T08:57:44.559500Z,21,s,0.647,0.004577
5359,2018-11-08T08:57:51.902500Z,21,s,0.392,0.00238
5360,2018-11-08T08:57:54.184500Z,23,s,0.569,0.002995
5361,2018-11-08T08:57:55.815500Z,2,s,0.442,0.002238
5362,2018-11-08T08:57:55.870500Z,5,s,0.421,0.002347
5363,2018-11-08T08:57:55.898500Z,6,s,0.326,0.002655
5364,2018-11-08T08:57:56.229500Z,21,s,0.57,0.004733
5365,2018-11-08T08:57:56.230000Z,22,s,0.54,0.005578
5366,2018-11-08T08:57:56.973500Z,6,s,0.37,0.004413
5367,2018-11-08T08:57:57.058500Z,11,p,0.363,0.002008
5368,2018-11-08T08:57:59.786500Z,2,s,0.421,0.002981
5369,2018-11-08T08:57:59.840500Z,5,p,0.354,0.004388
5370,2018-11-08T08:57:59.869500Z,6,s,0.527,0.004426
5371,2018-11-08T08:57:59.994500Z,12,s,0.318,0.002811
5372,2018-11-08T08:58:00.004000Z,13,p,0.486,0.002989
5373,2018-11-08T08:58:00.120500Z,18,s,0.484,0.004411
5374,2018-11-08T08:58:01.195500Z,22,s,0.587,0.005547
5375,2018-11-08T08:58:01.315500Z,6,s,0.329,0.003757
5376,2018-11-08T08:58:02.594500Z,2,p,0.567,0.001996
5377,2018-11-08T08:58:02.690500Z,6,s,0.402,0.002579
5378,2018-11-08T08:58:02.826000Z,13,p,0.634,0.00243
5379,2018-11-08T08:58:02.934500Z,18,p,0.337,0.002267
5380,2018-11-08T08:58:05.734000Z,6,s,0.373,0.001735
5381,2018-11-08T08:58:08.446500Z,5,s,0.48,0.001807
5382,2018-11-08T08:58:08.463500Z,6,s,0.322,0.00186
5383,2018-11-08T08:58:12.303500Z,2,p,0.477,0.002023
5384,2018-11-08T08:58:12.370500Z,5,p,0.759,0.002588
5385,2018-11-08T08:58:12.521500Z,13,p,0.435,0.002518
5386,2018-11-08T08:58:13.853500Z,20,s,0.574,0.001853
5387,2018-11-08T08:58:14.286500Z,5,s,0.469,0.002023
5388,2018-11-08T08:58:14.306500Z,6,s,0.542,0.002576
5389,2018-11-08T08:58:14.356000Z,8,s,0.379,0.001933
5390,2018-11-08T08:58:14.442000Z,13,p,0.333,0.002279
5391,2018-11-08T08:58:16.358500Z,5,s,0.312,0.00225
5392,2018-11-08T08:58:16.860500Z,21,p,0.314,0.004064
5393,2018-11-08T08:58:17.399500Z,2,s,0.324,0.002013
5394,2018-11-08T08:58:17.458500Z,5,s,0.418,0.002035
5395,2018-11-08T08:58:21.268500Z,2,p,0.339,0.002467
5396,2018-11-08T08:58:21.314500Z,4,p,0.361,0.002037
5397,2018-11-08T08:58:21.342500Z,5,p,0.455,0.004034
5398,2018-11-08T08:58:21.462000Z,11,p,0.422,0.002136
5399,2018-11-08T08:58:21.488500Z,13,p,0.408,0.003733
5400,2018-11-08T08:58:21.601500Z,18,p,0.54,0.003566
5401,2018-11-08T08:58:21.623500Z,19,p,0.557,0.002171
5402,2018-11-08T08:58:21.630000Z,2,s,0.545,0.00229
5403,2018-11-08T08:58:21.694500Z,5,s,0.604,0.004034
5404,2018-11-08T08:58:21.848500Z,12,s,0.605,0.003605
5405,2018-11-08T08:58:21.864500Z,13,s,0.36,0.003733
5406,2018-11-08T08:58:21.942500Z,17,s,0.466,0.00256
5407,2018-11-08T08:58:21.974500Z,18,s,0.617,0.003566
5408,2018-11-08T08:58:21.983500Z,19,s,0.493,0.002171
5409,2018-11-08T08:58:27.354500Z,18,s,0.342,0.00228
5410,2018-11-08T08:58:28.481500Z,18,p,0.443,0.008343
5411,2018-11-08T08:58:28.503500Z,1,s,0.37,0.002481
5412,2018-11-08T08:58:28.518500Z,2,p,0.651,0.005058
5413,2018-11-08T08:58:28.543500Z,3,s,0.414,0.002819
5414,2018-11-08T08:58:28.567500Z,4,s,0.443,0.003907
5415,2018-11-08T08:58:28.588000Z,5,p,0.563,0.009536
5416,2018-11-08T08:58:28.616000Z,6,s,0.617,0.009934
5417,2018-11-08T08:58:28.637500Z,7,s,0.479,0.002036
5418,2018-11-08T08:58:28.650500Z,8,s,0.516,0.003453
5419,2018-11-08T08:58:28.674500Z,9,p,0.496,0.002471
5420,2018-11-08T08:58:28.718500Z,11,s,0.466,0.004165
5421,2018-11-08T08:58:28.729500Z,12,p,0.321,0.006452
5422,2018-11-08T08:58:28.733000Z,12,s,0.309,0.006452
5423,2018-11-08T08:58:28.746500Z,13,p,0.484,0.007842
5424,2018-11-08T08:58:28.815500Z,16,s,0.329,0.00168
5425,2018-11-08T08:58:28.826500Z,17,s,0.316,0.00454
5426,2018-11-08T08:58:28.866500Z,18,s,0.543,0.008343
5427,2018-11-08T08:58:28.886500Z,19,s,0.54,0.004054
5428,2018-11-08T08:58:28.918500Z,21,s,0.423,0.002635
5429,2018-11-08T08:58:28.946500Z,22,s,0.495,0.002132
5430,2018-11-08T08:58:30.439500Z,5,s,0.329,0.003015
5431,2018-11-08T08:58:30.462500Z,6,s,0.464,0.00262
5432,2018-11-08T08:58:35.967500Z,5,s,0.427,0.002468
5433,2018-11-08T08:58:35.991500Z,6,s,0.323,0.002877
5434,2018-11-08T08:58:36.255500Z,18,s,0.31,0.002763
5435,2018-11-08T08:58:37.906500Z,5,s,0.526,0.002975
5436,2018-11-08T08:58:44.290500Z,6,s,0.353,0.002674
5437,2018-11-08T08:58:47.242500Z,5,s,0.351,0.002268
5438,2018-11-08T08:58:53.240500Z,23,s,0.607,0.003386
5439,2018-11-08T08:59:07.745500Z,6,p,0.475,0.00183
5440,2018-11-08T08:59:09.109500Z,5,p,0.376,0.00175
5441,2018-11-08T08:59:12.194500Z,5,s,0.404,0.00266
5442,2018-11-08T08:59:12.471500Z,18,s,0.332,0.002599
5443,2018-11-08T08:59:24.923500Z,5,s,0.357,0.002124
5444,2018-11-08T08:59:39.557500Z,23,s,0.39,0.002422
5445,2018-11-08T08:59:51.092000Z,20,p,0.735,0.001871
5446,2018-11-08T08:59:51.253500Z,20,s,0.514,0.001871
5447,2018-11-08T08:59:52.408500Z,5,s,0.379,0.002485
5448,2018-11-08T08:59:55.438500Z,6,s,0.374,0.001938
5449,2018-11-08T08:59:55.678500Z,18,s,0.307,0.002094
5450,2018-11-08T08:59:56.213500Z,13,p,0.363,0.001824
5451,2018-11-08T08:59:59.358500Z,6,s,0.341,0.001842
5452,2018-11-08T08:59:59.379500Z,5,s,0.331,0.002019
5453,2018-11-08T09:00:03.013500Z,1,s,0.541,0.002529
5454,2018-11-08T09:00:15.247500Z,12,s,0.323,0.002093
5455,2018-11-08T09:00:15.355500Z,18,s,0.344,0.003195
5456,2018-11-08T09:00:15.362500Z,9,s,0.332,0.001836
5457,2018-11-08T09:00:20.718000Z,22,s,0.463,0.001941
5458,2018-11-08T09:00:22.228500Z,5,p,0.677,0.001967
5459,2018-11-08T09:00:31.384500Z,11,s,0.672,0.00408
5460,2018-11-08T09:00:37.044500Z,14,s,0.541,0.01712
5461,2018-11-08T09:00:50.739500Z,16,p,0.459,0.003031
5462,2018-11-08T09:00:50.777000Z,13,p,0.355,0.002518
5463,2018-11-08T09:00:50.778500Z,13,s,0.473,0.002518
5464,2018-11-08T09:00:50.797500Z,16,s,0.361,0.00207
5465,2018-11-08T09:01:21.757500Z,13,s,0.748,0.004594
5466,2018-11-08T09:01:23.769500Z,5,p,0.322,0.001835
5467,2018-11-08T09:01:24.498500Z,5,s,0.317,0.002155
5468,2018-11-08T09:01:25.380500Z,5,s,0.359,0.002047
5469,2018-11-08T09:01:28.256500Z,3,s,0.303,0.002564
5470,2018-11-08T09:01:28.684500Z,13,p,0.526,0.002335
5471,2018-11-08T09:01:29.758500Z,6,s,0.367,0.001699
5472,2018-11-08T09:01:32.902500Z,13,p,0.413,0.002376
5473,2018-11-08T09:01:33.584000Z,3,s,0.452,0.001667
5474,2018-11-08T09:01:33.632500Z,5,s,0.564,0.004507
5475,2018-11-08T09:01:33.654500Z,6,s,0.302,0.00465
5476,2018-11-08T09:01:33.686500Z,8,s,0.369,0.001781
5477,2018-11-08T09:01:33.754500Z,11,s,0.32,0.002057
5478,2018-11-08T09:01:33.766500Z,12,s,0.461,0.003222
5479,2018-11-08T09:01:33.786500Z,13,s,0.307,0.002942
5480,2018-11-08T09:01:33.894500Z,18,s,0.344,0.004849
5481,2018-11-08T09:01:33.906500Z,19,s,0.392,0.001892
5482,2018-11-08T09:01:34.621500Z,5,p,0.393,0.00165
5483,2018-11-08T09:01:38.426500Z,6,s,0.328,0.002434
5484,2018-11-08T09:01:39.298500Z,2,p,0.411,0.001696
5485,2018-11-08T09:01:39.386500Z,6,s,0.304,0.002425
5486,2018-11-08T09:01:40.871500Z,12,p,0.631,0.003298
5487,2018-11-08T09:01:40.988500Z,12,s,0.843,0.003298
5488,2018-11-08T09:01:42.876500Z,5,p,0.494,0.003232
5489,2018-11-08T09:01:42.902500Z,6,s,0.513,0.003716
5490,2018-11-08T09:01:42.995500Z,11,p,0.325,0.001917
5491,2018-11-08T09:01:43.046000Z,13,p,0.461,0.002871
5492,2018-11-08T09:01:54.014500Z,20,s,0.594,0.003526
5493,2018-11-08T09:01:59.695500Z,13,s,0.331,0.002055
5494,2018-11-08T09:01:59.842500Z,18,s,0.353,0.003724
5495,2018-11-08T09:02:00.958500Z,6,s,0.332,0.002688
5496,2018-11-08T09:02:02.390500Z,5,s,0.517,0.002637
5497,2018-11-08T09:02:02.662500Z,18,s,0.321,0.003305
5498,2018-11-08T09:02:08.044500Z,22,s,0.415,0.002675
5499,2018-11-08T09:02:14.237500Z,5,p,0.322,0.002
5500,2018-11-08T09:02:21.257000Z,6,s,0.594,0.002343
5501,2018-11-08T09:02:21.522500Z,18,s,0.36,0.002573
5502,2018-11-08T09:02:22.870000Z,5,p,0.414,0.002067
5503,2018-11-08T09:02:34.613500Z,18,s,0.43,0.002362
5504,2018-11-08T09:02:38.926500Z,6,s,0.411,0.001791
5505,2018-11-08T09:02:44.002500Z,6,s,0.432,0.002404
5506,2018-11-08T09:03:02.661500Z,5,p,0.375,0.001928
5507,2018-11-08T09:03:09.517500Z,8,s,0.649,0.002793
5508,2018-11-08T09:03:20.146500Z,5,s,0.33,0.00171
5509,2018-11-08T09:03:38.362500Z,6,s,0.399,0.00202
5510,2018-11-08T09:03:41.581500Z,5,s,0.317,0.002019
5511,2018-11-08T09:03:43.127500Z,13,p,0.375,0.003636
5512,2018-11-08T09:03:43.165500Z,8,s,0.441,0.002631
5513,2018-11-08T09:03:45.446500Z,13,p,0.316,0.003192
5514,2018-11-08T09:03:48.530500Z,11,p,0.403,0.001906
5515,2018-11-08T09:03:48.567500Z,17,p,0.302,0.001823
5516,2018-11-08T09:03:48.719000Z,2,s,0.351,0.002236
5517,2018-11-08T09:03:49.058500Z,17,s,0.337,0.001846
5518,2018-11-08T09:03:50.166500Z,2,p,0.54,0.00181
5519,2018-11-08T09:03:51.615500Z,5,s,0.319,0.002853
5520,2018-11-08T09:03:51.634500Z,6,s,0.426,0.003148
5521,2018-11-08T09:03:51.890500Z,18,s,0.346,0.003884
5522,2018-11-08T09:03:54.046500Z,18,s,0.315,0.00228
5523,2018-11-08T09:03:56.119500Z,18,s,0.328,0.002645
5524,2018-11-08T09:04:11.326500Z,6,s,0.336,0.002264
5525,2018-11-08T09:04:14.298500Z,18,s,0.301,0.002924
5526,2018-11-08T09:04:15.391500Z,6,s,0.307,0.002506
5527,2018-11-08T09:04:16.741500Z,6,p,0.371,0.003802
5528,2018-11-08T09:04:17.102500Z,5,s,0.361,0.003528
5529,2018-11-08T09:04:17.262500Z,13,s,0.38,0.002358
5530,2018-11-08T09:04:18.746500Z,2,s,0.445,0.002253
5531,2018-11-08T09:04:18.766500Z,5,s,0.313,0.003841
5532,2018-11-08T09:04:28.750500Z,6,s,0.416,0.001577
5533,2018-11-08T09:04:32.530500Z,2,s,0.305,0.002263
5534,2018-11-08T09:04:32.647500Z,8,s,0.332,0.002106
5535,2018-11-08T09:04:33.052500Z,2,p,0.926,0.005953
5536,2018-11-08T09:04:33.073000Z,3,p,0.847,0.003972
5537,2018-11-08T09:04:33.094000Z,4,p,0.8,0.003547
5538,2018-11-08T09:04:33.224000Z,2,s,0.809,0.005953
5539,2018-11-08T09:04:33.244000Z,3,s,0.311,0.003972
5540,2018-11-08T09:04:33.266000Z,4,s,0.562,0.003547
5541,2018-11-08T09:04:33.865000Z,2,s,0.575,0.004317
5542,2018-11-08T09:04:34.750000Z,13,p,0.477,0.005143
5543,2018-11-08T09:04:34.767500Z,2,s,0.318,0.003162
5544,2018-11-08T09:04:34.782500Z,3,s,0.414,0.002243
5545,2018-11-08T09:04:34.823500Z,5,p,0.33,0.01282
5546,2018-11-08T09:04:34.859500Z,6,s,0.334,0.008974
5547,2018-11-08T09:04:34.959500Z,11,s,0.334,0.003135
5548,2018-11-08T09:04:34.994500Z,13,s,0.398,0.005143
5549,2018-11-08T09:04:35.111500Z,18,s,0.441,0.009525
5550,2018-11-08T09:04:35.175500Z,22,s,0.386,0.00249
5551,2018-11-08T09:04:38.006500Z,5,s,0.374,0.001798
5552,2018-11-08T09:04:46.990500Z,5,s,0.323,0.002098
5553,2018-11-08T09:04:47.254500Z,18,s,0.301,0.002486
5554,2018-11-08T09:04:47.926500Z,2,s,0.353,0.001555
5555,2018-11-08T09:04:48.018500Z,6,s,0.364,0.002423
5556,2018-11-08T09:04:48.142500Z,12,s,0.306,0.002006
5557,2018-11-08T09:04:50.672000Z,20,p,0.308,0.001914
5558,2018-11-08T09:04:50.850500Z,20,s,0.644,0.001914
5559,2018-11-08T09:04:59.925500Z,5,s,0.742,0.003687
5560,2018-11-08T09:05:06.834500Z,6,s,0.308,0.001817
5561,2018-11-08T09:05:08.579500Z,6,s,0.335,0.00238
5562,2018-11-08T09:05:10.999500Z,5,s,0.309,0.001769
5563,2018-11-08T09:05:11.014500Z,6,s,0.314,0.001938
5564,2018-11-08T09:05:21.814000Z,5,s,0.36,0.002046
5565,2018-11-08T09:05:33.490500Z,13,p,0.567,0.002675
5566,2018-11-08T09:05:33.888500Z,13,s,0.324,0.002224
5567,2018-11-08T09:05:37.129500Z,13,p,0.31,0.002218
5568,2018-11-08T09:05:38.322500Z,6,s,0.366,0.003033
5569,2018-11-08T09:05:38.430500Z,11,s,0.362,0.001801
5570,2018-11-08T09:05:38.594000Z,19,p,0.467,0.001971
5571,2018-11-08T09:05:55.154000Z,6,p,0.43,0.001795
5572,2018-11-08T09:05:56.710000Z,5,s,0.442,0.002267
5573,2018-11-08T09:05:56.719500Z,6,s,0.384,0.002566
5574,2018-11-08T09:05:57.607500Z,5,s,0.366,0.002106
5575,2018-11-08T09:05:57.626500Z,6,p,0.371,0.002878
5576,2018-11-08T09:06:04.746000Z,11,s,0.723,0.002007
5577,2018-11-08T09:06:04.830500Z,4,p,0.371,0.001839
5578,2018-11-08T09:06:04.838500Z,5,p,0.657,0.002655
5579,2018-11-08T09:06:04.982000Z,11,p,0.425,0.001728
5580,2018-11-08T09:06:04.983500Z,12,s,0.32,0.002079
5581,2018-11-08T09:06:05.000500Z,13,p,0.444,0.00272
5582,2018-11-08T09:06:05.098500Z,17,s,0.382,0.001973
5583,2018-11-08T09:06:07.407500Z,5,s,0.34,0.002737
5584,2018-11-08T09:06:07.463500Z,8,s,0.31,0.001889
5585,2018-11-08T09:06:07.674500Z,18,s,0.435,0.002604
5586,2018-11-08T09:06:08.250500Z,2,p,0.532,0.002088
5587,2018-11-08T09:06:12.811500Z,11,p,0.326,0.002103
5588,2018-11-08T09:06:22.374500Z,6,s,0.454,0.001865
5589,2018-11-08T09:06:25.552500Z,2,s,0.342,0.001993
5590,2018-11-08T09:06:25.613500Z,5,p,0.445,0.002628
5591,2018-11-08T09:06:30.598500Z,2,s,0.369,0.001982
5592,2018-11-08T09:06:30.816500Z,13,s,0.443,0.002203
5593,2018-11-08T09:06:34.193500Z,5,p,0.301,0.002149
5594,2018-11-08T09:06:34.650500Z,5,s,0.386,0.002862
5595,2018-11-08T09:06:35.285500Z,18,p,0.388,0.00221
5596,2018-11-08T09:06:35.690500Z,5,s,0.358,0.002614
5597,2018-11-08T09:06:38.014500Z,6,s,0.415,0.002561
5598,2018-11-08T09:06:46.199500Z,5,s,0.32,0.001993
5599,2018-11-08T09:06:49.285500Z,22,s,0.554,0.003095
5600,2018-11-08T09:06:50.522500Z,18,p,0.599,0.002448
5601,2018-11-08T09:06:59.086500Z,6,s,0.367,0.002937
5602,2018-11-08T09:07:02.517500Z,17,s,0.404,0.004008
5603,2018-11-08T09:07:03.894000Z,5,s,0.442,0.003027
5604,2018-11-08T09:07:09.806500Z,2,s,0.476,0.002033
5605,2018-11-08T09:07:10.034500Z,13,s,0.328,0.002949
5606,2018-11-08T09:07:11.644500Z,5,s,0.361,0.002006
5607,2018-11-08T09:07:15.680500Z,6,s,0.348,0.001933
5608,2018-11-08T09:07:21.448500Z,5,p,0.459,0.001961
5609,2018-11-08T09:07:21.488500Z,6,p,0.402,0.002234
5610,2018-11-08T09:07:43.894500Z,5,s,0.357,0.00185
5611,2018-11-08T09:07:51.846500Z,21,s,0.625,0.001977
5612,2018-11-08T09:07:53.402500Z,5,s,0.364,0.002088
5613,2018-11-08T09:07:53.429500Z,6,s,0.474,0.002145
5614,2018-11-08T09:07:56.376500Z,2,s,0.334,0.002618
5615,2018-11-08T09:07:56.468000Z,6,s,0.482,0.00485
5616,2018-11-08T09:07:56.491500Z,17,p,0.332,0.002012
5617,2018-11-08T09:08:00.277000Z,20,s,0.768,0.003096
5618,2018-11-08T09:08:04.298000Z,5,p,0.419,0.002204
5619,2018-11-08T09:08:06.489500Z,6,p,0.339,0.00249
5620,2018-11-08T09:08:06.542000Z,11,s,0.732,0.003192
5621,2018-11-08T09:08:06.821500Z,2,p,0.329,0.002086
5622,2018-11-08T09:08:07.414000Z,5,s,0.518,0.003038
5623,2018-11-08T09:08:07.696500Z,18,s,0.419,0.003591
5624,2018-11-08T09:08:08.476500Z,5,s,0.417,0.002606
5625,2018-11-08T09:08:08.482500Z,6,s,0.474,0.002618
5626,2018-11-08T09:08:09.552500Z,5,s,0.398,0.002433
5627,2018-11-08T09:08:09.570500Z,6,s,0.376,0.002673
5628,2018-11-08T09:08:09.718500Z,13,p,0.654,0.002459
5629,2018-11-08T09:08:09.834500Z,18,s,0.301,0.002679
5630,2018-11-08T09:08:10.726500Z,5,s,0.405,0.001748
5631,2018-11-08T09:08:13.126500Z,12,s,0.323,0.002062
5632,2018-11-08T09:08:25.050500Z,6,s,0.495,0.001598
5633,2018-11-08T09:08:34.394500Z,6,p,0.482,0.002089
5634,2018-11-08T09:08:34.426500Z,5,p,0.528,0.00176
5635,2018-11-08T09:08:34.960000Z,6,s,0.339,0.003404
5636,2018-11-08T09:08:35.086500Z,12,s,0.37,0.00215
5637,2018-11-08T09:08:35.226500Z,18,s,0.412,0.003447
5638,2018-11-08T09:08:36.282500Z,5,p,0.341,0.002074
5639,2018-11-08T09:08:37.118500Z,18,s,0.311,0.002683
5640,2018-11-08T09:08:38.448500Z,6,s,0.461,0.001704
5641,2018-11-08T09:08:49.054000Z,5,p,0.457,0.002148
5642,2018-11-08T09:08:49.073500Z,6,p,0.353,0.002481
5643,2018-11-08T09:08:49.326000Z,18,p,0.361,0.002171
5644,2018-11-08T09:08:51.022500Z,5,s,0.44,0.003669
5645,2018-11-08T09:08:51.048000Z,6,s,0.423,0.004079
5646,2018-11-08T09:08:51.186500Z,13,s,0.318,0.002627
5647,2018-11-08T09:08:51.310500Z,18,s,0.407,0.004039
5648,2018-11-08T09:08:53.562500Z,6,s,0.326,0.002309
5649,2018-11-08T09:08:59.760500Z,2,p,0.434,0.002142
5650,2018-11-08T09:08:59.842500Z,6,s,0.321,0.002917
5651,2018-11-08T09:08:59.898500Z,7,s,0.355,0.001791
5652,2018-11-08T09:08:59.966000Z,11,p,0.459,0.002084
5653,2018-11-08T09:09:01.233500Z,22,s,0.564,0.002201
5654,2018-11-08T09:09:01.306500Z,6,s,0.442,0.002796
5655,2018-11-08T09:09:01.559500Z,18,s,0.319,0.00265
5656,2018-11-08T09:09:03.669500Z,12,p,0.308,0.002075
5657,2018-11-08T09:09:03.870500Z,5,s,0.362,0.002347
5658,2018-11-08T09:09:04.817500Z,2,p,0.485,0.001666
5659,2018-11-08T09:09:04.910000Z,6,p,0.387,0.002445
5660,2018-11-08T09:09:13.543500Z,5,s,0.35,0.00239
5661,2018-11-08T09:09:20.210500Z,19,s,0.554,0.002585
5662,2018-11-08T09:09:36.855500Z,5,s,0.457,0.002773
5663,2018-11-08T09:09:36.999500Z,12,s,0.304,0.002335
5664,2018-11-08T09:09:37.014500Z,13,p,0.511,0.002197
5665,2018-11-08T09:09:37.130500Z,18,s,0.376,0.003277
5666,2018-11-08T09:09:38.549500Z,5,p,0.344,0.002149
5667,2018-11-08T09:09:39.210500Z,5,s,0.399,0.002323
5668,2018-11-08T09:09:43.774000Z,5,p,0.524,0.002209
5669,2018-11-08T09:09:43.789500Z,6,p,0.359,0.002395
5670,2018-11-08T09:09:44.839500Z,13,s,0.318,0.002256
5671,2018-11-08T09:09:45.606500Z,6,s,0.364,0.002657
5672,2018-11-08T09:09:52.318500Z,2,s,0.372,0.002078
5673,2018-11-08T09:09:52.378500Z,5,s,0.449,0.003451
5674,2018-11-08T09:09:52.410500Z,8,p,0.306,0.001719
5675,2018-11-08T09:09:52.526500Z,12,s,0.372,0.002701
5676,2018-11-08T09:09:55.386500Z,2,s,0.464,0.002323
5677,2018-11-08T09:09:55.436000Z,6,s,0.495,0.003895
5678,2018-11-08T09:09:55.449000Z,18,p,0.668,0.003632
5679,2018-11-08T09:09:55.466500Z,5,s,0.305,0.003623
5680,2018-11-08T09:10:00.083500Z,2,s,0.31,0.002392
5681,2018-11-08T09:10:00.152500Z,5,p,0.524,0.003198
5682,2018-11-08T09:10:00.298500Z,12,s,0.422,0.002509
5683,2018-11-08T09:10:00.407500Z,17,s,0.407,0.002107
5684,2018-11-08T09:10:00.434500Z,18,s,0.335,0.002577
5685,2018-11-08T09:10:16.982500Z,20,s,0.392,0.001672
5686,2018-11-08T09:10:37.103500Z,5,s,0.447,0.002597
5687,2018-11-08T09:10:37.391500Z,18,s,0.323,0.002596
5688,2018-11-08T09:10:39.306500Z,12,s,0.302,0.002512
5689,2018-11-08T09:10:40.442500Z,5,s,0.351,0.002924
5690,2018-11-08T09:10:42.791500Z,5,s,0.339,0.00292
5691,2018-11-08T09:10:43.066500Z,18,s,0.331,0.00295
5692,2018-11-08T09:10:43.117500Z,11,s,0.454,0.001844
5693,2018-11-08T09:10:44.786500Z,5,s,0.31,0.002826
5694,2018-11-08T09:10:45.087500Z,18,s,0.307,0.002707
5695,2018-11-08T09:10:46.627500Z,6,s,0.37,0.002365
5696,2018-11-08T09:10:50.079500Z,5,s,0.369,0.00329
5697,2018-11-08T09:10:50.362500Z,18,s,0.329,0.003014
5698,2018-11-08T09:10:50.379500Z,19,s,0.302,0.001975
5699,2018-11-08T09:10:51.730500Z,5,s,0.378,0.002535
5700,2018-11-08T09:10:53.690500Z,2,p,0.371,0.002126
5701,2018-11-08T09:10:53.938500Z,6,s,0.413,0.002611
5702,2018-11-08T09:10:54.018500Z,2,s,0.333,0.002126
5703,2018-11-08T09:10:57.162000Z,5,p,0.49,0.004527
5704,2018-11-08T09:10:57.332500Z,3,p,0.558,0.0018
5705,2018-11-08T09:10:58.106500Z,8,s,0.407,0.002105
5706,2018-11-08T09:10:58.322500Z,18,s,0.443,0.00307
5707,2018-11-08T09:10:59.258500Z,2,s,0.333,0.002321
5708,2018-11-08T09:10:59.322500Z,6,s,0.35,0.003681
5709,2018-11-08T09:11:03.704500Z,6,s,0.334,0.002132
5710,2018-11-08T09:11:06.775500Z,6,s,0.307,0.002853
5711,2018-11-08T09:11:12.034500Z,5,p,0.57,0.002017
5712,2018-11-08T09:11:12.050500Z,6,p,0.312,0.002144
5713,2018-11-08T09:11:12.822000Z,2,p,0.538,0.002241
5714,2018-11-08T09:11:12.898500Z,6,s,0.339,0.003132
5715,2018-11-08T09:11:13.033500Z,13,p,0.426,0.002625
5716,2018-11-08T09:11:13.404000Z,2,s,0.312,0.002694
5717,2018-11-08T09:11:14.551500Z,2,p,0.545,0.002617
5718,2018-11-08T09:11:14.592500Z,4,p,0.582,0.002281
5719,2018-11-08T09:11:14.623500Z,5,s,0.372,0.009818
5720,2018-11-08T09:11:14.722000Z,10,p,0.381,0.001971
5721,2018-11-08T09:11:14.742000Z,11,p,0.383,0.002207
5722,2018-11-08T09:11:14.770500Z,12,s,0.431,0.005328
5723,2018-11-08T09:11:14.783500Z,13,p,0.431,0.004146
5724,2018-11-08T09:11:14.895500Z,18,s,0.31,0.006617
5725,2018-11-08T09:11:16.598500Z,5,s,0.355,0.004
5726,2018-11-08T09:11:16.674500Z,8,s,0.439,0.002582
5727,2018-11-08T09:11:16.863500Z,17,s,0.322,0.002789
5728,2018-11-08T09:11:17.351500Z,4,p,0.342,0.00159
5729,2018-11-08T09:11:17.991500Z,19,p,0.374,0.003228
5730,2018-11-08T09:11:19.290500Z,2,s,0.388,0.002792
5731,2018-11-08T09:11:19.386500Z,6,s,0.354,0.00799
5732,2018-11-08T09:11:19.696500Z,18,s,0.505,0.00767
5733,2018-11-08T09:11:20.832500Z,2,s,0.364,0.001908
5734,2018-11-08T09:11:20.912000Z,6,s,0.496,0.004663
5735,2018-11-08T09:11:21.023500Z,12,s,0.311,0.003359
5736,2018-11-08T09:11:24.000500Z,19,s,0.387,0.002289
5737,2018-11-08T09:11:25.219500Z,5,s,0.379,0.002083
5738,2018-11-08T09:11:25.246000Z,6,s,0.393,0.002076
5739,2018-11-08T09:11:25.501000Z,18,s,0.369,0.002737
5740,2018-11-08T09:11:26.143500Z,5,s,0.359,0.002066
5741,2018-11-08T09:11:26.414500Z,18,s,0.413,0.002705
5742,2018-11-08T09:11:27.919500Z,5,s,0.392,0.002202
5743,2018-11-08T09:11:28.046500Z,12,s,0.355,0.00231
5744,2018-11-08T09:11:28.060000Z,13,p,0.449,0.002561
5745,2018-11-08T09:11:28.186000Z,18,p,0.436,0.002385
5746,2018-11-08T09:11:30.335500Z,6,s,0.338,0.002674
5747,2018-11-08T09:11:30.502500Z,13,s,0.323,0.002085
5748,2018-11-08T09:11:36.102500Z,18,s,0.352,0.005348
5749,2018-11-08T09:11:36.567500Z,2,s,0.394,0.002653
5750,2018-11-08T09:11:36.632500Z,5,s,0.36,0.005889
5751,2018-11-08T09:11:48.782500Z,4,p,0.379,0.002035
5752,2018-11-08T09:11:48.815500Z,6,s,0.363,0.003086
5753,2018-11-08T09:11:49.093500Z,18,s,0.306,0.002946
5754,2018-11-08T09:11:57.214500Z,6,s,0.33,0.003239
5755,2018-11-08T09:11:57.466500Z,18,s,0.328,0.003703
5756,2018-11-08T09:12:00.983500Z,5,s,0.322,0.003205
5757,2018-11-08T09:12:00.994500Z,6,s,0.375,0.00288
5758,2018-11-08T09:12:24.890000Z,24,p,0.984,0.1335
5759,2018-11-08T09:12:24.895500Z,23,p,0.984,0.1573
5760,2018-11-08T09:12:24.900000Z,22,p,0.974,0.1168
5761,2018-11-08T09:12:24.905500Z,21,p,0.987,0.1082
5762,2018-11-08T09:12:24.911500Z,20,p,0.986,0.05628
5763,2018-11-08T09:12:24.916000Z,19,p,0.975,0.06987
5764,2018-11-08T09:12:24.922000Z,18,p,0.983,0.07428
5765,2018-11-08T09:12:24.927500Z,17,p,0.984,0.04211
5766,2018-11-08T09:12:24.932500Z,16,p,0.977,0.04763
5767,2018-11-08T09:12:24.939000Z,15,p,0.982,0.02701
5768,2018-11-08T09:12:24.944000Z,14,p,0.981,0.01925
5769,2018-11-08T09:12:24.951000Z,13,p,0.98,0.0293
5770,2018-11-08T09:12:24.955000Z,24,s,0.959,0.06904
5771,2018-11-08T09:12:24.956000Z,12,p,0.957,0.03639
5772,2018-11-08T09:12:24.961000Z,11,p,0.984,0.02395
5773,2018-11-08T09:12:24.964000Z,23,s,0.961,0.0843
5774,2018-11-08T09:12:24.967500Z,10,p,0.96,0.01856
5775,2018-11-08T09:12:24.971500Z,9,p,0.982,0.01015
5776,2018-11-08T09:12:24.972000Z,22,s,0.957,0.03875
5777,2018-11-08T09:12:24.977000Z,8,p,0.971,0.01017
5778,2018-11-08T09:12:24.981500Z,21,s,0.966,0.04044
5779,2018-11-08T09:12:24.983000Z,7,p,0.977,0.007488
5780,2018-11-08T09:12:24.987500Z,6,p,0.961,0.007133
5781,2018-11-08T09:12:24.990500Z,20,s,0.918,0.02819
5782,2018-11-08T09:12:24.993500Z,5,p,0.975,0.005458
5783,2018-11-08T09:12:24.997000Z,4,p,0.962,0.007829
5784,2018-11-08T09:12:24.997500Z,19,s,0.967,0.01873
5785,2018-11-08T09:12:25.003500Z,3,p,0.963,0.006605
5786,2018-11-08T09:12:25.007000Z,2,p,0.852,0.006517
5787,2018-11-08T09:12:25.007000Z,18,s,0.853,0.03082
5788,2018-11-08T09:12:25.014500Z,1,p,0.866,0.004347
5789,2018-11-08T09:12:25.017500Z,17,s,0.871,0.01579
5790,2018-11-08T09:12:25.024000Z,12,s,0.759,0.009372
5791,2018-11-08T09:12:25.027000Z,16,s,0.787,0.0139
5792,2018-11-08T09:12:25.036000Z,15,s,0.747,0.01169
5793,2018-11-08T09:12:25.049000Z,14,s,0.637,0.009221
5794,2018-11-08T09:12:25.059000Z,13,s,0.705,0.01062
5795,2018-11-08T09:12:25.080500Z,11,s,0.702,0.00608
5796,2018-11-08T09:12:25.094000Z,10,s,0.534,0.01044
5797,2018-11-08T09:12:25.100500Z,9,s,0.815,0.008039
5798,2018-11-08T09:12:25.114500Z,8,s,0.848,0.007062
5799,2018-11-08T09:12:25.116500Z,7,s,0.688,0.004958
5800,2018-11-08T09:12:25.123500Z,6,s,0.687,0.005142
5801,2018-11-08T09:12:25.136500Z,5,s,0.902,0.004281
5802,2018-11-08T09:12:25.145000Z,4,s,0.855,0.007829
5803,2018-11-08T09:12:25.152000Z,3,s,0.757,0.006605
5804,2018-11-08T09:12:25.162500Z,2,s,0.791,0.006517
5805,2018-11-08T09:12:25.164000Z,1,s,0.739,0.004347
5806,2018-11-08T09:12:25.831500Z,6,s,0.403,0.002341
5807,2018-11-08T09:12:25.958500Z,13,p,0.603,0.00172
5808,2018-11-08T09:12:41.580000Z,8,s,0.36,0.002672
5809,2018-11-08T09:12:59.968500Z,3,p,0.314,0.003582
5810,2018-11-08T09:13:10.131500Z,12,p,0.303,0.002609
5811,2018-11-08T09:13:22.194500Z,18,s,0.388,0.00316
5812,2018-11-08T09:13:44.654500Z,6,s,0.308,0.002017
5813,2018-11-08T09:13:50.111500Z,2,s,0.31,0.002271
5814,2018-11-08T09:13:50.190500Z,6,s,0.512,0.003934
5815,2018-11-08T09:13:50.338500Z,13,p,0.334,0.00289
5816,2018-11-08T09:13:50.439500Z,18,s,0.301,0.0049
5817,2018-11-08T09:13:51.423500Z,2,p,0.49,0.002293
5818,2018-11-08T09:13:52.836500Z,5,s,0.462,0.001802
5819,2018-11-08T09:13:56.848500Z,2,p,0.526,0.001864
5820,2018-11-08T09:13:57.066500Z,13,p,0.553,0.002517
5821,2018-11-08T09:13:59.642500Z,5,s,0.403,0.002862
5822,2018-11-08T09:15:01.285500Z,1,s,0.391,0.00302
5823,2018-11-08T09:15:48.728500Z,11,s,0.749,0.004094
5824,2018-11-08T09:15:52.652000Z,4,p,0.497,0.00643
5825,2018-11-08T09:15:52.653000Z,4,s,0.428,0.00643
5826,2018-11-08T09:15:55.142500Z,20,s,0.685,0.00355
5827,2018-11-08T09:15:55.304500Z,20,p,0.374,0.003299
5828,2018-11-08T09:16:07.407500Z,17,s,0.373,0.002015
5829,2018-11-08T09:16:26.798000Z,20,s,0.589,0.001999
5830,2018-11-08T09:16:31.163500Z,21,s,0.732,0.004969
5831,2018-11-08T09:16:31.164500Z,22,s,0.853,0.009876
5832,2018-11-08T09:16:52.005500Z,3,p,0.541,0.002968
5833,2018-11-08T09:18:43.681500Z,1,s,0.44,0.002132
5834,2018-11-08T09:19:02.492500Z,22,s,0.547,0.002598
5835,2018-11-08T09:19:12.936500Z,23,s,0.574,0.002907
5836,2018-11-08T09:20:12.079500Z,6,s,0.308,0.00196
5837,2018-11-08T09:20:34.274500Z,5,s,0.601,0.002752
5838,2018-11-08T09:20:47.938500Z,22,s,0.549,0.003433
5839,2018-11-08T09:21:20.238500Z,5,s,0.326,0.001751
5840,2018-11-08T09:21:33.680500Z,5,p,0.398,0.002053
5841,2018-11-08T09:22:00.241000Z,20,s,0.782,0.003288
5842,2018-11-08T09:22:20.115500Z,24,p,0.79,0.004046
5843,2018-11-08T09:22:20.119500Z,23,p,0.965,0.004636
5844,2018-11-08T09:22:20.125000Z,22,p,0.921,0.00419
5845,2018-11-08T09:22:20.129500Z,21,p,0.841,0.003724
5846,2018-11-08T09:22:20.136000Z,20,p,0.811,0.002746
5847,2018-11-08T09:22:20.140500Z,19,p,0.867,0.003112
5848,2018-11-08T09:22:20.149500Z,17,p,0.301,0.002173
5849,2018-11-08T09:22:20.171500Z,24,s,0.607,0.004046
5850,2018-11-08T09:22:20.181500Z,23,s,0.933,0.002974
5851,2018-11-08T09:22:20.189500Z,22,s,0.8,0.002193
5852,2018-11-08T09:22:20.197000Z,21,s,0.844,0.003164
5853,2018-11-08T09:22:20.210000Z,20,s,0.679,0.002256
5854,2018-11-08T09:22:20.219000Z,19,s,0.792,0.002002
5855,2018-11-08T09:23:00.845500Z,23,s,0.795,0.00273
5856,2018-11-08T09:23:29.584500Z,15,p,0.398,0.004042
5857,2018-11-08T09:24:04.005500Z,17,p,0.472,0.002429
5858,2018-11-08T09:24:10.068500Z,16,p,0.309,0.003865
5859,2018-11-08T09:25:06.150500Z,23,s,0.35,0.002324
5860,2018-11-08T09:25:07.672500Z,8,s,0.504,0.004554
5861,2018-11-08T09:25:14.502000Z,22,s,0.35,0.002353
5862,2018-11-08T09:27:04.108500Z,17,s,0.313,0.005991
5863,2018-11-08T09:27:09.569000Z,21,p,0.381,0.005697
5864,2018-11-08T09:28:04.550000Z,5,s,0.83,0.002969
5865,2018-11-08T09:28:59.309500Z,22,s,0.578,0.002514
5866,2018-11-08T09:29:53.428000Z,20,p,0.371,0.003065
5867,2018-11-08T09:29:53.583000Z,20,s,0.742,0.003065
5868,2018-11-08T09:30:49.174500Z,23,s,0.67,0.009806
5869,2018-11-08T09:31:18.045500Z,11,s,0.844,0.003296
5870,2018-11-08T09:31:50.677500Z,17,s,0.582,0.006808
5871,2018-11-08T09:32:41.221500Z,23,p,0.487,0.01463
5872,2018-11-08T09:32:41.269500Z,23,s,0.884,0.01463
5873,2018-11-08T09:33:07.122500Z,13,s,0.6,0.002452
5874,2018-11-08T09:33:10.368500Z,13,s,0.637,0.002932
5875,2018-11-08T09:33:10.390500Z,12,s,0.642,0.002749
5876,2018-11-08T09:33:34.910000Z,13,p,0.405,0.01436
5877,2018-11-08T09:33:34.910000Z,16,p,0.81,0.01112
5878,2018-11-08T09:33:34.911000Z,15,s,0.81,0.004666
5879,2018-11-08T09:33:34.920000Z,16,s,0.514,0.01112
5880,2018-11-08T09:33:34.930000Z,14,s,0.485,0.005919
5881,2018-11-08T09:33:34.951000Z,13,s,0.934,0.01436
5882,2018-11-08T09:33:34.958500Z,18,s,0.633,0.004844
5883,2018-11-08T09:33:34.972000Z,12,s,0.815,0.01103
5884,2018-11-08T09:33:34.993500Z,11,s,0.902,0.006637
5885,2018-11-08T09:33:35.010000Z,10,p,0.425,0.002394
5886,2018-11-08T09:33:35.029500Z,22,s,0.349,0.002391
5887,2018-11-08T09:33:35.055500Z,8,s,0.575,0.004276
5888,2018-11-08T09:34:15.037500Z,5,s,0.358,0.003466
5889,2018-11-08T09:36:00.014500Z,20,p,0.321,0.002554
5890,2018-11-08T09:36:00.287500Z,20,s,0.329,0.002554
5891,2018-11-08T09:38:53.637500Z,3,s,0.669,0.003869
5892,2018-11-08T09:39:19.765500Z,11,s,0.693,0.003361
5893,2018-11-08T09:39:52.968500Z,6,p,0.612,0.00179
5894,2018-11-08T09:40:09.908000Z,5,s,0.553,0.002267
5895,2018-11-08T09:40:24.335500Z,11,p,0.332,0.001937
5896,2018-11-08T09:43:42.248000Z,11,p,0.409,0.003125
5897,2018-11-08T09:43:42.436500Z,11,s,0.87,0.003125
5898,2018-11-08T09:43:53.238500Z,20,s,0.73,0.003344
5899,2018-11-08T09:44:03.506500Z,2,s,0.402,0.001894
5900,2018-11-08T09:44:03.573000Z,5,s,0.459,0.002819
5901,2018-11-08T09:44:03.592500Z,6,s,0.363,0.002599
5902,2018-11-08T09:44:03.711500Z,12,s,0.453,0.002254
5903,2018-11-08T09:44:03.735500Z,13,s,0.315,0.002051
5904,2018-11-08T09:44:03.839500Z,18,s,0.427,0.002316
5905,2018-11-08T09:44:20.240500Z,8,s,0.54,0.003678
5906,2018-11-08T09:44:34.490500Z,20,s,0.317,0.0022
5907,2018-11-08T09:44:52.123500Z,17,s,0.309,0.001901
5908,2018-11-08T09:45:07.190000Z,1,p,0.836,0.002598
5909,2018-11-08T09:45:07.277500Z,1,s,0.891,0.002598
5910,2018-11-08T09:45:51.493500Z,23,p,0.526,0.007788
5911,2018-11-08T09:45:51.595000Z,23,s,0.868,0.007788
5912,2018-11-08T09:46:14.803500Z,20,s,0.402,0.001743
5913,2018-11-08T09:46:33.450500Z,22,p,0.317,0.00227
5914,2018-11-08T09:46:33.624500Z,22,s,0.57,0.00227
5915,2018-11-08T09:46:55.036500Z,5,p,0.388,0.002371
5916,2018-11-08T09:46:55.149500Z,5,s,0.716,0.002371
5917,2018-11-08T09:46:57.150000Z,11,s,0.903,0.003818
5918,2018-11-08T09:47:55.829500Z,16,s,0.304,0.005228
5919,2018-11-08T09:48:11.605500Z,22,s,0.412,0.002135
5920,2018-11-08T09:49:56.974000Z,4,s,0.559,0.00582
5921,2018-11-08T09:51:54.669500Z,3,s,0.45,0.001698
5922,2018-11-08T09:52:55.741500Z,23,s,0.844,0.004041
5923,2018-11-08T09:53:46.186500Z,21,p,0.525,0.001724
5924,2018-11-08T09:54:35.701000Z,5,s,0.803,0.002491
5925,2018-11-08T09:55:03.244000Z,11,p,0.407,0.004032
5926,2018-11-08T09:55:03.357500Z,11,s,0.832,0.004032
5927,2018-11-08T09:57:32.582500Z,20,s,0.376,0.001895
5928,2018-11-08T09:57:58.342000Z,20,s,0.708,0.003062
5929,2018-11-08T09:59:33.128000Z,11,s,0.787,0.002457
5930,2018-11-08T10:00:02.034000Z,11,s,0.799,0.003264
5931,2018-11-08T10:00:06.746000Z,19,p,0.413,0.003796
5932,2018-11-08T10:00:06.892500Z,19,s,0.363,0.003796
5933,2018-11-08T10:00:25.437500Z,1,s,0.421,0.002727
5934,2018-11-08T10:00:36.231000Z,11,s,0.8,0.003097
5935,2018-11-08T10:00:40.750500Z,7,p,0.353,0.002663
5936,2018-11-08T10:00:42.593500Z,22,s,0.45,0.002465
5937,2018-11-08T10:00:43.724000Z,24,p,0.511,0.006916
5938,2018-11-08T10:01:15.061500Z,11,s,0.374,0.002965
5939,2018-11-08T10:01:54.430500Z,11,s,0.844,0.003156
5940,2018-11-08T10:02:30.034000Z,21,s,0.547,0.001816
5941,2018-11-08T10:02:38.486500Z,11,s,0.848,0.003363
5942,2018-11-08T10:02:45.061500Z,23,s,0.349,0.001942
5943,2018-11-08T10:02:50.467000Z,11,s,0.894,0.003881
5944,2018-11-08T10:03:05.758000Z,23,s,0.442,0.00202
5945,2018-11-08T10:03:21.374500Z,6,s,0.45,0.001921
5946,2018-11-08T10:03:35.577000Z,5,s,0.902,0.004629
5947,2018-11-08T10:04:05.914000Z,20,s,0.827,0.00344
5948,2018-11-08T10:04:06.778500Z,18,s,0.553,0.002481
5949,2018-11-08T10:04:21.424500Z,5,p,0.393,0.003385
5950,2018-11-08T10:04:21.495000Z,5,s,0.737,0.003385
5951,2018-11-08T10:05:41.135500Z,11,s,0.383,0.001492
5952,2018-11-08T10:05:43.516000Z,20,p,0.671,0.001871
5953,2018-11-08T10:05:43.742000Z,20,s,0.613,0.001871
5954,2018-11-08T10:05:44.953500Z,11,s,0.361,0.00167
5955,2018-11-08T10:07:02.939500Z,10,s,0.546,0.001314
5956,2018-11-08T10:07:03.798000Z,20,s,0.497,0.00165
5957,2018-11-08T10:07:09.345500Z,5,s,0.55,0.0039
5958,2018-11-08T10:07:32.096000Z,24,s,0.465,0.007125
5959,2018-11-08T10:07:44.834500Z,23,s,0.331,0.002102
5960,2018-11-08T10:08:01.653500Z,22,s,0.328,0.002126
5961,2018-11-08T10:08:03.615500Z,23,p,0.975,0.2888
5962,2018-11-08T10:08:03.641500Z,23,s,0.964,0.2888
5963,2018-11-08T10:08:16.971500Z,10,p,0.407,0.006277
5964,2018-11-08T10:08:17.040000Z,10,s,0.763,0.006277
5965,2018-11-08T10:08:31.733500Z,11,s,0.671,0.002425
5966,2018-11-08T10:08:34.995000Z,11,s,0.856,0.002465
5967,2018-11-08T10:08:38.205500Z,11,p,0.791,0.0023
5968,2018-11-08T10:08:38.321000Z,11,s,0.826,0.0023
5969,2018-11-08T10:08:40.829500Z,11,s,0.393,0.002497
5970,2018-11-08T10:08:42.195500Z,11,s,0.677,0.002564
5971,2018-11-08T10:08:43.544000Z,11,s,0.756,0.002479
5972,2018-11-08T10:08:45.883000Z,11,s,0.836,0.00259
5973,2018-11-08T10:08:47.768000Z,11,s,0.74,0.002558
5974,2018-11-08T10:08:49.642000Z,11,s,0.787,0.002801
5975,2018-11-08T10:09:16.736500Z,18,s,0.446,0.00321
5976,2018-11-08T10:09:59.692500Z,11,p,0.445,0.003222
5977,2018-11-08T10:09:59.840500Z,11,s,0.728,0.003222
5978,2018-11-08T10:10:01.862000Z,11,p,0.331,0.002049
5979,2018-11-08T10:10:02.923500Z,3,p,0.629,0.004278
5980,2018-11-08T10:10:06.624500Z,17,s,0.643,0.002253
5981,2018-11-08T10:10:19.877500Z,11,s,0.44,0.002294
5982,2018-11-08T10:10:23.253500Z,22,s,0.33,0.002565
5983,2018-11-08T10:10:42.229500Z,5,s,0.684,0.002715
5984,2018-11-08T10:10:58.169000Z,11,s,0.878,0.003722
5985,2018-11-08T10:11:52.486000Z,21,p,0.35,0.001837
5986,2018-11-08T10:12:01.286500Z,20,s,0.558,0.003583
5987,2018-11-08T10:12:28.933500Z,22,s,0.345,0.002967
5988,2018-11-08T10:14:37.244000Z,20,p,0.362,0.00154
5989,2018-11-08T10:14:37.416500Z,20,s,0.487,0.00154
5990,2018-11-08T10:15:42.088500Z,24,s,0.644,0.006255
5991,2018-11-08T10:15:58.529500Z,1,s,0.599,0.00233
5992,2018-11-08T10:16:13.931500Z,20,p,0.336,0.001891
5993,2018-11-08T10:16:14.150500Z,20,s,0.593,0.001891
5994,2018-11-08T10:16:46.733500Z,5,s,0.825,0.002956
5995,2018-11-08T10:16:49.054000Z,23,s,0.322,0.003368
5996,2018-11-08T10:17:40.972500Z,20,p,0.462,0.001604
5997,2018-11-08T10:17:41.198000Z,20,s,0.544,0.001604
5998,2018-11-08T10:17:50.638500Z,13,s,0.454,0.004313
5999,2018-11-08T10:17:50.660500Z,12,p,0.457,0.003122
6000,2018-11-08T10:18:07.995000Z,20,s,0.861,0.002911
6001,2018-11-08T10:18:51.353000Z,11,s,0.788,0.00329
6002,2018-11-08T10:19:12.374500Z,17,s,0.555,0.002352
6003,2018-11-08T10:19:16.695500Z,18,p,0.512,0.006099
6004,2018-11-08T10:19:16.888500Z,18,s,0.344,0.006099
6005,2018-11-08T10:20:39.575500Z,17,s,0.323,0.001611
6006,2018-11-08T10:21:01.043500Z,5,p,0.709,0.002246
6007,2018-11-08T10:21:09.845500Z,22,p,0.321,0.002485
6008,2018-11-08T10:21:18.203500Z,1,s,0.518,0.001844
6009,2018-11-08T10:21:21.588500Z,2,p,0.324,0.002852
6010,2018-11-08T10:21:21.684000Z,2,s,0.335,0.002852
6011,2018-11-08T10:21:53.045500Z,22,p,0.559,0.002725
6012,2018-11-08T10:21:53.156000Z,22,s,0.702,0.002725
6013,2018-11-08T10:22:44.217500Z,4,s,0.321,0.005916
6014,2018-11-08T10:22:44.220000Z,4,p,0.659,0.005916
6015,2018-11-08T10:22:44.463000Z,4,s,0.487,0.002099
6016,2018-11-08T10:23:34.105500Z,24,s,0.48,0.006373
6017,2018-11-08T10:23:44.733500Z,10,p,0.784,0.01698
6018,2018-11-08T10:23:44.734500Z,9,p,0.828,0.02884
6019,2018-11-08T10:23:44.751500Z,10,s,0.363,0.006989
6020,2018-11-08T10:23:45.452000Z,9,p,0.4,0.00163
6021,2018-11-08T10:23:57.599500Z,20,s,0.41,0.001959
6022,2018-11-08T10:24:12.544500Z,22,s,0.627,0.003434
6023,2018-11-08T10:25:36.447500Z,20,s,0.405,0.002138
6024,2018-11-08T10:25:40.379500Z,17,s,0.321,0.002108
6025,2018-11-08T10:25:44.590500Z,17,s,0.469,0.005205
6026,2018-11-08T10:25:45.623500Z,10,s,0.628,0.008488
6027,2018-11-08T10:25:45.940500Z,8,s,0.312,0.003011
6028,2018-11-08T10:25:53.038500Z,6,s,0.601,0.00228
6029,2018-11-08T10:26:00.709000Z,20,s,0.793,0.003598
6030,2018-11-08T10:26:25.619000Z,6,p,0.365,0.00529
6031,2018-11-08T10:26:25.625500Z,6,s,0.567,0.00529
6032,2018-11-08T10:26:51.695500Z,16,s,0.434,0.005182
6033,2018-11-08T10:26:58.598500Z,11,s,0.79,0.00364
6034,2018-11-08T10:27:23.309500Z,12,s,0.483,0.003109
6035,2018-11-08T10:27:30.203500Z,6,p,0.335,0.002974
6036,2018-11-08T10:28:28.860000Z,23,s,0.505,0.004047
6037,2018-11-08T10:29:32.495500Z,6,s,0.452,0.002159
6038,2018-11-08T10:29:36.874000Z,6,p,0.527,0.004905
6039,2018-11-08T10:29:37.010000Z,6,s,0.854,0.004905
6040,2018-11-08T10:29:57.510500Z,1,s,0.558,0.002523
6041,2018-11-08T10:29:58.454500Z,22,p,0.348,0.002857
6042,2018-11-08T10:29:58.592500Z,22,s,0.613,0.002857
6043,2018-11-08T10:31:04.349000Z,23,s,0.772,0.002997
6044,2018-11-08T10:31:16.927500Z,1,p,0.596,0.002789
6045,2018-11-08T10:31:17.024500Z,1,s,0.768,0.002789
6046,2018-11-08T10:32:03.176500Z,5,s,0.443,0.003004
6047,2018-11-08T10:32:07.470500Z,20,s,0.57,0.00338
6048,2018-11-08T10:32:23.442500Z,6,s,0.624,0.003262
6049,2018-11-08T10:32:47.125500Z,16,s,0.338,0.001635
6050,2018-11-08T10:33:33.884500Z,20,p,0.54,0.001984
6051,2018-11-08T10:33:34.086500Z,20,s,0.577,0.001984
6052,2018-11-08T10:33:55.726500Z,23,p,0.595,0.002572
6053,2018-11-08T10:33:55.845500Z,23,s,0.519,0.002572
6054,2018-11-08T10:34:10.706500Z,17,s,0.412,0.00253
6055,2018-11-08T10:34:14.143500Z,2,s,0.322,0.001578
6056,2018-11-08T10:34:32.877500Z,11,s,0.436,0.004273
6057,2018-11-08T10:34:56.831500Z,7,s,0.773,0.003795
6058,2018-11-08T10:35:00.270500Z,11,p,0.357,0.003514
6059,2018-11-08T10:36:02.141500Z,10,s,0.415,0.001599
6060,2018-11-08T10:36:02.143500Z,8,s,0.345,0.002252
6061,2018-11-08T10:36:02.146500Z,9,s,0.423,0.002602
6062,2018-11-08T10:36:02.149500Z,4,s,0.371,0.002675
6063,2018-11-08T10:37:08.981500Z,20,s,0.417,0.001925
6064,2018-11-08T10:37:16.619000Z,1,p,0.718,0.00296
6065,2018-11-08T10:37:16.639000Z,2,p,0.839,0.005719
6066,2018-11-08T10:37:16.658000Z,3,p,0.513,0.002874
6067,2018-11-08T10:37:16.680000Z,4,p,0.952,0.00409
6068,2018-11-08T10:37:16.702000Z,5,p,0.52,0.003931
6069,2018-11-08T10:37:16.724500Z,6,s,0.633,0.004114
6070,2018-11-08T10:37:16.759000Z,8,p,0.611,0.002926
6071,2018-11-08T10:37:16.782500Z,1,p,0.831,0.004231
6072,2018-11-08T10:37:16.785500Z,9,p,0.602,0.003249
6073,2018-11-08T10:37:16.802500Z,10,p,0.338,0.002021
6074,2018-11-08T10:37:16.804000Z,2,s,0.735,0.005127
6075,2018-11-08T10:37:16.825000Z,3,s,0.731,0.002874
6076,2018-11-08T10:37:16.827500Z,11,p,0.849,0.002436
6077,2018-11-08T10:37:16.843500Z,1,s,0.754,0.003158
6078,2018-11-08T10:37:16.845000Z,4,s,0.745,0.003641
6079,2018-11-08T10:37:16.863500Z,5,s,0.307,0.002586
6080,2018-11-08T10:37:16.867500Z,13,p,0.887,0.004838
6081,2018-11-08T10:37:16.956500Z,9,s,0.707,0.002478
6082,2018-11-08T10:37:16.968000Z,18,s,0.469,0.003419
6083,2018-11-08T10:37:16.993500Z,11,s,0.339,0.001634
6084,2018-11-08T10:37:17.010500Z,12,s,0.367,0.002522
6085,2018-11-08T10:37:17.050500Z,11,s,0.665,0.002436
6086,2018-11-08T10:37:17.069500Z,12,s,0.466,0.003043
6087,2018-11-08T10:37:17.092000Z,13,s,0.709,0.003168
6088,2018-11-08T10:37:59.193500Z,13,s,0.309,0.001766
6089,2018-11-08T10:38:01.222500Z,8,s,0.409,0.001598
6090,2018-11-08T10:38:12.015000Z,24,p,0.959,0.01301
6091,2018-11-08T10:38:12.017500Z,23,p,0.928,0.01248
6092,2018-11-08T10:38:12.018000Z,22,p,0.764,0.01185
6093,2018-11-08T10:38:12.030000Z,21,p,0.874,0.0111
6094,2018-11-08T10:38:12.036500Z,20,p,0.706,0.00896
6095,2018-11-08T10:38:12.039500Z,19,p,0.94,0.006407
6096,2018-11-08T10:38:12.044500Z,18,p,0.758,0.006023
6097,2018-11-08T10:38:12.050000Z,17,p,0.736,0.007547
6098,2018-11-08T10:38:12.054000Z,16,p,0.86,0.00843
6099,2018-11-08T10:38:12.057500Z,15,p,0.559,0.005846
6100,2018-11-08T10:38:12.067500Z,14,p,0.892,0.00496
6101,2018-11-08T10:38:12.073500Z,13,p,0.961,0.004783
6102,2018-11-08T10:38:12.077500Z,12,p,0.854,0.00387
6103,2018-11-08T10:38:12.079500Z,7,p,0.482,0.002525
6104,2018-11-08T10:38:12.099500Z,2,p,0.316,0.001954
6105,2018-11-08T10:38:12.101500Z,24,s,0.962,0.01301
6106,2018-11-08T10:38:12.102000Z,8,p,0.83,0.003374
6107,2018-11-08T10:38:12.104500Z,11,p,0.417,0.003063
6108,2018-11-08T10:38:12.110500Z,23,s,0.946,0.01248
6109,2018-11-08T10:38:12.118000Z,4,p,0.657,0.001436
6110,2018-11-08T10:38:12.118000Z,22,s,0.946,0.01185
6111,2018-11-08T10:38:12.118500Z,10,p,0.382,0.003094
6112,2018-11-08T10:38:12.119000Z,9,p,0.599,0.002639
6113,2018-11-08T10:38:12.126000Z,21,s,0.926,0.0111
6114,2018-11-08T10:38:12.137000Z,20,s,0.948,0.00896
6115,2018-11-08T10:38:12.143500Z,4,p,0.385,0.00234
6116,2018-11-08T10:38:12.146000Z,19,s,0.935,0.006407
6117,2018-11-08T10:38:12.148000Z,3,p,0.756,0.002755
6118,2018-11-08T10:38:12.153000Z,18,s,0.862,0.006023
6119,2018-11-08T10:38:12.162500Z,17,s,0.832,0.007547
6120,2018-11-08T10:38:12.175000Z,16,s,0.943,0.00843
6121,2018-11-08T10:38:12.183000Z,15,s,0.912,0.005846
6122,2018-11-08T10:38:12.192000Z,14,s,0.913,0.00496
6123,2018-11-08T10:38:12.204000Z,13,s,0.863,0.004783
6124,2018-11-08T10:38:12.210000Z,12,s,0.857,0.00387
6125,2018-11-08T10:38:12.222500Z,11,s,0.778,0.003063
6126,2018-11-08T10:38:12.230000Z,10,s,0.861,0.003094
6127,2018-11-08T10:38:12.237000Z,9,s,0.834,0.002639
6128,2018-11-08T10:38:12.246500Z,8,s,0.813,0.003374
6129,2018-11-08T10:38:12.254000Z,7,s,0.874,0.002525
6130,2018-11-08T10:38:12.262500Z,6,s,0.635,0.001881
6131,2018-11-08T10:38:12.272000Z,5,s,0.784,0.002124
6132,2018-11-08T10:38:12.284500Z,4,s,0.868,0.00234
6133,2018-11-08T10:38:12.294000Z,3,s,0.86,0.002755
6134,2018-11-08T10:38:12.301500Z,2,s,0.664,0.001954
6135,2018-11-08T10:38:12.334500Z,1,s,0.666,0.002071
6136,2018-11-08T10:39:58.350500Z,20,p,0.39,0.003882
6137,2018-11-08T10:39:58.466500Z,20,s,0.702,0.003882
6138,2018-11-08T10:41:04.165500Z,2,s,0.536,0.00195
6139,2018-11-08T10:41:24.181500Z,5,s,0.747,0.003302
6140,2018-11-08T10:42:23.886500Z,11,p,0.559,0.004099
6141,2018-11-08T10:42:23.978000Z,11,s,0.48,0.004099
6142,2018-11-08T10:42:51.774500Z,7,s,0.472,0.001883
6143,2018-11-08T10:42:51.775500Z,4,s,0.341,0.00234
6144,2018-11-08T10:42:51.775500Z,2,s,0.394,0.001984
6145,2018-11-08T10:42:51.775500Z,12,s,0.333,0.00188
6146,2018-11-08T10:42:51.776500Z,1,s,0.458,0.002038
6147,2018-11-08T10:42:51.778000Z,9,p,0.524,0.002649
6148,2018-11-08T10:42:51.779000Z,8,p,0.355,0.002142
6149,2018-11-08T10:42:51.780500Z,8,s,0.309,0.002142
6150,2018-11-08T10:42:51.781500Z,3,s,0.306,0.001782
6151,2018-11-08T10:42:53.312500Z,16,s,0.341,0.001792
6152,2018-11-08T10:43:11.246500Z,10,s,0.394,0.002586
6153,2018-11-08T10:43:11.248500Z,2,s,0.532,0.003124
6154,2018-11-08T10:43:11.250500Z,4,s,0.355,0.003014
6155,2018-11-08T10:43:11.253500Z,1,s,0.354,0.002549
6156,2018-11-08T10:43:11.256500Z,6,s,0.438,0.002662
6157,2018-11-08T10:43:11.258500Z,3,s,0.393,0.002625
6158,2018-11-08T10:46:03.057000Z,20,s,0.739,0.002673
6159,2018-11-08T10:46:35.680500Z,1,s,0.775,0.00247
6160,2018-11-08T10:46:55.253500Z,23,p,0.38,0.002302
6161,2018-11-08T10:46:55.377500Z,23,s,0.4,0.002302
6162,2018-11-08T10:47:07.957500Z,20,p,0.642,0.002291
6163,2018-11-08T10:47:08.078000Z,20,s,0.475,0.002291
6164,2018-11-08T10:47:15.383500Z,11,p,0.429,0.001742
6165,2018-11-08T10:47:15.383500Z,10,s,0.418,0.00175
6166,2018-11-08T10:47:15.383500Z,8,p,0.349,0.002164
6167,2018-11-08T10:47:15.383500Z,3,s,0.347,0.001811
6168,2018-11-08T10:47:15.386500Z,2,s,0.459,0.002021
6169,2018-11-08T10:47:15.389500Z,4,s,0.314,0.001642
6170,2018-11-08T10:48:27.836000Z,23,s,0.61,0.002694
6171,2018-11-08T10:49:14.940000Z,19,s,0.454,0.001626
6172,2018-11-08T10:49:14.940500Z,1,s,0.443,0.002008
6173,2018-11-08T10:49:14.941500Z,13,p,0.328,0.001887
6174,2018-11-08T10:49:14.942000Z,10,s,0.497,0.002145
6175,2018-11-08T10:49:14.943500Z,5,s,0.312,0.002219
6176,2018-11-08T10:49:14.943500Z,4,s,0.338,0.002758
6177,2018-11-08T10:49:14.945500Z,11,p,0.513,0.002644
6178,2018-11-08T10:49:14.946500Z,2,s,0.466,0.002204
6179,2018-11-08T10:49:14.948000Z,9,p,0.411,0.002678
6180,2018-11-08T10:49:14.948000Z,12,s,0.515,0.002352
6181,2018-11-08T10:49:14.948000Z,3,s,0.341,0.002077
6182,2018-11-08T10:50:01.511500Z,5,s,0.687,0.003387
6183,2018-11-08T10:50:43.085000Z,11,s,0.766,0.003439
6184,2018-11-08T10:51:13.781500Z,20,s,0.64,0.002087
6185,2018-11-08T10:51:32.227500Z,23,s,0.576,0.00197
6186,2018-11-08T10:51:52.334500Z,19,p,0.503,0.003798
6187,2018-11-08T10:51:52.437500Z,19,s,0.764,0.003798
6188,2018-11-08T10:52:05.134000Z,24,p,0.966,0.00902
6189,2018-11-08T10:52:05.139000Z,23,p,0.894,0.008254
6190,2018-11-08T10:52:05.142500Z,22,p,0.892,0.004735
6191,2018-11-08T10:52:05.143500Z,20,p,0.581,0.004241
6192,2018-11-08T10:52:05.147500Z,21,p,0.935,0.002766
6193,2018-11-08T10:52:05.160000Z,19,p,0.79,0.002925
6194,2018-11-08T10:52:05.168500Z,18,p,0.652,0.00294
6195,2018-11-08T10:52:05.215000Z,24,s,0.944,0.00902
6196,2018-11-08T10:52:05.223500Z,23,s,0.951,0.008254
6197,2018-11-08T10:52:05.231000Z,22,s,0.944,0.004735
6198,2018-11-08T10:52:05.240000Z,21,s,0.926,0.002766
6199,2018-11-08T10:52:05.249000Z,20,s,0.871,0.004241
6200,2018-11-08T10:52:05.258000Z,19,s,0.899,0.002925
6201,2018-11-08T10:52:05.266500Z,18,s,0.599,0.00294
6202,2018-11-08T10:52:05.274000Z,17,s,0.524,0.002334
6203,2018-11-08T10:52:05.282500Z,16,s,0.508,0.002206
6204,2018-11-08T10:52:26.399500Z,23,s,0.383,0.001649
6205,2018-11-08T10:52:26.414500Z,20,s,0.437,0.002205
6206,2018-11-08T10:52:26.414500Z,17,s,0.369,0.001912
6207,2018-11-08T10:52:44.053500Z,20,s,0.448,0.001692
6208,2018-11-08T10:53:47.645500Z,23,p,0.418,0.003433
6209,2018-11-08T10:53:47.733500Z,23,s,0.705,0.003433
6210,2018-11-08T10:53:53.509500Z,20,s,0.657,0.003708
6211,2018-11-08T10:54:26.117500Z,17,s,0.769,0.004512
6212,2018-11-08T10:55:28.914500Z,20,s,0.43,0.001988
6213,2018-11-08T10:55:49.509500Z,19,s,0.334,0.002363
6214,2018-11-08T10:56:32.095500Z,23,s,0.365,0.002444
6215,2018-11-08T10:56:43.702000Z,5,s,0.808,0.003185
6216,2018-11-08T10:57:25.100000Z,3,s,0.634,0.004024
6217,2018-11-08T10:57:52.122000Z,7,p,0.409,0.002202
6218,2018-11-08T10:58:03.824500Z,4,s,0.426,0.006256
6219,2018-11-08T10:58:03.825500Z,4,p,0.373,0.006256
6220,2018-11-08T10:58:17.414500Z,24,p,0.382,0.004347
6221,2018-11-08T10:58:22.534500Z,9,p,0.332,0.004282
6222,2018-11-08T10:58:34.335500Z,15,p,0.331,0.001709
6223,2018-11-08T10:58:36.881500Z,5,p,0.406,0.002101
6224,2018-11-08T10:58:48.899500Z,4,s,0.334,0.002917
6225,2018-11-08T10:58:54.662000Z,19,s,0.417,0.001915
6226,2018-11-08T10:58:55.235500Z,11,s,0.852,0.00355
6227,2018-11-08T10:58:56.507500Z,24,p,0.985,0.08547
6228,2018-11-08T10:58:56.511500Z,23,p,0.983,0.1399
6229,2018-11-08T10:58:56.515500Z,22,p,0.986,0.1059
6230,2018-11-08T10:58:56.520000Z,21,p,0.977,0.06425
6231,2018-11-08T10:58:56.525500Z,20,p,0.985,0.0249
6232,2018-11-08T10:58:56.531000Z,19,p,0.982,0.0177
6233,2018-11-08T10:58:56.536000Z,18,p,0.966,0.0167
6234,2018-11-08T10:58:56.542000Z,17,p,0.978,0.02172
6235,2018-11-08T10:58:56.543500Z,24,s,0.973,0.08547
6236,2018-11-08T10:58:56.548000Z,16,p,0.982,0.01627
6237,2018-11-08T10:58:56.549500Z,23,s,0.965,0.1399
6238,2018-11-08T10:58:56.552000Z,15,p,0.932,0.009397
6239,2018-11-08T10:58:56.557500Z,14,p,0.928,0.01161
6240,2018-11-08T10:58:56.558000Z,22,s,0.963,0.1059
6241,2018-11-08T10:58:56.564000Z,13,p,0.977,0.01167
6242,2018-11-08T10:58:56.566000Z,21,s,0.951,0.06425
6243,2018-11-08T10:58:56.569500Z,12,p,0.887,0.00443
6244,2018-11-08T10:58:56.574500Z,20,s,0.962,0.0249
6245,2018-11-08T10:58:56.575500Z,11,p,0.732,0.003761
6246,2018-11-08T10:58:56.578000Z,10,p,0.321,0.004973
6247,2018-11-08T10:58:56.582500Z,19,s,0.96,0.0177
6248,2018-11-08T10:58:56.592500Z,18,s,0.955,0.0167
6249,2018-11-08T10:58:56.593000Z,8,p,0.953,0.005206
6250,2018-11-08T10:58:56.601000Z,17,s,0.964,0.02172
6251,2018-11-08T10:58:56.610000Z,5,p,0.681,0.003201
6252,2018-11-08T10:58:56.612500Z,16,s,0.858,0.01627
6253,2018-11-08T10:58:56.615500Z,4,p,0.641,0.004715
6254,2018-11-08T10:58:56.620000Z,15,s,0.938,0.009397
6255,2018-11-08T10:58:56.630000Z,14,s,0.96,0.01161
6256,2018-11-08T10:58:56.630000Z,2,p,0.713,0.002576
6257,2018-11-08T10:58:56.639500Z,3,p,0.432,0.003545
6258,2018-11-08T10:58:56.639500Z,1,p,0.322,0.002604
6259,2018-11-08T10:58:56.641000Z,13,s,0.952,0.01167
6260,2018-11-08T10:58:56.649000Z,12,s,0.847,0.00443
6261,2018-11-08T10:58:56.660000Z,11,s,0.897,0.003761
6262,2018-11-08T10:58:56.668000Z,10,s,0.834,0.004973
6263,2018-11-08T10:58:56.677500Z,9,s,0.9,0.005499
6264,2018-11-08T10:58:56.687000Z,8,s,0.931,0.005206
6265,2018-11-08T10:58:56.693500Z,7,s,0.771,0.004887
6266,2018-11-08T10:58:56.702000Z,6,s,0.785,0.003807
6267,2018-11-08T10:58:56.714000Z,5,s,0.92,0.003201
6268,2018-11-08T10:58:56.724500Z,4,s,0.837,0.004715
6269,2018-11-08T10:58:56.731500Z,3,s,0.561,0.003545
6270,2018-11-08T10:58:56.744000Z,2,s,0.875,0.002576
6271,2018-11-08T10:58:56.754500Z,1,s,0.363,0.002532
6272,2018-11-08T10:58:58.129500Z,24,p,0.986,0.4996
6273,2018-11-08T10:58:58.133500Z,23,p,0.982,0.4392
6274,2018-11-08T10:58:58.139000Z,22,p,0.983,0.3698
6275,2018-11-08T10:58:58.143500Z,21,p,0.986,0.4148
6276,2018-11-08T10:58:58.148000Z,20,p,0.984,0.2537
6277,2018-11-08T10:58:58.153000Z,19,p,0.983,0.1379
6278,2018-11-08T10:58:58.157500Z,18,p,0.981,0.1345
6279,2018-11-08T10:58:58.163000Z,17,p,0.983,0.1152
6280,2018-11-08T10:58:58.168000Z,16,p,0.985,0.1008
6281,2018-11-08T10:58:58.173500Z,15,p,0.972,0.1083
6282,2018-11-08T10:58:58.178000Z,14,p,0.97,0.08147
6283,2018-11-08T10:58:58.184500Z,13,p,0.972,0.1022
6284,2018-11-08T10:58:58.191000Z,12,p,0.978,0.0614
6285,2018-11-08T10:58:58.194500Z,11,p,0.96,0.07601
6286,2018-11-08T10:58:58.197000Z,10,p,0.946,0.1014
6287,2018-11-08T10:58:58.203000Z,9,p,0.973,0.06341
6288,2018-11-08T10:58:58.208000Z,8,p,0.951,0.1233
6289,2018-11-08T10:58:58.213500Z,7,p,0.981,0.1048
6290,2018-11-08T10:58:58.218000Z,6,p,0.97,0.09288
6291,2018-11-08T10:58:58.223000Z,5,p,0.982,0.05493
6292,2018-11-08T10:58:58.223000Z,24,s,0.965,0.4996
6293,2018-11-08T10:58:58.228000Z,4,p,0.976,0.09227
6294,2018-11-08T10:58:58.230000Z,23,s,0.959,0.4392
6295,2018-11-08T10:58:58.233000Z,3,p,0.978,0.07011
6296,2018-11-08T10:58:58.237500Z,22,s,0.97,0.3698
6297,2018-11-08T10:58:58.237500Z,2,p,0.973,0.07856
6298,2018-11-08T10:58:58.243000Z,1,p,0.974,0.03747
6299,2018-11-08T10:58:58.245000Z,21,s,0.965,0.4148
6300,2018-11-08T10:58:58.253000Z,20,s,0.938,0.2537
6301,2018-11-08T10:58:58.260500Z,19,s,0.962,0.1379
6302,2018-11-08T10:58:58.270000Z,18,s,0.94,0.1345
6303,2018-11-08T10:58:58.276500Z,17,s,0.946,0.1152
6304,2018-11-08T10:58:58.288500Z,16,s,0.853,0.1008
6305,2018-11-08T10:58:58.296500Z,15,s,0.88,0.1083
6306,2018-11-08T10:58:58.305000Z,14,s,0.953,0.08147
6307,2018-11-08T10:58:58.312000Z,13,s,0.868,0.1022
6308,2018-11-08T10:58:58.320500Z,12,s,0.877,0.0614
6309,2018-11-08T10:58:58.329000Z,11,s,0.861,0.07601
6310,2018-11-08T10:58:58.337000Z,10,s,0.913,0.1014
6311,2018-11-08T10:58:58.345000Z,9,s,0.955,0.06341
6312,2018-11-08T10:58:58.353000Z,8,s,0.943,0.1233
6313,2018-11-08T10:58:58.361000Z,7,s,0.942,0.1048
6314,2018-11-08T10:58:58.370000Z,6,s,0.948,0.09288
6315,2018-11-08T10:58:58.377000Z,5,s,0.915,0.05493
6316,2018-11-08T10:58:58.386500Z,4,s,0.954,0.09227
6317,2018-11-08T10:58:58.393000Z,3,s,0.878,0.07011
6318,2018-11-08T10:58:58.403500Z,2,s,0.942,0.07856
6319,2018-11-08T10:58:58.411500Z,1,s,0.906,0.03747
6320,2018-11-08T10:58:59.078500Z,2,p,0.545,0.002476
6321,2018-11-08T10:58:59.113500Z,12,p,0.452,0.003108
6322,2018-11-08T10:58:59.142500Z,22,p,0.396,0.00251
6323,2018-11-08T10:58:59.144500Z,19,p,0.3,0.002334
6324,2018-11-08T10:58:59.182000Z,20,p,0.469,0.003133
6325,2018-11-08T10:58:59.541500Z,17,p,0.345,0.00295
6326,2018-11-08T10:59:22.399500Z,22,p,0.411,0.002515
6327,2018-11-08T10:59:22.512500Z,22,s,0.604,0.002515
6328,2018-11-08T10:59:33.195500Z,10,s,0.457,0.002517
6329,2018-11-08T11:00:01.139000Z,20,s,0.734,0.003029
6330,2018-11-08T11:00:03.213500Z,23,s,0.326,0.002168
6331,2018-11-08T11:01:50.600500Z,1,s,0.572,0.002668
6332,2018-11-08T11:02:03.327500Z,5,p,0.818,0.002697
6333,2018-11-08T11:02:03.445000Z,5,s,0.87,0.002697
6334,2018-11-08T11:02:58.894500Z,23,s,0.302,0.002541
6335,2018-11-08T11:04:28.459500Z,2,p,0.501,0.005078
6336,2018-11-08T11:04:38.650000Z,24,p,0.476,0.006441
6337,2018-11-08T11:04:38.655500Z,23,p,0.976,0.01026
6338,2018-11-08T11:04:38.660000Z,22,s,0.417,0.006192
6339,2018-11-08T11:04:38.662000Z,22,p,0.571,0.006192
6340,2018-11-08T11:04:38.666000Z,21,p,0.759,0.005799
6341,2018-11-08T11:04:38.672000Z,20,p,0.728,0.003624
6342,2018-11-08T11:04:38.677000Z,19,p,0.6,0.003784
6343,2018-11-08T11:04:38.682000Z,18,p,0.731,0.003023
6344,2018-11-08T11:04:38.700500Z,24,s,0.405,0.006189
6345,2018-11-08T11:04:38.709000Z,23,s,0.922,0.005294
6346,2018-11-08T11:04:38.717500Z,22,s,0.332,0.002447
6347,2018-11-08T11:04:38.725000Z,21,s,0.811,0.003627
6348,2018-11-08T11:04:38.735000Z,20,s,0.768,0.003236
6349,2018-11-08T11:04:38.749500Z,18,s,0.385,0.002812
6350,2018-11-08T11:04:41.316000Z,1,p,0.791,0.002107
6351,2018-11-08T11:05:05.680500Z,8,s,0.603,0.0024
6352,2018-11-08T11:05:14.534000Z,20,s,0.502,0.001948
6353,2018-11-08T11:06:35.347500Z,11,s,0.539,0.003784
6354,2018-11-08T11:07:00.364500Z,22,p,0.39,0.001769
6355,2018-11-08T11:07:24.532500Z,5,p,0.344,0.002827
6356,2018-11-08T11:07:24.643500Z,5,s,0.711,0.002827
6357,2018-11-08T11:07:57.597500Z,20,s,0.324,0.003319
6358,2018-11-08T11:08:12.664500Z,20,s,0.68,0.002548
6359,2018-11-08T11:09:42.428000Z,5,p,0.309,0.00358
6360,2018-11-08T11:09:42.525500Z,5,s,0.876,0.00358
6361,2018-11-08T11:09:48.001500Z,3,s,0.464,0.003647
6362,2018-11-08T11:09:57.383500Z,20,s,0.415,0.001805
6363,2018-11-08T11:10:31.296500Z,10,s,0.718,0.003312
6364,2018-11-08T11:11:09.956500Z,12,p,0.302,0.002356
6365,2018-11-08T11:11:16.362500Z,17,s,0.312,0.002244
6366,2018-11-08T11:11:16.378500Z,13,s,0.56,0.002613
6367,2018-11-08T11:11:29.432500Z,23,s,0.322,0.002916
6368,2018-11-08T11:12:28.614000Z,20,s,0.727,0.002465
6369,2018-11-08T11:12:45.622500Z,13,s,0.306,0.004753
6370,2018-11-08T11:12:51.430000Z,3,s,0.398,0.002357
6371,2018-11-08T11:13:05.899500Z,5,s,0.657,0.002139
6372,2018-11-08T11:13:23.549000Z,10,p,0.32,0.01478
6373,2018-11-08T11:13:23.550000Z,9,p,0.748,0.02264
6374,2018-11-08T11:13:23.551500Z,10,s,0.564,0.01478
6375,2018-11-08T11:13:23.556000Z,9,s,0.365,0.02159
6376,2018-11-08T11:13:23.561000Z,8,p,0.537,0.003001
6377,2018-11-08T11:13:24.100000Z,9,p,0.361,0.01093
6378,2018-11-08T11:13:24.101000Z,9,s,0.566,0.01093
6379,2018-11-08T11:13:36.718500Z,6,p,0.461,0.002065
6380,2018-11-08T11:13:54.078500Z,1,s,0.373,0.002262
6381,2018-11-08T11:13:54.194500Z,6,s,0.523,0.009479
6382,2018-11-08T11:13:54.286500Z,11,s,0.301,0.003451
6383,2018-11-08T11:13:54.327500Z,13,p,0.309,0.005576
6384,2018-11-08T11:13:54.458500Z,18,s,0.45,0.007885
6385,2018-11-08T11:13:54.482500Z,19,s,0.458,0.00323
6386,2018-11-08T11:13:54.544000Z,22,s,0.375,0.002374
6387,2018-11-08T11:13:58.844500Z,2,s,0.346,0.00217
6388,2018-11-08T11:13:59.075500Z,13,p,0.305,0.003159
6389,2018-11-08T11:13:59.946000Z,20,s,0.811,0.002733
6390,2018-11-08T11:14:05.806500Z,5,s,0.395,0.001525
6391,2018-11-08T11:14:06.884000Z,6,s,0.416,0.002089
6392,2018-11-08T11:14:07.882500Z,2,s,0.453,0.002279
6393,2018-11-08T11:14:07.913500Z,3,s,0.347,0.001776
6394,2018-11-08T11:14:07.948500Z,5,s,0.404,0.005008
6395,2018-11-08T11:14:07.967000Z,6,s,0.506,0.005396
6396,2018-11-08T11:14:08.079500Z,11,s,0.371,0.00209
6397,2018-11-08T11:14:08.095500Z,13,s,0.349,0.00277
6398,2018-11-08T11:14:08.934500Z,5,s,0.318,0.001986
6399,2018-11-08T11:14:10.762500Z,5,p,0.557,0.002519
6400,2018-11-08T11:14:16.548000Z,20,p,0.466,0.002227
6401,2018-11-08T11:14:16.932000Z,20,s,0.611,0.002078
6402,2018-11-08T11:14:18.952500Z,2,p,0.387,0.002244
6403,2018-11-08T11:14:19.039500Z,6,s,0.356,0.00284
6404,2018-11-08T11:14:22.426500Z,2,p,0.538,0.00571
6405,2018-11-08T11:14:22.438500Z,3,p,0.433,0.00307
6406,2018-11-08T11:14:22.518500Z,6,p,0.487,0.007812
6407,2018-11-08T11:14:22.575500Z,9,p,0.536,0.002288
6408,2018-11-08T11:14:22.617500Z,11,p,0.305,0.002856
6409,2018-11-08T11:14:22.654500Z,13,p,0.422,0.007702
6410,2018-11-08T11:14:22.781500Z,18,p,0.375,0.009477
6411,2018-11-08T11:14:22.822500Z,22,p,0.445,0.002319
6412,2018-11-08T11:14:22.845500Z,12,s,0.305,0.007095
6413,2018-11-08T11:14:22.888500Z,8,s,0.522,0.003128
6414,2018-11-08T11:14:22.933500Z,10,s,0.36,0.001981
6415,2018-11-08T11:14:22.959500Z,11,s,0.425,0.002856
6416,2018-11-08T11:14:29.406500Z,6,s,0.33,0.002521
6417,2018-11-08T11:14:29.666500Z,18,s,0.337,0.002953
6418,2018-11-08T11:14:33.066500Z,11,s,0.626,0.003839
6419,2018-11-08T11:14:46.274000Z,5,p,0.425,0.002023
6420,2018-11-08T11:14:47.914500Z,2,s,0.322,0.002682
6421,2018-11-08T11:14:47.981500Z,5,s,0.375,0.005739
6422,2018-11-08T11:14:47.982000Z,6,s,0.398,0.005292
6423,2018-11-08T11:14:48.259500Z,19,s,0.329,0.002364
6424,2018-11-08T11:14:55.463500Z,5,p,0.304,0.002149
6425,2018-11-08T11:15:55.439500Z,5,p,0.383,0.001956
6426,2018-11-08T11:15:55.506500Z,13,s,0.424,0.003734
6427,2018-11-08T11:16:02.767500Z,3,p,0.388,0.001524
6428,2018-11-08T11:16:02.966500Z,13,p,0.39,0.002231
6429,2018-11-08T11:16:03.464500Z,5,s,0.312,0.005413
6430,2018-11-08T11:16:03.466500Z,6,s,0.51,0.007176
6431,2018-11-08T11:16:03.583500Z,11,s,0.302,0.002704
6432,2018-11-08T11:16:03.592500Z,12,s,0.53,0.003711
6433,2018-11-08T11:16:03.608500Z,13,s,0.333,0.004419
6434,2018-11-08T11:16:03.698500Z,17,s,0.344,0.002629
6435,2018-11-08T11:16:03.734500Z,18,s,0.437,0.007437
6436,2018-11-08T11:16:03.770500Z,19,s,0.486,0.00262
6437,2018-11-08T11:16:04.718500Z,5,s,0.371,0.003561
6438,2018-11-08T11:16:12.550500Z,3,p,0.478,0.002908
6439,2018-11-08T11:16:12.597500Z,5,p,0.408,0.008575
6440,2018-11-08T11:16:12.718500Z,11,p,0.312,0.004183
6441,2018-11-08T11:16:12.745500Z,12,p,0.605,0.007244
6442,2018-11-08T11:16:12.760500Z,13,p,0.554,0.009743
6443,2018-11-08T11:16:12.814500Z,1,s,0.624,0.002635
6444,2018-11-08T11:16:12.832000Z,2,s,0.583,0.005842
6445,2018-11-08T11:16:12.845500Z,17,p,0.301,0.004895
6446,2018-11-08T11:16:12.850500Z,3,s,0.582,0.002932
6447,2018-11-08T11:16:12.876500Z,18,p,0.309,0.007667
6448,2018-11-08T11:16:12.878500Z,4,s,0.454,0.004526
6449,2018-11-08T11:16:12.890500Z,19,p,0.574,0.00359
6450,2018-11-08T11:16:12.907000Z,5,s,0.689,0.008581
6451,2018-11-08T11:16:12.926000Z,6,s,0.557,0.01075
6452,2018-11-08T11:16:12.930500Z,7,s,0.574,0.002293
6453,2018-11-08T11:16:12.962500Z,8,s,0.605,0.004996
6454,2018-11-08T11:16:12.984000Z,9,s,0.501,0.003352
6455,2018-11-08T11:16:13.000500Z,10,s,0.399,0.002174
6456,2018-11-08T11:16:13.020500Z,11,s,0.501,0.004183
6457,2018-11-08T11:16:13.039000Z,12,s,0.577,0.007244
6458,2018-11-08T11:16:13.062500Z,13,s,0.637,0.009743
6459,2018-11-08T11:16:13.134500Z,16,s,0.326,0.001871
6460,2018-11-08T11:16:13.146500Z,17,s,0.434,0.004907
6461,2018-11-08T11:16:13.191500Z,9,s,0.354,0.003423
6462,2018-11-08T11:16:13.196000Z,19,s,0.539,0.00359
6463,2018-11-08T11:16:13.231500Z,21,s,0.376,0.002752
6464,2018-11-08T11:16:13.250500Z,22,s,0.575,0.002577
6465,2018-11-08T11:16:13.274500Z,23,s,0.473,0.001838
6466,2018-11-08T11:16:14.173500Z,2,s,0.459,0.00528
6467,2018-11-08T11:16:14.194500Z,3,s,0.32,0.003018
6468,2018-11-08T11:16:14.213500Z,4,s,0.338,0.004437
6469,2018-11-08T11:16:14.300000Z,8,s,0.403,0.004122
6470,2018-11-08T11:16:14.319500Z,9,s,0.39,0.002925
6471,2018-11-08T11:16:14.336500Z,10,p,0.327,0.00224
6472,2018-11-08T11:16:14.402500Z,13,s,0.37,0.008537
6473,2018-11-08T11:16:14.567500Z,21,s,0.306,0.002066
6474,2018-11-08T11:16:14.868500Z,1,s,0.551,0.002662
6475,2018-11-08T11:16:14.888000Z,2,s,0.571,0.006024
6476,2018-11-08T11:16:14.910500Z,3,s,0.606,0.00318
6477,2018-11-08T11:16:14.926000Z,4,p,0.327,0.00433
6478,2018-11-08T11:16:14.930500Z,4,s,0.393,0.00433
6479,2018-11-08T11:16:14.954500Z,5,s,0.457,0.01012
6480,2018-11-08T11:16:14.970500Z,6,s,0.551,0.01709
6481,2018-11-08T11:16:14.994500Z,7,s,0.63,0.002716
6482,2018-11-08T11:16:15.042500Z,10,s,0.338,0.002187
6483,2018-11-08T11:16:15.046500Z,9,s,0.419,0.003309
6484,2018-11-08T11:16:15.074500Z,11,s,0.504,0.005019
6485,2018-11-08T11:16:15.102500Z,12,s,0.596,0.007999
6486,2018-11-08T11:16:15.118500Z,13,s,0.415,0.009731
6487,2018-11-08T11:16:15.144500Z,14,p,0.429,0.002247
6488,2018-11-08T11:16:15.174500Z,16,s,0.379,0.001803
6489,2018-11-08T11:16:15.199500Z,17,s,0.372,0.00497
6490,2018-11-08T11:16:15.224000Z,18,s,0.548,0.01143
6491,2018-11-08T11:16:15.246000Z,19,s,0.501,0.004314
6492,2018-11-08T11:16:15.263500Z,20,s,0.375,0.001663
6493,2018-11-08T11:16:15.284500Z,21,s,0.483,0.001917
6494,2018-11-08T11:16:15.306500Z,22,s,0.626,0.003048
6495,2018-11-08T11:16:15.333500Z,24,s,0.398,0.007895
6496,2018-11-08T11:16:16.006000Z,2,p,0.347,0.001565
6497,2018-11-08T11:16:16.206500Z,6,s,0.351,0.002265
6498,2018-11-08T11:16:16.262000Z,13,p,0.31,0.001909
6499,2018-11-08T11:16:17.754500Z,2,p,0.642,0.002965
6500,2018-11-08T11:16:17.814000Z,4,p,0.54,0.002302
6501,2018-11-08T11:16:17.855500Z,6,s,0.332,0.003577
6502,2018-11-08T11:16:17.958500Z,11,p,0.497,0.002472
6503,2018-11-08T11:16:18.000500Z,13,p,0.444,0.003863
6504,2018-11-08T11:16:18.074000Z,17,p,0.479,0.002303
6505,2018-11-08T11:16:18.235500Z,3,s,0.342,0.002162
6506,2018-11-08T11:16:18.282500Z,4,s,0.321,0.002496
6507,2018-11-08T11:16:18.442500Z,11,s,0.372,0.002466
6508,2018-11-08T11:16:18.562500Z,17,s,0.306,0.002607
6509,2018-11-08T11:16:20.047500Z,2,s,0.395,0.001919
6510,2018-11-08T11:16:20.114500Z,5,s,0.358,0.003006
6511,2018-11-08T11:16:20.130500Z,6,s,0.372,0.003652
6512,2018-11-08T11:16:20.163500Z,8,s,0.454,0.001797
6513,2018-11-08T11:16:20.254500Z,12,s,0.33,0.002596
6514,2018-11-08T11:16:20.271500Z,13,s,0.439,0.003111
6515,2018-11-08T11:16:20.410500Z,19,s,0.34,0.00177
6516,2018-11-08T11:16:21.810500Z,6,s,0.316,0.003471
6517,2018-11-08T11:16:21.958500Z,13,s,0.45,0.002185
6518,2018-11-08T11:16:22.638500Z,9,p,0.643,0.002255
6519,2018-11-08T11:16:22.733500Z,12,p,0.369,0.004662
6520,2018-11-08T11:16:22.853500Z,17,p,0.523,0.002931
6521,2018-11-08T11:16:22.910500Z,1,s,0.343,0.001983
6522,2018-11-08T11:16:22.997500Z,3,s,0.344,0.002278
6523,2018-11-08T11:16:23.015500Z,4,s,0.426,0.002847
6524,2018-11-08T11:16:23.082500Z,9,s,0.344,0.002606
6525,2018-11-08T11:16:23.090500Z,8,s,0.319,0.003246
6526,2018-11-08T11:16:23.143500Z,10,s,0.31,0.002023
6527,2018-11-08T11:16:23.162500Z,11,s,0.551,0.003252
6528,2018-11-08T11:16:23.186500Z,12,s,0.339,0.005583
6529,2018-11-08T11:16:23.284500Z,17,s,0.52,0.003147
6530,2018-11-08T11:16:23.334500Z,19,s,0.379,0.003102
6531,2018-11-08T11:16:25.494500Z,1,p,0.547,0.1291
6532,2018-11-08T11:16:25.512500Z,2,p,0.719,0.3621
6533,2018-11-08T11:16:25.534500Z,3,p,0.449,0.1924
6534,2018-11-08T11:16:25.552500Z,4,p,0.487,0.2645
6535,2018-11-08T11:16:25.582000Z,5,p,0.531,0.6876
6536,2018-11-08T11:16:25.598000Z,6,p,0.561,0.8251
6537,2018-11-08T11:16:25.623000Z,7,p,0.433,0.1169
6538,2018-11-08T11:16:25.625500Z,7,s,0.372,0.1169
6539,2018-11-08T11:16:25.638500Z,8,p,0.732,0.2469
6540,2018-11-08T11:16:25.663500Z,9,p,0.68,0.2156
6541,2018-11-08T11:16:25.689000Z,10,s,0.62,0.1211
6542,2018-11-08T11:16:25.705000Z,11,p,0.695,0.3059
6543,2018-11-08T11:16:25.710500Z,12,p,0.443,0.4895
6544,2018-11-08T11:16:25.752500Z,13,s,0.494,0.6723
6545,2018-11-08T11:16:25.762500Z,14,p,0.403,0.1012
6546,2018-11-08T11:16:25.772000Z,14,s,0.301,0.1012
6547,2018-11-08T11:16:25.792000Z,15,s,0.72,0.0697
6548,2018-11-08T11:16:25.806500Z,16,p,0.453,0.06797
6549,2018-11-08T11:16:25.830000Z,17,p,0.579,0.296
6550,2018-11-08T11:16:25.862500Z,18,p,0.461,0.6936
6551,2018-11-08T11:16:25.871500Z,19,p,0.721,0.2909
6552,2018-11-08T11:16:25.898000Z,20,s,0.709,0.06412
6553,2018-11-08T11:16:25.918500Z,21,s,0.671,0.1112
6554,2018-11-08T11:16:25.935500Z,22,s,0.448,0.1677
6555,2018-11-08T11:16:25.956000Z,23,s,0.613,0.08371
6556,2018-11-08T11:16:25.976500Z,24,s,0.549,0.856
6557,2018-11-08T11:16:27.005500Z,24,s,0.48,0.06273
6558,2018-11-08T11:16:27.073500Z,21,s,0.44,0.009595
6559,2018-11-08T11:16:27.114500Z,19,s,0.549,0.008959
6560,2018-11-08T11:16:27.152500Z,17,p,0.767,0.008545
6561,2018-11-08T11:16:27.178500Z,16,s,0.498,0.004124
6562,2018-11-08T11:16:27.204000Z,15,s,0.344,0.001985
6563,2018-11-08T11:16:27.219500Z,14,p,0.356,0.002505
6564,2018-11-08T11:16:27.227500Z,13,p,0.564,0.00899
6565,2018-11-08T11:16:27.248500Z,12,p,0.656,0.008684
6566,2018-11-08T11:16:27.266500Z,11,p,0.529,0.004775
6567,2018-11-08T11:16:27.288500Z,10,p,0.604,0.003267
6568,2018-11-08T11:16:27.334500Z,8,p,0.653,0.005365
6569,2018-11-08T11:16:27.337500Z,7,p,0.43,0.002055
6570,2018-11-08T11:16:27.382500Z,6,p,0.576,0.00917
6571,2018-11-08T11:16:27.410000Z,5,p,0.356,0.00722
6572,2018-11-08T11:16:27.417000Z,4,p,0.579,0.00393
6573,2018-11-08T11:16:27.430500Z,3,p,0.479,0.002741
6574,2018-11-08T11:16:27.470500Z,1,s,0.355,0.002507
6575,2018-11-08T11:16:27.695500Z,3,s,0.409,0.002741
6576,2018-11-08T11:16:27.830500Z,9,s,0.491,0.002589
6577,2018-11-08T11:16:27.870500Z,4,s,0.302,0.00393
6578,2018-11-08T11:16:28.222000Z,21,s,0.448,0.002158
6579,2018-11-08T11:16:28.775000Z,3,p,0.361,0.001745
6580,2018-11-08T11:16:28.980500Z,13,p,0.382,0.003077
6581,2018-11-08T11:16:29.063500Z,17,p,0.36,0.001984
6582,2018-11-08T11:16:29.103500Z,18,s,0.344,0.003861
6583,2018-11-08T11:16:29.158500Z,4,p,0.579,0.004851
6584,2018-11-08T11:16:29.455500Z,1,s,0.404,0.0026
6585,2018-11-08T11:16:29.498500Z,2,s,0.366,0.005791
6586,2018-11-08T11:16:29.574500Z,6,s,0.308,0.009106
6587,2018-11-08T11:16:29.620000Z,8,s,0.409,0.005059
6588,2018-11-08T11:16:29.662500Z,9,s,0.301,0.003466
6589,2018-11-08T11:16:29.692500Z,11,s,0.444,0.003668
6590,2018-11-08T11:16:29.732500Z,13,s,0.315,0.007411
6591,2018-11-08T11:16:29.810500Z,17,s,0.39,0.004135
6592,2018-11-08T11:16:29.904500Z,21,s,0.312,0.002333
6593,2018-11-08T11:16:32.032500Z,5,p,0.444,0.001849
6594,2018-11-08T11:16:34.624500Z,2,p,0.571,0.003024
6595,2018-11-08T11:16:34.640500Z,3,p,0.384,0.001714
6596,2018-11-08T11:16:34.818500Z,11,p,0.584,0.002204
6597,2018-11-08T11:16:34.834000Z,12,p,0.405,0.003067
6598,2018-11-08T11:16:34.854500Z,13,p,0.612,0.003456
6599,2018-11-08T11:16:37.747500Z,1,s,0.324,0.00225
6600,2018-11-08T11:16:37.808500Z,3,s,0.316,0.002361
6601,2018-11-08T11:16:37.814500Z,4,s,0.364,0.00216
6602,2018-11-08T11:16:37.866500Z,6,s,0.335,0.00476
6603,2018-11-08T11:16:37.873500Z,5,s,0.416,0.004092
6604,2018-11-08T11:16:37.898500Z,8,s,0.347,0.003003
6605,2018-11-08T11:16:37.927500Z,9,s,0.424,0.002222
6606,2018-11-08T11:16:37.968000Z,11,s,0.451,0.002331
6607,2018-11-08T11:16:37.990000Z,12,s,0.405,0.00349
6608,2018-11-08T11:16:38.002500Z,13,s,0.348,0.004464
6609,2018-11-08T11:16:38.106500Z,17,s,0.402,0.002699
6610,2018-11-08T11:16:39.178500Z,2,p,0.314,0.004372
6611,2018-11-08T11:16:39.238000Z,5,p,0.348,0.006955
6612,2018-11-08T11:16:39.388000Z,1,s,0.471,0.002321
6613,2018-11-08T11:16:39.410500Z,2,s,0.585,0.004372
6614,2018-11-08T11:16:39.414000Z,13,p,0.368,0.007647
6615,2018-11-08T11:16:39.448500Z,4,s,0.671,0.00303
6616,2018-11-08T11:16:39.536500Z,8,s,0.425,0.003961
6617,2018-11-08T11:16:39.560500Z,9,s,0.329,0.002335
6618,2018-11-08T11:16:39.575500Z,10,s,0.387,0.002076
6619,2018-11-08T11:16:39.597500Z,11,s,0.537,0.00362
6620,2018-11-08T11:16:39.618500Z,12,s,0.69,0.005629
6621,2018-11-08T11:16:39.637000Z,13,s,0.72,0.007647
6622,2018-11-08T11:16:39.724500Z,17,s,0.486,0.003143
6623,2018-11-08T11:16:40.549500Z,1,p,0.445,0.004839
6624,2018-11-08T11:16:40.596000Z,3,p,0.626,0.004764
6625,2018-11-08T11:16:40.606000Z,4,p,0.363,0.005663
6626,2018-11-08T11:16:40.663500Z,6,s,0.396,0.008694
6627,2018-11-08T11:16:40.687500Z,7,p,0.407,0.002853
6628,2018-11-08T11:16:40.718500Z,9,p,0.649,0.005906
6629,2018-11-08T11:16:40.760000Z,1,s,0.704,0.004839
6630,2018-11-08T11:16:40.782500Z,2,s,0.733,0.008089
6631,2018-11-08T11:16:40.804000Z,3,s,0.691,0.004764
6632,2018-11-08T11:16:40.823000Z,4,s,0.806,0.005663
6633,2018-11-08T11:16:40.886500Z,7,s,0.648,0.002853
6634,2018-11-08T11:16:40.911500Z,18,s,0.423,0.005714
6635,2018-11-08T11:16:40.930500Z,9,s,0.724,0.005906
6636,2018-11-08T11:16:40.969500Z,11,s,0.514,0.005064
6637,2018-11-08T11:16:40.991500Z,12,s,0.309,0.01102
6638,2018-11-08T11:16:41.010500Z,13,s,0.785,0.01271
6639,2018-11-08T11:16:41.098500Z,17,s,0.385,0.004926
6640,2018-11-08T11:16:42.031500Z,1,p,0.625,0.3282
6641,2018-11-08T11:16:42.052500Z,2,p,0.555,0.7866
6642,2018-11-08T11:16:42.072000Z,3,p,0.646,0.4462
6643,2018-11-08T11:16:42.092000Z,4,p,0.758,0.6306
6644,2018-11-08T11:16:42.119500Z,5,p,0.402,1.542
6645,2018-11-08T11:16:42.138500Z,6,p,0.478,1.96
6646,2018-11-08T11:16:42.158500Z,7,p,0.62,0.3427
6647,2018-11-08T11:16:42.174500Z,8,p,0.698,0.7197
6648,2018-11-08T11:16:42.202500Z,9,s,0.424,0.3187
6649,2018-11-08T11:16:42.215500Z,10,p,0.414,0.2618
6650,2018-11-08T11:16:42.222500Z,10,s,0.418,0.2618
6651,2018-11-08T11:16:42.240000Z,11,p,0.622,0.6948
6652,2018-11-08T11:16:42.258000Z,12,p,0.614,1.207
6653,2018-11-08T11:16:42.280000Z,13,p,0.578,1.547
6654,2018-11-08T11:16:42.288500Z,14,p,0.57,0.2304
6655,2018-11-08T11:16:42.320000Z,15,p,0.664,0.1969
6656,2018-11-08T11:16:42.340500Z,16,p,0.761,0.1385
6657,2018-11-08T11:16:42.356500Z,18,p,0.481,1.567
6658,2018-11-08T11:16:42.361500Z,17,p,0.361,0.707
6659,2018-11-08T11:16:42.408500Z,19,p,0.794,0.6169
6660,2018-11-08T11:16:42.422500Z,20,p,0.513,0.1487
6661,2018-11-08T11:16:42.426500Z,22,p,0.303,0.01221
6662,2018-11-08T11:16:42.441500Z,21,p,0.319,0.25
6663,2018-11-08T11:16:42.454500Z,21,s,0.434,0.25
6664,2018-11-08T11:16:42.468500Z,22,p,0.447,0.3607
6665,2018-11-08T11:16:42.482000Z,23,p,0.731,0.1965
6666,2018-11-08T11:16:42.500500Z,24,p,0.312,1.887
6667,2018-11-08T11:16:43.503500Z,21,s,0.306,0.02527
6668,2018-11-08T11:16:43.554500Z,24,s,0.332,0.1288
6669,2018-11-08T11:16:46.280500Z,1,p,0.591,0.06918
6670,2018-11-08T11:16:46.404500Z,7,p,0.358,0.05518
6671,2018-11-08T11:16:46.454000Z,9,p,0.391,0.1261
6672,2018-11-08T11:16:46.590500Z,16,p,0.494,0.03199
6673,2018-11-08T11:16:46.614500Z,17,p,0.462,0.1452
6674,2018-11-08T11:16:46.640000Z,1,s,0.654,0.06918
6675,2018-11-08T11:16:46.654500Z,19,p,0.441,0.1235
6676,2018-11-08T11:16:46.671000Z,20,p,0.579,0.0309
6677,2018-11-08T11:16:46.701500Z,4,s,0.31,0.1414
6678,2018-11-08T11:16:46.727500Z,5,s,0.319,0.3613
6679,2018-11-08T11:16:46.952500Z,16,s,0.364,0.03199
6680,2018-11-08T11:16:46.979500Z,19,s,0.314,0.1235
6681,2018-11-08T11:16:47.055500Z,21,s,0.349,0.04439
6682,2018-11-08T11:16:47.114500Z,24,s,0.454,0.291
6683,2018-11-08T11:16:51.408000Z,7,s,0.338,0.09218
6684,2018-11-08T11:16:51.469500Z,10,s,0.347,0.09563
6685,2018-11-08T11:16:51.558500Z,14,s,0.365,0.0896
6686,2018-11-08T11:16:51.574500Z,15,s,0.395,0.05849
6687,2018-11-08T11:16:51.723500Z,22,s,0.33,0.1123
6688,2018-11-08T11:16:51.754500Z,24,s,0.44,0.551
6689,2018-11-08T11:16:53.029500Z,5,s,0.333,0.2246
6690,2018-11-08T11:16:56.999500Z,16,p,0.53,0.003693
6691,2018-11-08T11:16:57.108000Z,16,s,0.568,0.003693
6692,2018-11-08T11:16:57.276000Z,12,s,0.559,0.07526
6693,2018-11-08T11:16:57.504000Z,11,s,0.397,0.0337
6694,2018-11-08T11:16:57.700000Z,1,p,0.391,0.006877
6695,2018-11-08T11:16:57.718500Z,2,p,0.713,0.01719
6696,2018-11-08T11:16:57.723500Z,10,p,0.373,0.001445
6697,2018-11-08T11:16:57.740500Z,3,p,0.572,0.008927
6698,2018-11-08T11:16:57.760500Z,4,p,0.732,0.01095
6699,2018-11-08T11:16:57.772500Z,15,p,0.429,0.00448
6700,2018-11-08T11:16:57.826000Z,7,p,0.455,0.004606
6701,2018-11-08T11:16:57.871500Z,9,p,0.321,0.01007
6702,2018-11-08T11:16:57.898500Z,15,s,0.329,0.00448
6703,2018-11-08T11:16:57.947500Z,13,p,0.8,0.02393
6704,2018-11-08T11:16:58.030500Z,17,p,0.494,0.009504
6705,2018-11-08T11:16:58.053000Z,1,s,0.768,0.006877
6706,2018-11-08T11:16:58.074500Z,2,s,0.885,0.01719
6707,2018-11-08T11:16:58.094500Z,3,s,0.785,0.008927
6708,2018-11-08T11:16:58.114000Z,4,s,0.865,0.01095
6709,2018-11-08T11:16:58.142500Z,5,s,0.708,0.02106
6710,2018-11-08T11:16:58.163000Z,6,s,0.77,0.02398
6711,2018-11-08T11:16:58.180000Z,7,s,0.836,0.004606
6712,2018-11-08T11:16:58.200500Z,8,s,0.755,0.01031
6713,2018-11-08T11:16:58.225000Z,9,s,0.711,0.01007
6714,2018-11-08T11:16:58.241000Z,10,s,0.781,0.00511
6715,2018-11-08T11:16:58.259000Z,11,s,0.741,0.009763
6716,2018-11-08T11:16:58.282500Z,12,s,0.81,0.01952
6717,2018-11-08T11:16:58.302500Z,20,p,0.536,0.00276
6718,2018-11-08T11:16:58.302500Z,13,s,0.79,0.02393
6719,2018-11-08T11:16:58.326500Z,14,s,0.386,0.00425
6720,2018-11-08T11:16:58.346500Z,15,s,0.741,0.002885
6721,2018-11-08T11:16:58.368500Z,16,s,0.595,0.002785
6722,2018-11-08T11:16:58.386500Z,17,s,0.628,0.009504
6723,2018-11-08T11:16:58.410500Z,18,s,0.583,0.01285
6724,2018-11-08T11:16:58.430000Z,19,s,0.663,0.005321
6725,2018-11-08T11:16:58.448000Z,20,s,0.597,0.00276
6726,2018-11-08T11:16:58.466500Z,21,s,0.668,0.003983
6727,2018-11-08T11:16:58.486500Z,22,s,0.74,0.005857
6728,2018-11-08T11:16:58.510500Z,23,s,0.693,0.00328
6729,2018-11-08T11:16:58.523000Z,24,s,0.51,0.01975
6730,2018-11-08T11:16:59.110500Z,2,p,0.42,0.008627
6731,2018-11-08T11:16:59.270500Z,8,p,0.647,0.008793
6732,2018-11-08T11:16:59.302500Z,9,p,0.429,0.007947
6733,2018-11-08T11:16:59.340500Z,13,p,0.605,0.01318
6734,2018-11-08T11:16:59.356000Z,12,p,0.437,0.01176
6735,2018-11-08T11:16:59.778000Z,23,p,0.43,0.002659
6736,2018-11-08T11:16:59.821500Z,3,s,0.428,0.006445
6737,2018-11-08T11:17:00.085500Z,24,p,0.976,0.02755
6738,2018-11-08T11:17:00.136000Z,24,s,0.815,0.01621
6739,2018-11-08T11:17:00.308500Z,1,p,0.354,0.005577
6740,2018-11-08T11:17:00.437500Z,10,p,0.896,0.004864
6741,2018-11-08T11:17:00.555500Z,19,s,0.668,0.01252
6742,2018-11-08T11:17:00.559000Z,10,s,0.666,0.004864
6743,2018-11-08T11:17:00.689500Z,21,p,0.306,0.006059
6744,2018-11-08T11:17:00.710000Z,2,p,0.523,0.001813
6745,2018-11-08T11:17:00.745500Z,21,s,0.42,0.006059
6746,2018-11-08T11:17:00.996500Z,16,p,0.526,0.003391
6747,2018-11-08T11:17:01.262000Z,5,s,0.457,0.002244
6748,2018-11-08T11:17:02.082000Z,10,p,0.382,0.02698
6749,2018-11-08T11:17:02.112500Z,10,s,0.937,0.02698
6750,2018-11-08T11:17:02.464000Z,24,p,0.729,0.2512
6751,2018-11-08T11:17:02.475500Z,23,s,0.371,0.00508
6752,2018-11-08T11:17:02.721000Z,2,p,0.306,0.009441
6753,2018-11-08T11:17:02.832500Z,4,p,0.677,0.002575
6754,2018-11-08T11:17:02.920500Z,4,s,0.784,0.002575
6755,2018-11-08T11:17:03.978500Z,6,s,0.435,0.002219
6756,2018-11-08T11:17:04.882000Z,10,s,0.735,0.004502
6757,2018-11-08T11:17:05.408000Z,16,p,0.477,0.007169
6758,2018-11-08T11:17:05.408500Z,16,s,0.466,0.007169
6759,2018-11-08T11:17:08.761000Z,1,p,0.411,0.002117
6760,2018-11-08T11:17:08.762500Z,2,p,0.44,0.003945
6761,2018-11-08T11:17:08.765500Z,1,s,0.434,0.002117
6762,2018-11-08T11:17:08.816500Z,4,p,0.359,0.002602
6763,2018-11-08T11:17:08.844500Z,5,p,0.541,0.004319
6764,2018-11-08T11:17:08.866500Z,6,s,0.483,0.004411
6765,2018-11-08T11:17:08.868500Z,12,p,0.596,0.00354
6766,2018-11-08T11:17:08.908500Z,8,p,0.541,0.003035
6767,2018-11-08T11:17:08.934500Z,9,p,0.57,0.00304
6768,2018-11-08T11:17:08.990500Z,12,s,0.623,0.00354
6769,2018-11-08T11:17:09.004500Z,13,p,0.31,0.004197
6770,2018-11-08T11:17:09.012000Z,13,s,0.323,0.004197
6771,2018-11-08T11:17:09.098500Z,17,s,0.426,0.002241
6772,2018-11-08T11:17:10.581000Z,1,p,0.575,0.002341
6773,2018-11-08T11:17:10.598500Z,2,p,0.398,0.01325
6774,2018-11-08T11:17:10.616000Z,3,p,0.379,0.007702
6775,2018-11-08T11:17:10.863500Z,1,p,0.41,0.006274
6776,2018-11-08T11:17:10.869000Z,1,s,0.397,0.006274
6777,2018-11-08T11:17:10.889000Z,2,s,0.777,0.01325
6778,2018-11-08T11:17:10.911000Z,3,s,0.739,0.007702
6779,2018-11-08T11:17:10.930000Z,4,s,0.555,0.008397
6780,2018-11-08T11:17:10.953500Z,5,p,0.472,0.03245
6781,2018-11-08T11:17:10.976000Z,6,p,0.633,0.03577
6782,2018-11-08T11:17:10.992500Z,7,p,0.662,0.007748
6783,2018-11-08T11:17:11.039500Z,9,s,0.311,0.00747
6784,2018-11-08T11:17:11.055500Z,10,p,0.854,0.008185
6785,2018-11-08T11:17:11.079500Z,11,s,0.348,0.007755
6786,2018-11-08T11:17:11.099500Z,12,s,0.648,0.01431
6787,2018-11-08T11:17:11.114500Z,13,p,0.536,0.03972
6788,2018-11-08T11:17:11.138500Z,14,p,0.7,0.007076
6789,2018-11-08T11:17:11.159000Z,15,p,0.837,0.004778
6790,2018-11-08T11:17:11.174500Z,16,p,0.7,0.004999
6791,2018-11-08T11:17:11.198000Z,17,p,0.332,0.01589
6792,2018-11-08T11:17:11.212000Z,18,p,0.345,0.01876
6793,2018-11-08T11:17:11.231000Z,1,p,0.423,0.009865
6794,2018-11-08T11:17:11.233000Z,1,s,0.33,0.009865
6795,2018-11-08T11:17:11.241500Z,19,p,0.609,0.007966
6796,2018-11-08T11:17:11.254500Z,2,s,0.664,0.02782
6797,2018-11-08T11:17:11.258500Z,20,p,0.515,0.003854
6798,2018-11-08T11:17:11.272000Z,3,s,0.722,0.01373
6799,2018-11-08T11:17:11.280500Z,21,p,0.603,0.006282
6800,2018-11-08T11:17:11.294500Z,22,p,0.654,0.008487
6801,2018-11-08T11:17:11.296500Z,4,s,0.683,0.0169
6802,2018-11-08T11:17:11.318500Z,23,p,0.515,0.004294
6803,2018-11-08T11:17:11.320500Z,5,s,0.483,0.03245
6804,2018-11-08T11:17:11.338500Z,6,s,0.545,0.03577
6805,2018-11-08T11:17:11.342500Z,24,p,0.396,0.0252
6806,2018-11-08T11:17:11.356000Z,7,s,0.622,0.007748
6807,2018-11-08T11:17:11.382500Z,8,s,0.711,0.01596
6808,2018-11-08T11:17:11.402500Z,9,s,0.603,0.01565
6809,2018-11-08T11:17:11.420000Z,10,s,0.726,0.008185
6810,2018-11-08T11:17:11.439000Z,11,s,0.756,0.01543
6811,2018-11-08T11:17:11.464500Z,12,s,0.766,0.02972
6812,2018-11-08T11:17:11.485000Z,13,s,0.685,0.03972
6813,2018-11-08T11:17:11.504500Z,14,s,0.453,0.007076
6814,2018-11-08T11:17:11.524000Z,15,s,0.711,0.004778
6815,2018-11-08T11:17:11.543500Z,16,s,0.65,0.004999
6816,2018-11-08T11:17:11.564500Z,17,s,0.608,0.01589
6817,2018-11-08T11:17:11.607000Z,19,s,0.637,0.007966
6818,2018-11-08T11:17:11.626500Z,20,s,0.439,0.003854
6819,2018-11-08T11:17:11.646500Z,21,s,0.671,0.006282
6820,2018-11-08T11:17:11.666500Z,22,s,0.647,0.008487
6821,2018-11-08T11:17:11.688500Z,23,s,0.47,0.004294
6822,2018-11-08T11:17:11.704000Z,24,s,0.58,0.0252
6823,2018-11-08T11:17:12.894000Z,1,p,0.5,0.007558
6824,2018-11-08T11:17:12.937000Z,3,p,0.492,0.008131
6825,2018-11-08T11:17:12.954500Z,4,p,0.655,0.01057
6826,2018-11-08T11:17:12.978500Z,5,p,0.69,0.01861
6827,2018-11-08T11:17:13.001500Z,6,p,0.441,0.0207
6828,2018-11-08T11:17:13.016500Z,7,p,0.422,0.004918
6829,2018-11-08T11:17:13.038000Z,8,p,0.309,0.0105
6830,2018-11-08T11:17:13.082500Z,10,p,0.632,0.005054
6831,2018-11-08T11:17:13.110500Z,1,s,0.711,0.007558
6832,2018-11-08T11:17:13.121500Z,12,p,0.454,0.01841
6833,2018-11-08T11:17:13.130000Z,2,s,0.759,0.01612
6834,2018-11-08T11:17:13.140500Z,13,p,0.599,0.02265
6835,2018-11-08T11:17:13.151000Z,3,s,0.734,0.008131
6836,2018-11-08T11:17:13.167000Z,14,p,0.428,0.004187
6837,2018-11-08T11:17:13.169000Z,4,s,0.696,0.01057
6838,2018-11-08T11:17:13.176500Z,15,p,0.52,0.003428
6839,2018-11-08T11:17:13.195000Z,5,s,0.787,0.01861
6840,2018-11-08T11:17:13.210000Z,16,p,0.575,0.003225
6841,2018-11-08T11:17:13.220500Z,6,s,0.696,0.0207
6842,2018-11-08T11:17:13.228000Z,17,p,0.55,0.00931
6843,2018-11-08T11:17:13.236000Z,7,s,0.81,0.004918
6844,2018-11-08T11:17:13.258500Z,8,s,0.578,0.0105
6845,2018-11-08T11:17:13.274500Z,19,p,0.599,0.005955
6846,2018-11-08T11:17:13.278500Z,9,s,0.604,0.009751
6847,2018-11-08T11:17:13.297000Z,10,s,0.754,0.005054
6848,2018-11-08T11:17:13.315000Z,11,s,0.748,0.009336
6849,2018-11-08T11:17:13.326500Z,22,p,0.549,0.005349
6850,2018-11-08T11:17:13.339000Z,12,s,0.749,0.01841
6851,2018-11-08T11:17:13.346500Z,23,p,0.673,0.00332
6852,2018-11-08T11:17:13.358500Z,13,s,0.699,0.02265
6853,2018-11-08T11:17:13.370500Z,24,p,0.572,0.01789
6854,2018-11-08T11:17:13.380000Z,14,s,0.592,0.004187
6855,2018-11-08T11:17:13.401000Z,15,s,0.729,0.003428
6856,2018-11-08T11:17:13.424500Z,16,s,0.688,0.003225
6857,2018-11-08T11:17:13.442500Z,17,s,0.668,0.00931
6858,2018-11-08T11:17:13.465000Z,18,s,0.662,0.01087
6859,2018-11-08T11:17:13.489000Z,19,s,0.709,0.005955
6860,2018-11-08T11:17:13.504000Z,20,s,0.603,0.002337
6861,2018-11-08T11:17:13.522500Z,21,s,0.592,0.003897
6862,2018-11-08T11:17:13.544000Z,22,s,0.738,0.005349
6863,2018-11-08T11:17:13.560000Z,23,s,0.556,0.00332
6864,2018-11-08T11:17:13.580000Z,24,s,0.807,0.01789
6865,2018-11-08T11:17:14.012500Z,1,p,0.363,0.002264
6866,2018-11-08T11:17:14.399500Z,1,s,0.304,0.002264
6867,2018-11-08T11:17:14.558500Z,10,p,0.422,0.002201
6868,2018-11-08T11:17:14.670500Z,5,s,0.331,0.009528
6869,2018-11-08T11:17:14.911500Z,18,s,0.326,0.01102
6870,2018-11-08T11:17:14.962000Z,20,s,0.935,0.01401
6871,2018-11-08T11:17:15.092000Z,2,p,0.458,0.005682
6872,2018-11-08T11:17:15.219500Z,8,s,0.427,0.004204
6873,2018-11-08T11:17:15.246500Z,9,s,0.459,0.002689
6874,2018-11-08T11:17:15.279500Z,11,s,0.357,0.004073
6875,2018-11-08T11:17:15.320000Z,13,s,0.414,0.008161
6876,2018-11-08T11:17:17.171500Z,1,s,0.374,0.002212
6877,2018-11-08T11:17:17.218500Z,3,s,0.398,0.003255
6878,2018-11-08T11:17:17.282500Z,6,s,0.557,0.008315
6879,2018-11-08T11:17:17.346000Z,9,p,0.448,0.002924
6880,2018-11-08T11:17:17.404000Z,12,s,0.46,0.005868
6881,2018-11-08T11:17:17.423500Z,13,s,0.422,0.007386
6882,2018-11-08T11:17:17.506500Z,17,s,0.326,0.003918
6883,2018-11-08T11:17:17.550000Z,18,s,0.501,0.005067
6884,2018-11-08T11:17:20.622500Z,1,p,0.527,0.001904
6885,2018-11-08T11:17:20.648500Z,2,p,0.772,0.004735
6886,2018-11-08T11:17:20.666500Z,3,p,0.447,0.002276
6887,2018-11-08T11:17:20.690000Z,4,p,0.55,0.002624
6888,2018-11-08T11:17:20.710500Z,5,p,0.65,0.005081
6889,2018-11-08T11:17:20.734000Z,6,p,0.632,0.00563
6890,2018-11-08T11:17:20.754000Z,7,p,0.426,0.001674
6891,2018-11-08T11:17:20.772500Z,8,p,0.381,0.002862
6892,2018-11-08T11:17:20.793500Z,9,p,0.395,0.002766
6893,2018-11-08T11:17:20.817500Z,10,p,0.427,0.001584
6894,2018-11-08T11:17:20.834500Z,11,p,0.583,0.002826
6895,2018-11-08T11:17:20.849500Z,12,p,0.384,0.004733
6896,2018-11-08T11:17:20.880500Z,13,p,0.701,0.005501
6897,2018-11-08T11:17:20.962500Z,17,p,0.682,0.002803
6898,2018-11-08T11:17:20.986000Z,18,p,0.382,0.004604
6899,2018-11-08T11:17:21.006500Z,19,p,0.59,0.002125
6900,2018-11-08T11:17:21.051500Z,21,p,0.377,0.001856
6901,2018-11-08T11:17:21.207500Z,2,s,0.459,0.008079
6902,2018-11-08T11:17:21.230500Z,3,s,0.312,0.004353
6903,2018-11-08T11:17:21.252000Z,4,s,0.353,0.005627
6904,2018-11-08T11:17:21.301500Z,6,s,0.362,0.0126
6905,2018-11-08T11:17:21.370500Z,10,s,0.395,0.002946
6906,2018-11-08T11:17:21.400500Z,11,s,0.417,0.005573
6907,2018-11-08T11:17:21.418500Z,12,s,0.333,0.009617
6908,2018-11-08T11:17:21.440500Z,13,s,0.455,0.0125
6909,2018-11-08T11:17:21.502500Z,16,s,0.456,0.002575
6910,2018-11-08T11:17:21.598500Z,21,s,0.515,0.003452
6911,2018-11-08T11:17:21.621500Z,22,s,0.477,0.002873
6912,2018-11-08T11:17:21.639500Z,23,s,0.37,0.001724
6913,2018-11-08T11:17:23.360500Z,22,s,0.365,0.002519
6914,2018-11-08T11:17:23.619500Z,2,p,0.385,0.003027
6915,2018-11-08T11:17:24.002500Z,19,p,0.42,0.002323
6916,2018-11-08T11:17:24.042500Z,11,s,0.31,0.002521
6917,2018-11-08T11:17:24.158500Z,17,s,0.356,0.00276
6918,2018-11-08T11:17:29.248000Z,16,s,0.382,0.01821
6919,2018-11-08T11:17:29.250000Z,16,p,0.633,0.01821
6920,2018-11-08T11:17:29.716000Z,23,p,0.515,0.002907
6921,2018-11-08T11:17:29.813500Z,23,s,0.407,0.002907
6922,2018-11-08T11:17:38.580500Z,4,p,0.472,0.002017
6923,2018-11-08T11:17:38.626500Z,5,s,0.413,0.00332
6924,2018-11-08T11:17:38.634500Z,6,s,0.51,0.003906
6925,2018-11-08T11:17:38.738500Z,11,s,0.4,0.002084
6926,2018-11-08T11:17:38.769500Z,13,p,0.472,0.00314
6927,2018-11-08T11:17:38.887500Z,18,s,0.369,0.003517
6928,2018-11-08T11:17:38.906500Z,19,s,0.343,0.002001
6929,2018-11-08T11:17:39.630500Z,2,p,0.527,0.002555
6930,2018-11-08T11:17:39.682500Z,5,p,0.303,0.003003
6931,2018-11-08T11:17:39.718500Z,6,s,0.454,0.004032
6932,2018-11-08T11:17:39.842500Z,13,p,0.323,0.003032
6933,2018-11-08T11:17:45.526500Z,18,s,0.358,0.003438
6934,2018-11-08T11:17:45.963500Z,2,p,0.403,0.002651
6935,2018-11-08T11:17:55.459500Z,5,p,0.334,0.001711
6936,2018-11-08T11:17:57.984000Z,9,p,0.444,0.01119
6937,2018-11-08T11:17:58.095500Z,9,s,0.698,0.01119
6938,2018-11-08T11:18:08.263500Z,5,s,0.303,0.002236
6939,2018-11-08T11:19:09.148500Z,1,p,0.395,0.00478
6940,2018-11-08T11:19:09.295000Z,1,s,0.709,0.003978
6941,2018-11-08T11:19:23.201500Z,5,s,0.786,0.002594
6942,2018-11-08T11:19:57.545500Z,11,s,0.373,0.0024
6943,2018-11-08T11:20:23.802500Z,22,p,0.537,0.002726
6944,2018-11-08T11:20:23.893500Z,22,s,0.406,0.002726
6945,2018-11-08T11:20:54.607500Z,4,p,0.316,0.001772
6946,2018-11-08T11:21:43.319500Z,23,p,0.677,0.007639
6947,2018-11-08T11:21:43.319500Z,24,p,0.737,0.01016
6948,2018-11-08T11:21:43.322000Z,22,p,0.824,0.007958
6949,2018-11-08T11:21:43.327000Z,21,p,0.838,0.008427
6950,2018-11-08T11:21:43.330500Z,20,p,0.886,0.005607
6951,2018-11-08T11:21:43.334500Z,19,p,0.831,0.00305
6952,2018-11-08T11:21:43.341500Z,17,p,0.315,0.003122
6953,2018-11-08T11:21:43.342500Z,18,p,0.37,0.003777
6954,2018-11-08T11:21:43.350000Z,16,p,0.477,0.003158
6955,2018-11-08T11:21:43.402500Z,24,s,0.913,0.01016
6956,2018-11-08T11:21:43.409000Z,23,s,0.892,0.007639
6957,2018-11-08T11:21:43.416500Z,22,s,0.681,0.007958
6958,2018-11-08T11:21:43.423000Z,21,s,0.754,0.008427
6959,2018-11-08T11:21:43.433000Z,20,s,0.792,0.005607
6960,2018-11-08T11:21:43.441000Z,19,s,0.91,0.00305
6961,2018-11-08T11:21:43.451500Z,18,s,0.841,0.003777
6962,2018-11-08T11:21:43.458500Z,17,s,0.825,0.003122
6963,2018-11-08T11:21:43.467500Z,16,s,0.475,0.003158
6964,2018-11-08T11:21:57.910500Z,20,p,0.571,0.003766
6965,2018-11-08T11:22:09.022000Z,20,s,0.694,0.001819
6966,2018-11-08T11:22:14.778000Z,23,p,0.342,0.00273
6967,2018-11-08T11:22:14.881500Z,23,s,0.726,0.00273
6968,2018-11-08T11:22:25.963000Z,11,s,0.369,0.003274
6969,2018-11-08T11:23:04.425500Z,22,s,0.461,0.002742
6970,2018-11-08T11:26:04.513500Z,20,p,0.49,0.00229
6971,2018-11-08T11:26:04.663500Z,20,s,0.458,0.00229
6972,2018-11-08T11:26:09.640500Z,5,s,0.36,0.002555
6973,2018-11-08T11:26:42.215000Z,17,p,0.724,0.05098
6974,2018-11-08T11:26:42.311500Z,17,s,0.493,0.001938
6975,2018-11-08T11:27:31.150500Z,20,p,0.398,0.001921
6976,2018-11-08T11:27:31.410500Z,20,s,0.359,0.001921
6977,2018-11-08T11:27:58.035500Z,20,s,0.711,0.002723
6978,2018-11-08T11:30:32.255500Z,11,p,0.907,0.003304
6979,2018-11-08T11:30:32.443000Z,11,s,0.923,0.003304
6980,2018-11-08T11:30:46.550500Z,10,p,0.361,0.0017
6981,2018-11-08T11:32:01.004000Z,1,s,0.678,0.00304
6982,2018-11-08T11:33:00.559500Z,5,s,0.44,0.002496
6983,2018-11-08T11:34:20.277500Z,23,s,0.481,0.002407
6984,2018-11-08T11:34:35.931500Z,8,s,0.391,0.001518
6985,2018-11-08T11:35:22.863500Z,5,p,0.611,0.001941
6986,2018-11-08T11:35:29.674500Z,20,s,0.418,0.002494
6987,2018-11-08T11:35:49.966000Z,20,s,0.768,0.003293
6988,2018-11-08T11:35:57.819500Z,23,p,0.725,0.00428
6989,2018-11-08T11:35:57.823500Z,21,p,0.726,0.003218
6990,2018-11-08T11:35:57.853500Z,24,s,0.411,0.004268
6991,2018-11-08T11:35:57.859500Z,17,p,0.347,0.001985
6992,2018-11-08T11:35:57.863000Z,23,s,0.952,0.00428
6993,2018-11-08T11:35:57.871000Z,22,s,0.823,0.005878
6994,2018-11-08T11:35:57.881000Z,21,s,0.84,0.003218
6995,2018-11-08T11:35:57.920500Z,17,s,0.676,0.001985
6996,2018-11-08T11:35:57.931500Z,16,s,0.378,0.002496
6997,2018-11-08T11:36:36.050500Z,20,s,0.465,0.001628
6998,2018-11-08T11:37:05.014500Z,6,s,0.351,0.002378
6999,2018-11-08T11:37:50.923500Z,17,p,0.407,0.008154
7000,2018-11-08T11:37:50.991000Z,17,s,0.91,0.008154
7001,2018-11-08T11:38:11.719500Z,20,p,0.301,0.001606
7002,2018-11-08T11:38:34.686000Z,17,s,0.876,0.00582
7003,2018-11-08T11:38:58.078000Z,11,s,0.703,0.003869
7004,2018-11-08T11:39:39.130000Z,20,s,0.733,0.00181
7005,2018-11-08T11:39:40.208500Z,4,s,0.55,0.005545
7006,2018-11-08T11:40:07.810500Z,5,s,0.474,0.002328
7007,2018-11-08T11:41:10.834000Z,16,p,0.733,0.00538
7008,2018-11-08T11:41:10.855500Z,17,p,0.388,0.00341
7009,2018-11-08T11:41:10.874000Z,16,s,0.647,0.00538
7010,2018-11-08T11:41:10.877000Z,13,p,0.811,0.006868
7011,2018-11-08T11:41:10.894500Z,17,s,0.629,0.00341
7012,2018-11-08T11:41:10.907500Z,13,s,0.781,0.006868
7013,2018-11-08T11:41:10.916000Z,11,p,0.588,0.003048
7014,2018-11-08T11:41:10.916000Z,18,s,0.456,0.00243
7015,2018-11-08T11:41:10.949000Z,11,s,0.676,0.003048
7016,2018-11-08T11:41:11.011500Z,8,s,0.369,0.002358
7017,2018-11-08T11:41:14.974500Z,21,s,0.593,0.00397
7018,2018-11-08T11:41:19.350000Z,22,s,0.606,0.004199
7019,2018-11-08T11:42:09.384500Z,3,s,0.513,0.003031
7020,2018-11-08T11:42:36.533500Z,22,s,0.485,0.002265
7021,2018-11-08T11:43:16.746500Z,17,s,0.633,0.002644
7022,2018-11-08T11:43:19.262000Z,23,s,0.697,0.00249
7023,2018-11-08T11:44:20.589500Z,17,p,0.92,0.003102
7024,2018-11-08T11:44:20.741500Z,17,s,0.852,0.002128
7025,2018-11-08T11:44:22.416000Z,17,s,0.799,0.007798
7026,2018-11-08T11:44:26.109500Z,17,s,0.357,5.936
7027,2018-11-08T11:44:26.123500Z,16,p,0.837,0.07
7028,2018-11-08T11:44:26.131000Z,18,p,0.679,0.1501
7029,2018-11-08T11:44:26.134000Z,15,p,0.908,0.005232
7030,2018-11-08T11:44:26.136500Z,18,s,0.392,0.1501
7031,2018-11-08T11:44:26.139500Z,16,s,0.95,0.07
7032,2018-11-08T11:44:26.142000Z,19,p,0.696,0.004077
7033,2018-11-08T11:44:26.161000Z,15,s,0.894,0.005232
7034,2018-11-08T11:44:26.164000Z,19,s,0.675,0.003739
7035,2018-11-08T11:44:26.176500Z,20,s,0.393,0.003178
7036,2018-11-08T11:44:26.194500Z,13,s,0.701,0.009916
7037,2018-11-08T11:44:26.200000Z,21,s,0.588,0.003906
7038,2018-11-08T11:44:26.218000Z,22,s,0.824,0.003895
7039,2018-11-08T11:44:26.220000Z,12,s,0.744,0.008493
7040,2018-11-08T11:44:26.241500Z,23,s,0.412,0.003036
7041,2018-11-08T11:44:26.242500Z,11,s,0.799,0.003376
7042,2018-11-08T11:44:26.259500Z,24,s,0.811,0.00946
7043,2018-11-08T11:44:26.261500Z,10,s,0.425,0.001643
7044,2018-11-08T11:44:26.282500Z,9,s,0.597,0.002568
7045,2018-11-08T11:44:26.303500Z,8,s,0.883,0.003789
7046,2018-11-08T11:44:26.387500Z,4,s,0.613,0.002047
7047,2018-11-08T11:44:26.430500Z,2,s,0.505,0.002257
7048,2018-11-08T11:44:29.195500Z,16,s,0.706,0.01097
7049,2018-11-08T11:44:29.198000Z,17,s,0.637,0.008563
7050,2018-11-08T11:44:34.574000Z,18,p,0.602,0.002319
7051,2018-11-08T11:44:43.630500Z,17,p,0.802,0.03713
7052,2018-11-08T11:44:43.700000Z,17,s,0.726,0.03713
7053,2018-11-08T11:44:46.217500Z,17,s,0.407,0.04036
7054,2018-11-08T11:44:46.220000Z,17,p,0.377,0.04036
7055,2018-11-08T11:44:49.392500Z,17,p,0.527,0.01441
7056,2018-11-08T11:45:06.460000Z,18,s,0.911,0.00585
7057,2018-11-08T11:45:20.616500Z,19,s,0.65,0.003588
7058,2018-11-08T11:45:44.477500Z,20,p,0.311,0.00142
7059,2018-11-08T11:45:44.503500Z,20,p,0.339,0.0024
7060,2018-11-08T11:45:44.690000Z,20,s,0.712,0.0024
7061,2018-11-08T11:45:55.931500Z,5,s,0.67,0.002472
7062,2018-11-08T11:46:10.485500Z,8,s,0.784,0.003024
7063,2018-11-08T11:46:19.125500Z,22,p,0.523,0.003344
7064,2018-11-08T11:46:39.714000Z,24,p,0.958,0.01547
7065,2018-11-08T11:46:39.717000Z,23,p,0.923,0.01356
7066,2018-11-08T11:46:39.722500Z,22,p,0.952,0.008951
7067,2018-11-08T11:46:39.726000Z,21,p,0.861,0.007236
7068,2018-11-08T11:46:39.734000Z,20,p,0.933,0.008344
7069,2018-11-08T11:46:39.743000Z,24,s,0.957,0.01547
7070,2018-11-08T11:46:39.745500Z,15,p,0.658,0.002194
7071,2018-11-08T11:46:39.750500Z,23,s,0.96,0.01356
7072,2018-11-08T11:46:39.754000Z,19,p,0.674,0.004283
7073,2018-11-08T11:46:39.758000Z,18,p,0.568,0.003893
7074,2018-11-08T11:46:39.759500Z,22,s,0.959,0.008951
7075,2018-11-08T11:46:39.762500Z,17,p,0.462,0.003603
7076,2018-11-08T11:46:39.767500Z,12,p,0.375,0.003061
7077,2018-11-08T11:46:39.767500Z,21,s,0.913,0.005898
7078,2018-11-08T11:46:39.769500Z,16,p,0.587,0.004993
7079,2018-11-08T11:46:39.780000Z,20,s,0.901,0.004347
7080,2018-11-08T11:46:39.788000Z,19,s,0.923,0.004283
7081,2018-11-08T11:46:39.792500Z,13,p,0.691,0.004153
7082,2018-11-08T11:46:39.798000Z,18,s,0.836,0.003893
7083,2018-11-08T11:46:39.800500Z,8,p,0.433,0.001593
7084,2018-11-08T11:46:39.809500Z,17,s,0.937,0.002649
7085,2018-11-08T11:46:39.820000Z,16,s,0.9,0.004993
7086,2018-11-08T11:46:39.828500Z,15,s,0.89,0.002194
7087,2018-11-08T11:46:39.834500Z,14,s,0.668,0.002689
7088,2018-11-08T11:46:39.848500Z,13,s,0.93,0.004153
7089,2018-11-08T11:46:39.859000Z,12,s,0.856,0.003061
7090,2018-11-08T11:46:39.867000Z,11,s,0.706,0.002368
7091,2018-11-08T11:46:39.877500Z,10,s,0.832,0.00214
7092,2018-11-08T11:46:39.887500Z,9,s,0.823,0.003032
7093,2018-11-08T11:46:39.896000Z,8,s,0.761,0.001553
7094,2018-11-08T11:46:39.905500Z,7,s,0.661,0.001934
7095,2018-11-08T11:46:39.936500Z,4,s,0.339,0.00188
7096,2018-11-08T11:46:39.957500Z,2,s,0.59,0.001666
7097,2018-11-08T11:47:09.877500Z,18,s,0.392,0.002975
7098,2018-11-08T11:47:12.988500Z,18,p,0.415,0.002948
7099,2018-11-08T11:47:28.912500Z,21,s,0.703,0.006132
7100,2018-11-08T11:47:28.927500Z,1,p,0.393,0.002823
7101,2018-11-08T11:47:29.037500Z,1,s,0.503,0.002823
7102,2018-11-08T11:47:49.513000Z,24,p,0.964,0.01181
7103,2018-11-08T11:47:49.517000Z,23,p,0.929,0.008437
7104,2018-11-08T11:47:49.540000Z,19,p,0.683,0.002878
7105,2018-11-08T11:47:49.542500Z,22,p,0.46,0.008362
7106,2018-11-08T11:47:49.583500Z,12,p,0.399,0.002574
7107,2018-11-08T11:47:49.586000Z,24,s,0.911,0.01181
7108,2018-11-08T11:47:49.593000Z,23,s,0.956,0.008437
7109,2018-11-08T11:47:49.603000Z,22,s,0.919,0.008362
7110,2018-11-08T11:47:49.610000Z,21,s,0.838,0.004198
7111,2018-11-08T11:47:49.626500Z,19,s,0.547,0.002878
7112,2018-11-08T11:47:49.635500Z,18,s,0.349,0.003013
7113,2018-11-08T11:47:49.642500Z,17,s,0.776,0.003343
7114,2018-11-08T11:47:49.651500Z,16,s,0.307,0.002522
7115,2018-11-08T11:47:49.685000Z,12,s,0.584,0.002574
7116,2018-11-08T11:47:49.724500Z,8,p,0.658,0.00319
7117,2018-11-08T11:48:22.266500Z,10,s,0.303,0.002143
7118,2018-11-08T11:49:06.477500Z,10,s,0.604,0.004993
7119,2018-11-08T11:49:17.451500Z,17,s,0.793,0.003769
7120,2018-11-08T11:49:18.082500Z,15,p,0.411,0.002304
7121,2018-11-08T11:49:18.087500Z,16,p,0.428,0.001897
7122,2018-11-08T11:49:19.355500Z,12,p,0.931,0.004957
7123,2018-11-08T11:49:19.378000Z,13,p,0.412,0.01423
7124,2018-11-08T11:49:19.420000Z,13,s,0.875,0.01423
7125,2018-11-08T11:49:19.421000Z,12,s,0.875,0.004957
7126,2018-11-08T11:51:02.776500Z,17,s,0.435,0.001993
7127,2018-11-08T11:51:06.010000Z,21,s,0.418,0.002838
7128,2018-11-08T11:52:04.819500Z,20,s,0.32,0.001964
7129,2018-11-08T11:52:07.749500Z,5,s,0.527,0.0026
7130,2018-11-08T11:52:18.759500Z,24,p,0.976,0.03546
7131,2018-11-08T11:52:18.765000Z,23,p,0.98,0.06885
7132,2018-11-08T11:52:18.769500Z,22,p,0.981,0.04841
7133,2018-11-08T11:52:18.773500Z,21,p,0.969,0.02855
7134,2018-11-08T11:52:18.777500Z,20,p,0.984,0.02595
7135,2018-11-08T11:52:18.783000Z,19,p,0.954,0.02657
7136,2018-11-08T11:52:18.788500Z,18,p,0.956,0.03056
7137,2018-11-08T11:52:18.790500Z,17,p,0.568,0.01077
7138,2018-11-08T11:52:18.793500Z,17,s,0.423,0.01077
7139,2018-11-08T11:52:18.799000Z,16,p,0.94,0.01887
7140,2018-11-08T11:52:18.803500Z,15,p,0.956,0.006967
7141,2018-11-08T11:52:18.809000Z,14,p,0.87,0.007274
7142,2018-11-08T11:52:18.813000Z,13,p,0.731,0.01029
7143,2018-11-08T11:52:18.819000Z,12,s,0.415,0.01348
7144,2018-11-08T11:52:18.821500Z,12,p,0.647,0.01348
7145,2018-11-08T11:52:18.825500Z,11,p,0.968,0.005737
7146,2018-11-08T11:52:18.826500Z,24,s,0.962,0.02865
7147,2018-11-08T11:52:18.830000Z,10,p,0.92,0.004015
7148,2018-11-08T11:52:18.834500Z,23,s,0.961,0.01737
7149,2018-11-08T11:52:18.835500Z,9,s,0.79,0.002716
7150,2018-11-08T11:52:18.839500Z,8,p,0.927,0.002242
7151,2018-11-08T11:52:18.841500Z,22,s,0.944,0.008752
7152,2018-11-08T11:52:18.844500Z,7,p,0.729,0.001743
7153,2018-11-08T11:52:18.849000Z,21,s,0.883,0.003267
7154,2018-11-08T11:52:18.858500Z,5,p,0.524,0.001865
7155,2018-11-08T11:52:18.861000Z,4,p,0.955,0.001966
7156,2018-11-08T11:52:18.863000Z,19,s,0.734,0.003413
7157,2018-11-08T11:52:18.864000Z,20,s,0.743,0.004547
7158,2018-11-08T11:52:18.864500Z,3,p,0.624,0.002341
7159,2018-11-08T11:52:18.880000Z,2,p,0.919,0.002229
7160,2018-11-08T11:52:18.891500Z,16,s,0.567,0.00289
7161,2018-11-08T11:52:18.900500Z,15,s,0.73,0.002241
7162,2018-11-08T11:52:18.910000Z,14,s,0.52,0.002028
7163,2018-11-08T11:52:18.923000Z,13,s,0.696,0.003482
7164,2018-11-08T11:52:18.932000Z,12,s,0.789,0.002383
7165,2018-11-08T11:52:18.941500Z,11,s,0.663,0.001939
7166,2018-11-08T11:52:18.943000Z,10,s,0.579,0.001957
7167,2018-11-08T11:52:18.957500Z,8,s,0.633,0.002203
7168,2018-11-08T11:52:18.975500Z,7,s,0.366,0.001743
7169,2018-11-08T11:52:18.994500Z,5,s,0.606,0.001583
7170,2018-11-08T11:52:19.002500Z,4,s,0.749,0.001733
7171,2018-11-08T11:52:19.016000Z,2,s,0.71,0.002229
7172,2018-11-08T11:52:19.022000Z,3,s,0.533,0.00164
7173,2018-11-08T11:52:22.285500Z,23,s,0.318,0.002051
7174,2018-11-08T11:53:40.740500Z,19,p,0.323,0.05207
7175,2018-11-08T11:54:13.413500Z,21,s,0.336,0.003036
7176,2018-11-08T11:54:25.259000Z,24,p,0.929,0.0115
7177,2018-11-08T11:54:25.262000Z,23,p,0.76,0.01145
7178,2018-11-08T11:54:25.267500Z,22,p,0.915,0.007863
7179,2018-11-08T11:54:25.271500Z,21,p,0.921,0.009135
7180,2018-11-08T11:54:25.274000Z,20,p,0.562,0.004973
7181,2018-11-08T11:54:25.281500Z,19,p,0.953,0.003434
7182,2018-11-08T11:54:25.286500Z,18,p,0.758,0.003669
7183,2018-11-08T11:54:25.289500Z,17,p,0.833,0.003059
7184,2018-11-08T11:54:25.295500Z,16,p,0.856,0.002575
7185,2018-11-08T11:54:25.308500Z,13,p,0.511,0.002179
7186,2018-11-08T11:54:25.348500Z,24,s,0.954,0.0115
7187,2018-11-08T11:54:25.350500Z,5,p,0.46,0.002061
7188,2018-11-08T11:54:25.355500Z,23,s,0.931,0.01145
7189,2018-11-08T11:54:25.356500Z,4,p,0.796,0.002606
7190,2018-11-08T11:54:25.362500Z,22,s,0.932,0.007863
7191,2018-11-08T11:54:25.370000Z,21,s,0.935,0.009135
7192,2018-11-08T11:54:25.377000Z,20,s,0.838,0.004973
7193,2018-11-08T11:54:25.386000Z,19,s,0.905,0.00285
7194,2018-11-08T11:54:25.390500Z,18,s,0.492,0.003669
7195,2018-11-08T11:54:25.403500Z,17,s,0.89,0.003059
7196,2018-11-08T11:54:25.412500Z,16,s,0.66,0.002575
7197,2018-11-08T11:54:25.481500Z,5,s,0.312,0.001641
7198,2018-11-08T11:54:25.512000Z,4,s,0.666,0.00204
7199,2018-11-08T11:55:04.373500Z,19,p,0.301,0.002004
7200,2018-11-08T11:55:43.379000Z,11,s,0.714,0.004165
7201,2018-11-08T11:55:49.227500Z,3,p,0.459,0.002277
7202,2018-11-08T11:55:56.234000Z,20,s,0.59,0.002877
7203,2018-11-08T11:56:10.265500Z,21,s,0.802,0.00467
7204,2018-11-08T11:56:44.676000Z,20,p,0.371,0.002321
7205,2018-11-08T11:56:44.836000Z,20,s,0.581,0.002321
7206,2018-11-08T11:57:21.211000Z,21,s,0.874,0.00349
7207,2018-11-08T11:57:22.432000Z,14,s,0.322,0.004376
7208,2018-11-08T11:58:25.574000Z,6,p,0.41,0.00154
7209,2018-11-08T11:58:39.220500Z,20,s,0.511,0.002289
7210,2018-11-08T11:58:49.004000Z,14,s,0.604,0.004342
7211,2018-11-08T11:58:49.413500Z,6,p,0.345,0.001643
7212,2018-11-08T11:58:56.644500Z,22,s,0.355,0.002135
7213,2018-11-08T11:59:14.204500Z,6,p,0.508,0.001561
7214,2018-11-08T11:59:37.572500Z,19,p,0.309,0.003566
7215,2018-11-08T11:59:37.652000Z,19,s,0.445,0.003566
7216,2018-11-08T11:59:56.020000Z,5,s,0.642,0.002792
7217,2018-11-08T12:00:24.932000Z,20,p,0.739,0.001892
7218,2018-11-08T12:00:25.044000Z,20,s,0.442,0.001892
7219,2018-11-08T12:00:47.424500Z,3,s,0.476,0.003845
7220,2018-11-08T12:02:24.508000Z,21,s,0.895,0.01155
7221,2018-11-08T12:02:24.510500Z,22,s,0.891,0.008281
7222,2018-11-08T12:02:29.759500Z,6,p,0.331,0.001761
7223,2018-11-08T12:03:26.452500Z,11,p,0.693,0.00315
7224,2018-11-08T12:03:44.474500Z,20,s,0.506,0.003713
7225,2018-11-08T12:03:44.640000Z,20,p,0.416,0.003367
7226,2018-11-08T12:03:46.935000Z,17,p,0.589,0.0229
7227,2018-11-08T12:03:59.162000Z,12,p,0.341,0.00228
7228,2018-11-08T12:04:04.173500Z,2,p,0.522,0.002048
7229,2018-11-08T12:04:11.605500Z,16,p,0.309,0.002382
7230,2018-11-08T12:05:36.043500Z,20,p,0.306,0.001854
7231,2018-11-08T12:05:36.228000Z,20,s,0.485,0.001854
7232,2018-11-08T12:06:43.829500Z,23,p,0.442,0.002467
7233,2018-11-08T12:06:43.957000Z,23,s,0.871,0.002467
7234,2018-11-08T12:07:37.630500Z,5,s,0.579,0.002411
7235,2018-11-08T12:08:13.163000Z,24,p,0.485,0.02053
7236,2018-11-08T12:08:13.165500Z,24,s,0.317,0.02053
7237,2018-11-08T12:08:20.501500Z,20,p,0.618,0.001928
7238,2018-11-08T12:08:20.784500Z,20,s,0.667,0.001928
7239,2018-11-08T12:08:24.747500Z,24,s,0.658,0.06141
7240,2018-11-08T12:08:24.749500Z,24,p,0.314,0.06141
7241,2018-11-08T12:08:31.652500Z,22,p,0.39,0.005934
7242,2018-11-08T12:08:31.736000Z,22,s,0.862,0.005934
7243,2018-11-08T12:09:05.820000Z,5,s,0.405,0.001646
7244,2018-11-08T12:09:05.822500Z,6,s,0.538,0.001695
7245,2018-11-08T12:09:11.655000Z,21,s,0.777,0.002936
7246,2018-11-08T12:09:21.277500Z,2,s,0.871,0.003088
7247,2018-11-08T12:09:31.909500Z,17,s,0.314,0.00199
7248,2018-11-08T12:09:47.776000Z,20,s,0.833,0.002676
7249,2018-11-08T12:09:53.760000Z,19,p,0.546,0.002206
7250,2018-11-08T12:09:58.756000Z,20,p,0.445,0.002138
7251,2018-11-08T12:09:59.001500Z,20,s,0.395,0.002138
7252,2018-11-08T12:10:03.418000Z,20,s,0.792,0.002658
7253,2018-11-08T12:10:09.434500Z,21,p,0.788,0.004524
7254,2018-11-08T12:10:09.792000Z,21,s,0.602,0.00413
7255,2018-11-08T12:12:00.501500Z,22,s,0.461,0.002801
7256,2018-11-08T12:12:26.284000Z,11,s,0.758,0.004465
7257,2018-11-08T12:12:46.263500Z,20,p,0.476,0.00222
7258,2018-11-08T12:12:46.443000Z,20,s,0.716,0.00222
7259,2018-11-08T12:12:53.340500Z,18,p,0.385,0.003482
7260,2018-11-08T12:13:57.970500Z,22,s,0.503,0.002506
7261,2018-11-08T12:14:03.764500Z,20,p,0.426,0.001991
7262,2018-11-08T12:14:03.970500Z,20,s,0.454,0.001991
7263,2018-11-08T12:15:21.850000Z,5,p,0.865,0.003752
7264,2018-11-08T12:15:21.980000Z,5,s,0.852,0.003752
7265,2018-11-08T12:15:28.786000Z,4,s,0.511,0.006636
7266,2018-11-08T12:15:35.667500Z,20,p,0.569,0.001647
7267,2018-11-08T12:15:35.918500Z,20,s,0.513,0.001592
7268,2018-11-08T12:15:56.608500Z,23,s,0.301,0.002219
7269,2018-11-08T12:16:10.428000Z,24,p,0.978,0.2774
7270,2018-11-08T12:16:10.433500Z,23,p,0.982,0.1622
7271,2018-11-08T12:16:10.438000Z,22,p,0.982,0.108
7272,2018-11-08T12:16:10.443000Z,21,p,0.984,0.07834
7273,2018-11-08T12:16:10.448000Z,20,p,0.979,0.06132
7274,2018-11-08T12:16:10.453500Z,19,p,0.985,0.05037
7275,2018-11-08T12:16:10.459000Z,18,p,0.979,0.03939
7276,2018-11-08T12:16:10.463500Z,17,p,0.98,0.04862
7277,2018-11-08T12:16:10.469500Z,16,p,0.98,0.03254
7278,2018-11-08T12:16:10.473500Z,15,p,0.936,0.01973
7279,2018-11-08T12:16:10.479500Z,14,p,0.972,0.03334
7280,2018-11-08T12:16:10.483000Z,24,s,0.962,0.2774
7281,2018-11-08T12:16:10.485500Z,13,p,0.973,0.02164
7282,2018-11-08T12:16:10.490000Z,23,s,0.961,0.1622
7283,2018-11-08T12:16:10.491500Z,12,p,0.953,0.01935
7284,2018-11-08T12:16:10.495500Z,11,p,0.966,0.01807
7285,2018-11-08T12:16:10.497500Z,22,s,0.972,0.108
7286,2018-11-08T12:16:10.501500Z,10,p,0.97,0.0159
7287,2018-11-08T12:16:10.506500Z,21,s,0.964,0.07834
7288,2018-11-08T12:16:10.507000Z,9,p,0.94,0.01026
7289,2018-11-08T12:16:10.515500Z,8,p,0.975,0.01417
7290,2018-11-08T12:16:10.515500Z,20,s,0.969,0.06132
7291,2018-11-08T12:16:10.520000Z,7,p,0.949,0.01398
7292,2018-11-08T12:16:10.524000Z,19,s,0.946,0.05037
7293,2018-11-08T12:16:10.525500Z,6,p,0.968,0.0109
7294,2018-11-08T12:16:10.531000Z,5,p,0.978,0.008855
7295,2018-11-08T12:16:10.534500Z,18,s,0.959,0.03939
7296,2018-11-08T12:16:10.536000Z,4,p,0.978,0.008958
7297,2018-11-08T12:16:10.541000Z,3,p,0.976,0.008224
7298,2018-11-08T12:16:10.543000Z,17,s,0.959,0.04862
7299,2018-11-08T12:16:10.547500Z,2,p,0.981,0.00717
7300,2018-11-08T12:16:10.552000Z,1,p,0.97,0.004721
7301,2018-11-08T12:16:10.553500Z,16,s,0.962,0.03254
7302,2018-11-08T12:16:10.562000Z,15,s,0.903,0.01973
7303,2018-11-08T12:16:10.573000Z,14,s,0.939,0.03334
7304,2018-11-08T12:16:10.582500Z,13,s,0.946,0.02164
7305,2018-11-08T12:16:10.590500Z,12,s,0.882,0.01935
7306,2018-11-08T12:16:10.600500Z,11,s,0.944,0.01807
7307,2018-11-08T12:16:10.611000Z,10,s,0.853,0.0159
7308,2018-11-08T12:16:10.620500Z,9,s,0.934,0.01026
7309,2018-11-08T12:16:10.629500Z,8,s,0.941,0.01417
7310,2018-11-08T12:16:10.636500Z,7,s,0.936,0.01398
7311,2018-11-08T12:16:10.645500Z,6,s,0.927,0.0109
7312,2018-11-08T12:16:10.655000Z,5,s,0.915,0.006623
7313,2018-11-08T12:16:10.664500Z,4,s,0.776,0.008958
7314,2018-11-08T12:16:10.675500Z,3,s,0.91,0.008224
7315,2018-11-08T12:16:10.684500Z,2,s,0.942,0.007078
7316,2018-11-08T12:16:10.691500Z,1,s,0.918,0.004721
7317,2018-11-08T12:16:30.304500Z,22,s,0.375,0.003064
7318,2018-11-08T12:17:19.328500Z,23,s,0.656,0.002397
7319,2018-11-08T12:17:27.074000Z,24,p,0.942,0.03127
7320,2018-11-08T12:17:27.079000Z,23,p,0.907,0.01692
7321,2018-11-08T12:17:27.082000Z,22,p,0.812,0.009482
7322,2018-11-08T12:17:27.082000Z,18,p,0.387,0.004551
7323,2018-11-08T12:17:27.091000Z,21,p,0.904,0.008284
7324,2018-11-08T12:17:27.094500Z,20,p,0.942,0.006169
7325,2018-11-08T12:17:27.095500Z,19,p,0.347,0.005629
7326,2018-11-08T12:17:27.110500Z,17,p,0.489,0.005676
7327,2018-11-08T12:17:27.130000Z,12,p,0.314,0.002969
7328,2018-11-08T12:17:27.133500Z,13,p,0.706,0.003018
7329,2018-11-08T12:17:27.134500Z,16,p,0.514,0.00323
7330,2018-11-08T12:17:27.135500Z,14,p,0.698,0.003699
7331,2018-11-08T12:17:27.141000Z,24,s,0.959,0.03127
7332,2018-11-08T12:17:27.148000Z,23,s,0.96,0.01692
7333,2018-11-08T12:17:27.157000Z,22,s,0.952,0.009482
7334,2018-11-08T12:17:27.165000Z,21,s,0.946,0.008284
7335,2018-11-08T12:17:27.174500Z,20,s,0.873,0.006169
7336,2018-11-08T12:17:27.182500Z,19,s,0.922,0.005629
7337,2018-11-08T12:17:27.191000Z,18,s,0.79,0.004551
7338,2018-11-08T12:17:27.201000Z,17,s,0.893,0.005676
7339,2018-11-08T12:17:27.209500Z,16,s,0.762,0.00323
7340,2018-11-08T12:17:27.223000Z,15,s,0.816,0.002155
7341,2018-11-08T12:17:27.233000Z,14,s,0.842,0.003699
7342,2018-11-08T12:17:27.240500Z,13,s,0.455,0.003018
7343,2018-11-08T12:17:27.244000Z,12,s,0.476,0.002969
7344,2018-11-08T12:17:27.272500Z,10,s,0.316,0.002037
7345,2018-11-08T12:17:41.831000Z,20,s,0.58,0.003155
7346,2018-11-08T12:19:12.177500Z,17,s,0.68,0.001978
7347,2018-11-08T12:19:24.796000Z,6,s,0.423,0.002163
7348,2018-11-08T12:19:25.241500Z,2,s,0.459,0.002317
7349,2018-11-08T12:19:47.060000Z,22,s,0.716,0.003077
7350,2018-11-08T12:19:58.625500Z,1,p,0.302,0.002609
7351,2018-11-08T12:19:58.715500Z,1,s,0.862,0.002609
7352,2018-11-08T12:20:07.950000Z,20,s,0.306,0.001819
7353,2018-11-08T12:20:09.420000Z,11,s,0.509,0.004111
7354,2018-11-08T12:21:13.003500Z,17,s,0.435,0.001766
7355,2018-11-08T12:21:37.231500Z,5,p,0.85,0.002864
7356,2018-11-08T12:21:37.336500Z,5,s,0.821,0.002864
7357,2018-11-08T12:24:20.060500Z,24,s,0.549,0.008967
7358,2018-11-08T12:24:26.122000Z,23,p,0.313,0.00211
7359,2018-11-08T12:25:01.865500Z,7,s,0.619,0.004814
7360,2018-11-08T12:26:32.861500Z,3,s,0.369,0.002962
7361,2018-11-08T12:26:59.361500Z,24,p,0.895,0.004517
7362,2018-11-08T12:26:59.365500Z,23,p,0.972,0.002878
7363,2018-11-08T12:26:59.369500Z,22,p,0.472,0.00179
7364,2018-11-08T12:26:59.381000Z,20,p,0.917,0.002109
7365,2018-11-08T12:26:59.386000Z,19,p,0.808,0.002619
7366,2018-11-08T12:26:59.460500Z,24,s,0.864,0.004517
7367,2018-11-08T12:26:59.468000Z,23,s,0.919,0.002678
7368,2018-11-08T12:26:59.475000Z,22,s,0.607,0.00179
7369,2018-11-08T12:26:59.496500Z,20,s,0.754,0.002109
7370,2018-11-08T12:26:59.500000Z,19,s,0.649,0.001598
7371,2018-11-08T12:27:11.185000Z,18,p,0.512,0.009574
7372,2018-11-08T12:27:40.475500Z,5,s,0.743,0.002481
7373,2018-11-08T12:27:47.840500Z,1,s,0.367,0.002
7374,2018-11-08T12:27:52.327000Z,3,s,0.312,0.002055
7375,2018-11-08T12:27:52.363500Z,13,s,0.321,0.001617
7376,2018-11-08T12:27:54.093500Z,19,s,0.785,0.005119
7377,2018-11-08T12:27:54.421500Z,3,s,0.471,0.002077
7378,2018-11-08T12:27:54.456500Z,13,s,0.402,0.001757
7379,2018-11-08T12:27:56.318000Z,14,p,0.355,0.001989
7380,2018-11-08T12:27:56.469500Z,2,p,0.804,0.002624
7381,2018-11-08T12:27:56.472500Z,3,s,0.605,0.002178
7382,2018-11-08T12:27:56.503500Z,16,s,0.311,0.001846
7383,2018-11-08T12:27:56.505500Z,14,s,0.386,0.001989
7384,2018-11-08T12:27:58.304500Z,1,s,0.349,0.001877
7385,2018-11-08T12:27:58.311000Z,3,s,0.551,0.00225
7386,2018-11-08T12:27:58.311500Z,4,p,0.303,0.002215
7387,2018-11-08T12:27:58.336500Z,11,s,0.589,0.001695
7388,2018-11-08T12:27:58.344500Z,14,s,0.339,0.00232
7389,2018-11-08T12:28:00.191500Z,14,p,0.471,0.002584
7390,2018-11-08T12:28:00.333500Z,1,s,0.455,0.002097
7391,2018-11-08T12:28:00.336500Z,2,s,0.431,0.002219
7392,2018-11-08T12:28:00.344500Z,4,s,0.687,0.002805
7393,2018-11-08T12:28:00.368500Z,14,s,0.676,0.002584
7394,2018-11-08T12:28:00.377500Z,15,s,0.545,0.001974
7395,2018-11-08T12:28:02.311500Z,1,s,0.363,0.002192
7396,2018-11-08T12:28:02.317500Z,2,s,0.305,0.002043
7397,2018-11-08T12:28:02.319500Z,3,s,0.408,0.002009
7398,2018-11-08T12:28:02.325500Z,4,s,0.366,0.002754
7399,2018-11-08T12:28:02.358500Z,14,s,0.72,0.002086
7400,2018-11-08T12:28:02.363500Z,15,s,0.446,0.002003
7401,2018-11-08T12:28:04.373500Z,15,p,0.456,0.002007
7402,2018-11-08T12:28:04.474500Z,1,s,0.489,0.001995
7403,2018-11-08T12:28:04.483500Z,2,s,0.329,0.002233
7404,2018-11-08T12:28:04.486500Z,3,s,0.619,0.002124
7405,2018-11-08T12:28:04.489500Z,5,p,0.587,0.001579
7406,2018-11-08T12:28:04.489500Z,4,s,0.321,0.002258
7407,2018-11-08T12:28:04.517500Z,13,s,0.33,0.001923
7408,2018-11-08T12:28:04.525000Z,15,s,0.754,0.002007
7409,2018-11-08T12:28:06.809500Z,23,s,0.656,0.002775
7410,2018-11-08T12:28:06.869500Z,2,p,0.381,0.002755
7411,2018-11-08T12:28:06.881500Z,4,s,0.644,0.002702
7412,2018-11-08T12:28:06.909500Z,13,s,0.536,0.001768
7413,2018-11-08T12:28:06.912000Z,14,s,0.76,0.002023
7414,2018-11-08T12:28:06.916000Z,15,s,0.672,0.002256
7415,2018-11-08T12:28:09.217000Z,1,s,0.706,0.002165
7416,2018-11-08T12:28:09.222500Z,3,s,0.749,0.002519
7417,2018-11-08T12:28:09.223500Z,5,p,0.325,0.00221
7418,2018-11-08T12:28:09.224500Z,4,s,0.442,0.002503
7419,2018-11-08T12:28:09.229500Z,6,s,0.346,0.001666
7420,2018-11-08T12:28:09.245500Z,11,s,0.419,0.001958
7421,2018-11-08T12:28:09.258000Z,14,s,0.704,0.002351
7422,2018-11-08T12:28:09.261000Z,15,s,0.745,0.002116
7423,2018-11-08T12:28:09.261500Z,16,s,0.457,0.001974
7424,2018-11-08T12:28:11.228000Z,15,p,0.322,0.002168
7425,2018-11-08T12:28:11.397500Z,3,s,0.409,0.002313
7426,2018-11-08T12:28:11.422500Z,13,s,0.592,0.001975
7427,2018-11-08T12:28:11.429500Z,14,s,0.452,0.001952
7428,2018-11-08T12:28:11.431500Z,15,s,0.413,0.002168
7429,2018-11-08T12:28:11.516500Z,11,s,0.788,0.003772
7430,2018-11-08T12:28:12.543500Z,21,s,0.696,0.00424
7431,2018-11-08T12:29:28.084000Z,24,p,0.427,0.009086
7432,2018-11-08T12:29:28.089500Z,23,p,0.927,0.005229
7433,2018-11-08T12:29:28.095500Z,21,p,0.413,0.002663
7434,2018-11-08T12:29:28.150000Z,24,s,0.869,0.009086
7435,2018-11-08T12:29:28.157000Z,23,s,0.951,0.005229
7436,2018-11-08T12:29:28.163500Z,22,s,0.751,0.00328
7437,2018-11-08T12:29:28.170500Z,21,s,0.722,0.002663
7438,2018-11-08T12:29:37.334500Z,21,s,0.683,0.007102
7439,2018-11-08T12:30:05.954500Z,19,s,0.561,0.001689
7440,2018-11-08T12:30:09.311500Z,23,s,0.346,0.002532
7441,2018-11-08T12:30:54.871500Z,21,s,0.501,0.00332
7442,2018-11-08T12:31:19.625500Z,21,s,0.57,0.004795
7443,2018-11-08T12:31:27.396500Z,21,p,0.396,0.003132
7444,2018-11-08T12:31:27.500500Z,21,s,0.694,0.003132
7445,2018-11-08T12:31:29.466000Z,21,p,0.939,0.02011
7446,2018-11-08T12:31:29.468500Z,22,s,0.681,0.02091
7447,2018-11-08T12:31:29.488500Z,21,s,0.541,0.008193
7448,2018-11-08T12:31:30.388000Z,21,p,0.361,0.002533
7449,2018-11-08T12:31:30.475500Z,22,s,0.356,0.002452
7450,2018-11-08T12:31:42.783500Z,20,s,0.452,0.003067
7451,2018-11-08T12:31:49.565500Z,22,s,0.623,0.00238
7452,2018-11-08T12:33:08.813500Z,17,s,0.308,0.001845
7453,2018-11-08T12:33:14.324000Z,1,p,0.305,0.001801
7454,2018-11-08T12:33:14.454500Z,4,s,0.39,0.001907
7455,2018-11-08T12:33:18.522000Z,2,p,0.567,0.002281
7456,2018-11-08T12:33:18.532000Z,4,p,0.481,0.002384
7457,2018-11-08T12:33:20.840500Z,4,p,0.486,0.002791
7458,2018-11-08T12:33:20.878500Z,14,s,0.532,0.002928
7459,2018-11-08T12:33:23.046500Z,2,p,0.484,0.002697
7460,2018-11-08T12:33:23.053500Z,3,s,0.34,0.002618
7461,2018-11-08T12:33:23.056500Z,4,s,0.311,0.002432
7462,2018-11-08T12:33:23.083500Z,13,s,0.34,0.001835
7463,2018-11-08T12:33:25.473500Z,1,p,0.349,0.002576
7464,2018-11-08T12:33:25.484500Z,4,p,0.375,0.00321
7465,2018-11-08T12:33:25.520500Z,14,s,0.589,0.002387
7466,2018-11-08T12:33:43.084000Z,23,s,0.747,0.00312
7467,2018-11-08T12:33:49.152000Z,3,p,0.485,0.003031
7468,2018-11-08T12:33:49.273500Z,2,p,0.373,0.002831
7469,2018-11-08T12:33:49.280500Z,3,s,0.688,0.003031
7470,2018-11-08T12:33:49.285000Z,4,s,0.517,0.002761
7471,2018-11-08T12:33:49.305500Z,12,p,0.565,0.001988
7472,2018-11-08T12:33:49.312500Z,13,s,0.538,0.002347
7473,2018-11-08T12:33:49.316500Z,16,s,0.412,0.001812
7474,2018-11-08T12:33:51.493500Z,2,s,0.394,0.002137
7475,2018-11-08T12:33:51.496500Z,3,s,0.462,0.002495
7476,2018-11-08T12:33:51.502500Z,4,s,0.474,0.002304
7477,2018-11-08T12:33:51.519000Z,11,s,0.3,0.001759
7478,2018-11-08T12:33:51.528500Z,13,s,0.319,0.001673
7479,2018-11-08T12:33:51.534000Z,15,s,0.522,0.001777
7480,2018-11-08T12:33:54.022500Z,3,s,0.433,0.002813
7481,2018-11-08T12:33:54.051500Z,11,s,0.516,0.00202
7482,2018-11-08T12:33:54.058500Z,14,s,0.674,0.002641
7483,2018-11-08T12:33:54.060000Z,15,s,0.707,0.002045
7484,2018-11-08T12:33:56.137500Z,1,s,0.369,0.002054
7485,2018-11-08T12:33:56.137500Z,2,p,0.576,0.003305
7486,2018-11-08T12:33:56.143500Z,4,s,0.315,0.002892
7487,2018-11-08T12:33:56.165500Z,11,s,0.375,0.001862
7488,2018-11-08T12:33:56.176500Z,14,s,0.575,0.002515
7489,2018-11-08T12:33:56.181500Z,15,s,0.441,0.002401
7490,2018-11-08T12:33:56.185500Z,16,s,0.338,0.001978
7491,2018-11-08T12:33:58.249000Z,2,p,0.311,0.002287
7492,2018-11-08T12:33:58.253000Z,3,p,0.344,0.002673
7493,2018-11-08T12:33:58.256500Z,3,s,0.401,0.002673
7494,2018-11-08T12:33:58.258500Z,4,s,0.539,0.003071
7495,2018-11-08T12:33:58.281500Z,12,p,0.331,0.002001
7496,2018-11-08T12:33:58.284000Z,13,s,0.519,0.002163
7497,2018-11-08T12:34:05.018000Z,13,p,0.411,0.0019
7498,2018-11-08T12:34:05.275500Z,13,s,0.36,0.0019
7499,2018-11-08T12:34:07.711500Z,13,s,0.668,0.002802
7500,2018-11-08T12:34:07.723500Z,12,s,0.445,0.002434
7501,2018-11-08T12:34:45.916500Z,19,s,0.73,0.002697
7502,2018-11-08T12:34:49.608500Z,5,s,0.763,0.002449
7503,2018-11-08T12:35:44.855500Z,23,p,0.946,0.2119
7504,2018-11-08T12:35:51.607500Z,1,p,0.733,0.002696
7505,2018-11-08T12:35:51.723500Z,1,s,0.415,0.002696
7506,2018-11-08T12:36:01.056500Z,11,s,0.329,0.003666
7507,2018-11-08T12:36:24.003000Z,23,s,0.34,0.003188
7508,2018-11-08T12:36:41.076500Z,23,s,0.516,0.002746
7509,2018-11-08T12:36:53.908000Z,20,s,0.476,0.002117
7510,2018-11-08T12:37:04.798500Z,10,s,0.409,0.001582
7511,2018-11-08T12:37:25.161500Z,4,p,0.354,0.002143
7512,2018-11-08T12:37:25.162500Z,3,s,0.333,0.001496
7513,2018-11-08T12:37:28.968500Z,15,p,0.406,0.001535
7514,2018-11-08T12:37:29.068500Z,3,p,0.319,0.001711
7515,2018-11-08T12:37:29.076000Z,3,s,0.31,0.001711
7516,2018-11-08T12:37:29.109500Z,15,s,0.374,0.001535
7517,2018-11-08T12:37:33.365500Z,4,s,0.352,0.001786
7518,2018-11-08T12:37:42.962500Z,3,s,0.396,0.001609
7519,2018-11-08T12:37:42.966500Z,4,s,0.521,0.001727
7520,2018-11-08T12:37:42.999500Z,15,s,0.32,0.001638
7521,2018-11-08T12:37:45.060000Z,4,p,0.409,0.001651
7522,2018-11-08T12:37:47.275500Z,3,s,0.408,0.002135
7523,2018-11-08T12:37:47.278500Z,4,s,0.522,0.001941
7524,2018-11-08T12:37:47.306500Z,14,s,0.452,0.002197
7525,2018-11-08T12:37:47.307500Z,15,s,0.315,0.001699
7526,2018-11-08T12:37:47.364000Z,20,s,0.676,0.003275
7527,2018-11-08T12:37:49.415500Z,1,s,0.34,0.001901
7528,2018-11-08T12:37:49.437500Z,2,s,0.504,0.001934
7529,2018-11-08T12:37:49.439500Z,3,s,0.351,0.001854
7530,2018-11-08T12:37:49.446500Z,4,s,0.494,0.001813
7531,2018-11-08T12:37:49.478500Z,14,s,0.427,0.001778
7532,2018-11-08T12:37:51.749500Z,14,s,0.418,0.001978
7533,2018-11-08T12:37:53.828500Z,15,p,0.822,0.001802
7534,2018-11-08T12:37:54.092500Z,15,s,0.534,0.001802
7535,2018-11-08T12:37:56.296000Z,4,p,0.487,0.001892
7536,2018-11-08T12:37:56.333500Z,14,s,0.371,0.002115
7537,2018-11-08T12:38:30.742500Z,20,s,0.376,0.001957
7538,2018-11-08T12:38:36.416500Z,3,s,0.363,0.002245
7539,2018-11-08T12:40:46.465500Z,1,s,0.323,0.001867
7540,2018-11-08T12:42:14.825000Z,17,p,0.863,0.1128
7541,2018-11-08T12:42:14.832500Z,16,p,0.303,0.006459
7542,2018-11-08T12:42:31.598500Z,17,p,0.425,0.001597
7543,2018-11-08T12:42:41.842000Z,4,p,0.366,0.002608
7544,2018-11-08T12:43:37.416500Z,11,s,0.403,0.004714
7545,2018-11-08T12:43:47.198000Z,12,p,0.393,0.001743
7546,2018-11-08T12:45:17.218000Z,21,p,0.587,0.001821
7547,2018-11-08T12:45:17.323500Z,23,p,0.898,0.00344
7548,2018-11-08T12:45:17.332500Z,22,p,0.348,0.002009
7549,2018-11-08T12:45:17.442500Z,23,s,0.745,0.00344
7550,2018-11-08T12:45:17.451000Z,22,s,0.627,0.002009
7551,2018-11-08T12:45:40.806500Z,20,s,0.475,0.003619
7552,2018-11-08T12:46:03.351000Z,24,p,0.984,0.08523
7553,2018-11-08T12:46:03.355500Z,23,p,0.986,0.07558
7554,2018-11-08T12:46:03.359500Z,22,p,0.974,0.06303
7555,2018-11-08T12:46:03.364000Z,21,p,0.978,0.03607
7556,2018-11-08T12:46:03.369500Z,20,p,0.984,0.0301
7557,2018-11-08T12:46:03.373500Z,19,p,0.98,0.05735
7558,2018-11-08T12:46:03.378000Z,18,p,0.978,0.07635
7559,2018-11-08T12:46:03.383500Z,17,p,0.978,0.0229
7560,2018-11-08T12:46:03.388000Z,16,p,0.983,0.04726
7561,2018-11-08T12:46:03.393500Z,15,p,0.985,0.01671
7562,2018-11-08T12:46:03.399000Z,14,p,0.984,0.01585
7563,2018-11-08T12:46:03.404000Z,13,p,0.965,0.02782
7564,2018-11-08T12:46:03.410000Z,12,p,0.983,0.03524
7565,2018-11-08T12:46:03.413500Z,11,p,0.966,0.01197
7566,2018-11-08T12:46:03.415500Z,24,s,0.965,0.08523
7567,2018-11-08T12:46:03.419000Z,10,p,0.977,0.01007
7568,2018-11-08T12:46:03.423000Z,9,p,0.945,0.006401
7569,2018-11-08T12:46:03.423500Z,23,s,0.965,0.03905
7570,2018-11-08T12:46:03.429000Z,8,p,0.979,0.0077
7571,2018-11-08T12:46:03.430500Z,22,s,0.957,0.02981
7572,2018-11-08T12:46:03.433500Z,7,p,0.956,0.003793
7573,2018-11-08T12:46:03.437000Z,21,s,0.954,0.02327
7574,2018-11-08T12:46:03.439000Z,6,p,0.973,0.004361
7575,2018-11-08T12:46:03.444500Z,20,s,0.906,0.01917
7576,2018-11-08T12:46:03.445000Z,5,p,0.978,0.004292
7577,2018-11-08T12:46:03.449500Z,4,p,0.956,0.004696
7578,2018-11-08T12:46:03.451500Z,19,s,0.967,0.01703
7579,2018-11-08T12:46:03.455500Z,3,p,0.957,0.003867
7580,2018-11-08T12:46:03.460500Z,18,s,0.846,0.02583
7581,2018-11-08T12:46:03.461000Z,2,p,0.952,0.004312
7582,2018-11-08T12:46:03.465000Z,1,p,0.891,0.002888
7583,2018-11-08T12:46:03.467500Z,17,s,0.823,0.0182
7584,2018-11-08T12:46:03.480000Z,16,s,0.887,0.01381
7585,2018-11-08T12:46:03.488000Z,15,s,0.923,0.00931
7586,2018-11-08T12:46:03.496000Z,14,s,0.921,0.009928
7587,2018-11-08T12:46:03.507000Z,13,s,0.861,0.01048
7588,2018-11-08T12:46:03.515000Z,12,s,0.848,0.005824
7589,2018-11-08T12:46:03.526500Z,11,s,0.709,0.008193
7590,2018-11-08T12:46:03.540000Z,10,s,0.88,0.006591
7591,2018-11-08T12:46:03.546000Z,9,s,0.868,0.004655
7592,2018-11-08T12:46:03.560000Z,8,s,0.872,0.005696
7593,2018-11-08T12:46:03.568500Z,7,s,0.858,0.003793
7594,2018-11-08T12:46:03.576500Z,6,s,0.673,0.003086
7595,2018-11-08T12:46:03.584000Z,5,s,0.703,0.002495
7596,2018-11-08T12:46:03.594000Z,4,s,0.84,0.00323
7597,2018-11-08T12:46:03.604500Z,2,s,0.627,0.004312
7598,2018-11-08T12:46:03.606000Z,3,s,0.84,0.003579
7599,2018-11-08T12:46:03.625000Z,1,s,0.731,0.002526
7600,2018-11-08T12:46:27.949000Z,17,p,0.79,0.01053
7601,2018-11-08T12:46:27.990500Z,17,s,0.82,0.006785
7602,2018-11-08T12:46:56.615500Z,4,s,0.387,0.006665
7603,2018-11-08T12:46:56.617500Z,4,p,0.312,0.006665
7604,2018-11-08T12:46:56.749500Z,4,s,0.399,0.001374
7605,2018-11-08T12:47:56.949500Z,2,p,0.408,0.00211
7606,2018-11-08T12:47:56.950500Z,1,s,0.362,0.00197
7607,2018-11-08T12:47:58.892500Z,2,p,0.402,0.001801
7608,2018-11-08T12:48:00.981500Z,4,p,0.465,0.002441
7609,2018-11-08T12:50:39.012500Z,2,p,0.516,0.004195
7610,2018-11-08T12:50:39.035500Z,1,p,0.491,0.004072
7611,2018-11-08T12:50:39.060500Z,2,s,0.688,0.004195
7612,2018-11-08T12:50:39.061500Z,4,p,0.782,0.003693
7613,2018-11-08T12:50:39.064500Z,1,s,0.618,0.004072
7614,2018-11-08T12:50:39.120500Z,4,s,0.501,0.003693
7615,2018-11-08T12:50:39.125500Z,5,s,0.415,0.002532
7616,2018-11-08T12:50:39.146500Z,6,s,0.431,0.002312
7617,2018-11-08T12:50:39.251500Z,11,s,0.349,0.00184
7618,2018-11-08T12:50:39.270500Z,12,s,0.365,0.003205
7619,2018-11-08T12:50:39.294500Z,13,s,0.485,0.003735
7620,2018-11-08T12:50:40.510500Z,1,p,0.917,0.003692
7621,2018-11-08T12:50:40.529500Z,2,p,0.764,0.00785
7622,2018-11-08T12:50:40.553500Z,3,p,0.636,0.002911
7623,2018-11-08T12:50:40.561500Z,1,s,0.334,0.003692
7624,2018-11-08T12:50:40.573500Z,4,p,0.907,0.004594
7625,2018-11-08T12:50:40.620000Z,6,s,0.617,0.002963
7626,2018-11-08T12:50:40.654500Z,8,p,0.688,0.003514
7627,2018-11-08T12:50:40.688000Z,9,p,0.372,0.003716
7628,2018-11-08T12:50:40.743500Z,12,p,0.345,0.004864
7629,2018-11-08T12:50:40.746500Z,8,s,0.594,0.003045
7630,2018-11-08T12:50:40.762000Z,13,p,0.571,0.00367
7631,2018-11-08T12:50:40.906500Z,18,s,0.349,0.002719
7632,2018-11-08T12:50:41.584500Z,12,p,0.391,0.002844
7633,2018-11-08T12:50:41.667500Z,2,p,0.885,0.004689
7634,2018-11-08T12:50:41.770500Z,1,s,0.595,0.002291
7635,2018-11-08T12:50:41.790000Z,2,s,0.873,0.004689
7636,2018-11-08T12:50:41.809500Z,3,p,0.904,0.002148
7637,2018-11-08T12:50:41.829500Z,4,p,0.323,0.003407
7638,2018-11-08T12:50:41.830500Z,4,s,0.531,0.003407
7639,2018-11-08T12:50:41.849500Z,5,p,0.547,0.002614
7640,2018-11-08T12:50:41.872500Z,6,s,0.475,0.002002
7641,2018-11-08T12:50:41.882500Z,13,p,0.569,0.003511
7642,2018-11-08T12:50:41.912000Z,8,p,0.544,0.002689
7643,2018-11-08T12:50:41.937500Z,9,p,0.428,0.002591
7644,2018-11-08T12:50:41.979500Z,11,s,0.616,0.002666
7645,2018-11-08T12:50:42.018500Z,13,s,0.812,0.003511
7646,2018-11-08T12:50:43.703000Z,1,p,0.498,0.006162
7647,2018-11-08T12:50:43.706500Z,1,s,0.451,0.006162
7648,2018-11-08T12:50:43.727000Z,2,s,0.899,0.007346
7649,2018-11-08T12:50:43.746500Z,3,s,0.595,0.004518
7650,2018-11-08T12:50:43.764000Z,11,p,0.337,0.002739
7651,2018-11-08T12:50:43.766500Z,4,s,0.722,0.006017
7652,2018-11-08T12:50:43.790500Z,5,s,0.729,0.003875
7653,2018-11-08T12:50:43.807500Z,12,p,0.647,0.005017
7654,2018-11-08T12:50:43.810000Z,6,s,0.838,0.003895
7655,2018-11-08T12:50:43.829500Z,7,s,0.752,0.001893
7656,2018-11-08T12:50:43.847500Z,8,p,0.434,0.004063
7657,2018-11-08T12:50:43.853000Z,8,s,0.486,0.004063
7658,2018-11-08T12:50:43.877000Z,9,s,0.805,0.004984
7659,2018-11-08T12:50:43.892500Z,10,s,0.636,0.001714
7660,2018-11-08T12:50:43.914000Z,11,s,0.86,0.002739
7661,2018-11-08T12:50:43.935000Z,12,s,0.895,0.005017
7662,2018-11-08T12:50:43.956000Z,13,s,0.857,0.005897
7663,2018-11-08T12:50:44.059500Z,18,s,0.329,0.002122
7664,2018-11-08T12:50:44.981500Z,1,p,0.356,0.004165
7665,2018-11-08T12:50:45.007000Z,2,p,0.936,0.009265
7666,2018-11-08T12:50:45.028000Z,3,p,0.835,0.004605
7667,2018-11-08T12:50:45.047500Z,4,p,0.88,0.007246
7668,2018-11-08T12:50:45.068500Z,5,p,0.52,0.003658
7669,2018-11-08T12:50:45.092000Z,6,p,0.643,0.003643
7670,2018-11-08T12:50:45.131500Z,8,p,0.59,0.004047
7671,2018-11-08T12:50:45.196000Z,11,p,0.815,0.003265
7672,2018-11-08T12:50:45.214500Z,12,p,0.922,0.007526
7673,2018-11-08T12:50:45.235500Z,13,p,0.871,0.0063
7674,2018-11-08T12:50:45.256000Z,1,s,0.634,0.004165
7675,2018-11-08T12:50:45.277000Z,2,s,0.884,0.009265
7676,2018-11-08T12:50:45.297500Z,3,s,0.87,0.004605
7677,2018-11-08T12:50:45.320000Z,4,s,0.882,0.007246
7678,2018-11-08T12:50:45.338500Z,5,s,0.782,0.003658
7679,2018-11-08T12:50:45.361000Z,6,s,0.856,0.003643
7680,2018-11-08T12:50:45.401500Z,8,s,0.804,0.004047
7681,2018-11-08T12:50:45.428500Z,9,s,0.803,0.004782
7682,2018-11-08T12:50:45.446500Z,10,s,0.652,0.002087
7683,2018-11-08T12:50:45.464500Z,8,s,0.421,0.002797
7684,2018-11-08T12:50:45.466500Z,11,s,0.822,0.003265
7685,2018-11-08T12:50:45.485000Z,12,s,0.803,0.007526
7686,2018-11-08T12:50:45.507000Z,13,s,0.919,0.0063
7687,2018-11-08T12:50:49.981500Z,23,s,0.555,0.003243
7688,2018-11-08T12:51:19.225500Z,5,s,0.579,0.001932
7689,2018-11-08T12:51:35.785500Z,19,p,0.442,0.002143
7690,2018-11-08T12:52:22.280500Z,24,p,0.963,0.0218
7691,2018-11-08T12:52:22.287000Z,23,p,0.974,0.01633
7692,2018-11-08T12:52:22.291000Z,22,p,0.975,0.01346
7693,2018-11-08T12:52:22.295500Z,21,p,0.976,0.01367
7694,2018-11-08T12:52:22.300500Z,20,p,0.974,0.007621
7695,2018-11-08T12:52:22.305500Z,19,p,0.983,0.009627
7696,2018-11-08T12:52:22.310000Z,18,p,0.968,0.0058
7697,2018-11-08T12:52:22.315500Z,17,p,0.977,0.005899
7698,2018-11-08T12:52:22.320000Z,16,p,0.957,0.006855
7699,2018-11-08T12:52:22.325500Z,15,p,0.857,0.002715
7700,2018-11-08T12:52:22.331000Z,14,p,0.923,0.003044
7701,2018-11-08T12:52:22.335000Z,13,p,0.953,0.004158
7702,2018-11-08T12:52:22.341500Z,12,p,0.947,0.002774
7703,2018-11-08T12:52:22.345500Z,10,p,0.599,0.002047
7704,2018-11-08T12:52:22.361000Z,8,p,0.959,0.003762
7705,2018-11-08T12:52:22.364500Z,7,p,0.89,0.005225
7706,2018-11-08T12:52:22.371500Z,6,p,0.97,0.004417
7707,2018-11-08T12:52:22.372500Z,24,s,0.918,0.0218
7708,2018-11-08T12:52:22.375500Z,5,p,0.97,0.005521
7709,2018-11-08T12:52:22.379000Z,23,s,0.96,0.01633
7710,2018-11-08T12:52:22.379500Z,4,p,0.965,0.005692
7711,2018-11-08T12:52:22.385000Z,3,p,0.788,0.003509
7712,2018-11-08T12:52:22.386500Z,22,s,0.955,0.01346
7713,2018-11-08T12:52:22.390000Z,2,p,0.556,0.00258
7714,2018-11-08T12:52:22.393500Z,21,s,0.954,0.01367
7715,2018-11-08T12:52:22.402000Z,20,s,0.856,0.006667
7716,2018-11-08T12:52:22.409000Z,19,s,0.916,0.00345
7717,2018-11-08T12:52:22.416500Z,18,s,0.84,0.004541
7718,2018-11-08T12:52:22.426000Z,17,s,0.853,0.003819
7719,2018-11-08T12:52:22.439000Z,16,s,0.774,0.003359
7720,2018-11-08T12:52:22.441000Z,15,s,0.734,0.002715
7721,2018-11-08T12:52:22.453000Z,14,s,0.651,0.003044
7722,2018-11-08T12:52:22.463000Z,13,s,0.765,0.003146
7723,2018-11-08T12:52:22.468500Z,12,s,0.582,0.002413
7724,2018-11-08T12:52:22.486500Z,10,s,0.369,0.002047
7725,2018-11-08T12:52:22.505000Z,8,s,0.809,0.002514
7726,2018-11-08T12:52:22.508500Z,7,s,0.428,0.002372
7727,2018-11-08T12:52:22.510500Z,5,s,0.446,0.001814
7728,2018-11-08T12:52:22.513500Z,6,s,0.568,0.002128
7729,2018-11-08T12:52:22.542500Z,4,s,0.546,0.002425
7730,2018-11-08T12:52:22.550500Z,2,s,0.303,0.001938
7731,2018-11-08T12:52:28.244500Z,1,p,0.529,0.004448
7732,2018-11-08T12:52:28.267500Z,2,p,0.703,0.008108
7733,2018-11-08T12:52:28.289500Z,3,p,0.709,0.00427
7734,2018-11-08T12:52:28.305000Z,4,p,0.342,0.006768
7735,2018-11-08T12:52:28.310500Z,4,s,0.511,0.006768
7736,2018-11-08T12:52:28.332500Z,5,p,0.864,0.004285
7737,2018-11-08T12:52:28.348000Z,6,p,0.645,0.004135
7738,2018-11-08T12:52:28.393000Z,8,p,0.763,0.005125
7739,2018-11-08T12:52:28.442500Z,2,s,0.731,0.004514
7740,2018-11-08T12:52:28.456500Z,11,p,0.807,0.004242
7741,2018-11-08T12:52:28.477500Z,12,p,0.719,0.006898
7742,2018-11-08T12:52:28.485500Z,4,p,0.331,0.006138
7743,2018-11-08T12:52:28.499500Z,13,s,0.421,0.006415
7744,2018-11-08T12:52:28.650500Z,2,p,0.486,0.006765
7745,2018-11-08T12:52:28.654500Z,2,s,0.448,0.006765
7746,2018-11-08T12:52:28.675500Z,3,s,0.47,0.004222
7747,2018-11-08T12:52:28.697500Z,4,s,0.543,0.006138
7748,2018-11-08T12:52:28.843500Z,11,s,0.405,0.004242
7749,2018-11-08T12:52:36.226500Z,22,s,0.44,0.002863
7750,2018-11-08T12:52:38.532500Z,18,s,0.562,0.004855
7751,2018-11-08T12:52:41.198500Z,5,p,0.558,0.00335
7752,2018-11-08T12:52:41.322500Z,5,s,0.766,0.00335
7753,2018-11-08T12:53:00.278000Z,12,p,0.421,0.005208
7754,2018-11-08T12:53:00.373500Z,12,s,0.395,0.005208
7755,2018-11-08T12:53:13.551000Z,20,s,0.681,0.002128
7756,2018-11-08T12:53:43.590500Z,22,s,0.311,0.001939
7757,2018-11-08T12:53:43.594500Z,17,s,0.401,0.002043
7758,2018-11-08T12:53:56.592500Z,1,s,0.527,0.001974
7759,2018-11-08T12:54:10.751500Z,11,s,0.522,0.001984
7760,2018-11-08T12:54:46.739500Z,11,s,0.448,0.002304
7761,2018-11-08T12:54:58.212000Z,21,s,0.309,0.001746
7762,2018-11-08T12:55:19.183500Z,16,s,0.303,0.001407
7763,2018-11-08T12:55:20.254500Z,24,p,0.444,0.007245
7764,2018-11-08T12:55:20.257500Z,23,p,0.5,0.002269
7765,2018-11-08T12:55:20.262500Z,22,p,0.306,0.002271
7766,2018-11-08T12:55:20.270500Z,20,p,0.452,0.002788
7767,2018-11-08T12:55:20.272000Z,17,p,0.38,0.003097
7768,2018-11-08T12:55:20.273500Z,15,p,0.318,0.002627
7769,2018-11-08T12:55:20.274500Z,8,s,0.34,0.001762
7770,2018-11-08T12:55:20.274500Z,11,p,0.413,0.00223
7771,2018-11-08T12:55:20.277500Z,12,p,0.326,0.002011
7772,2018-11-08T12:55:20.277500Z,13,s,0.344,0.00232
7773,2018-11-08T12:55:20.278500Z,9,s,0.401,0.001939
7774,2018-11-08T12:55:20.282500Z,7,s,0.4,0.001874
7775,2018-11-08T12:55:20.809500Z,24,s,0.393,0.005363
7776,2018-11-08T12:55:21.996500Z,13,s,0.526,0.007604
7777,2018-11-08T12:55:22.300500Z,24,p,0.438,0.009796
7778,2018-11-08T12:55:22.304500Z,23,p,0.673,0.002987
7779,2018-11-08T12:55:22.308000Z,22,p,0.507,0.002603
7780,2018-11-08T12:55:22.310000Z,9,p,0.32,0.00297
7781,2018-11-08T12:55:22.312500Z,20,p,0.68,0.003751
7782,2018-11-08T12:55:22.312500Z,19,p,0.389,0.003189
7783,2018-11-08T12:55:22.312500Z,21,p,0.68,0.002936
7784,2018-11-08T12:55:22.314500Z,15,p,0.334,0.004449
7785,2018-11-08T12:55:22.316000Z,8,p,0.44,0.002227
7786,2018-11-08T12:55:22.316500Z,13,p,0.403,0.002976
7787,2018-11-08T12:55:22.316500Z,17,p,0.383,0.003547
7788,2018-11-08T12:55:22.316500Z,18,p,0.413,0.002765
7789,2018-11-08T12:55:22.317500Z,11,s,0.382,0.002624
7790,2018-11-08T12:55:22.318000Z,14,p,0.31,0.003848
7791,2018-11-08T12:55:22.318500Z,16,s,0.391,0.003455
7792,2018-11-08T12:55:22.320500Z,10,p,0.623,0.002463
7793,2018-11-08T12:55:22.322500Z,12,s,0.392,0.002352
7794,2018-11-08T12:55:23.464500Z,20,p,0.486,0.002149
7795,2018-11-08T12:55:23.990500Z,15,p,0.319,0.001944
7796,2018-11-08T12:55:24.045500Z,16,p,0.307,0.00167
7797,2018-11-08T12:55:24.527500Z,18,p,0.318,0.002057
7798,2018-11-08T12:55:24.528500Z,20,p,0.34,0.003551
7799,2018-11-08T12:55:24.530500Z,16,p,0.328,0.002952
7800,2018-11-08T12:55:24.532500Z,9,p,0.403,0.002324
7801,2018-11-08T12:55:24.532500Z,15,p,0.65,0.003198
7802,2018-11-08T12:55:24.535500Z,7,s,0.413,0.001846
7803,2018-11-08T12:55:24.536500Z,8,s,0.446,0.001838
7804,2018-11-08T12:55:25.710500Z,22,p,0.398,0.00406
7805,2018-11-08T12:55:25.725000Z,23,p,0.706,0.003252
7806,2018-11-08T12:55:25.726500Z,21,p,0.425,0.003588
7807,2018-11-08T12:55:25.732500Z,20,p,0.708,0.004572
7808,2018-11-08T12:55:25.734000Z,2,p,0.524,0.00202
7809,2018-11-08T12:55:25.734000Z,19,p,0.437,0.003947
7810,2018-11-08T12:55:25.734500Z,18,p,0.313,0.003194
7811,2018-11-08T12:55:25.736500Z,10,p,0.475,0.003142
7812,2018-11-08T12:55:25.738500Z,14,s,0.409,0.00448
7813,2018-11-08T12:55:25.738500Z,15,p,0.422,0.004891
7814,2018-11-08T12:55:25.740000Z,8,p,0.341,0.002897
7815,2018-11-08T12:55:25.740500Z,12,p,0.306,0.002707
7816,2018-11-08T12:55:25.740500Z,11,p,0.482,0.003502
7817,2018-11-08T12:55:25.741000Z,18,s,0.354,0.003194
7818,2018-11-08T12:55:25.742000Z,9,p,0.397,0.003392
7819,2018-11-08T12:55:25.742500Z,7,s,0.545,0.002496
7820,2018-11-08T12:55:25.742500Z,16,s,0.336,0.004501
7821,2018-11-08T12:55:25.744500Z,8,s,0.36,0.002897
7822,2018-11-08T12:55:27.002500Z,23,p,0.621,0.003148
7823,2018-11-08T12:55:27.006500Z,20,p,0.559,0.003794
7824,2018-11-08T12:55:27.008500Z,22,p,0.453,0.003116
7825,2018-11-08T12:55:27.010500Z,21,p,0.334,0.003603
7826,2018-11-08T12:55:27.014500Z,17,p,0.338,0.004045
7827,2018-11-08T12:55:27.016500Z,19,p,0.548,0.00384
7828,2018-11-08T12:55:27.017500Z,16,p,0.336,0.003704
7829,2018-11-08T12:55:27.018500Z,2,p,0.618,0.001994
7830,2018-11-08T12:55:27.018500Z,18,p,0.304,0.002784
7831,2018-11-08T12:55:27.020500Z,10,p,0.535,0.002799
7832,2018-11-08T12:55:27.022000Z,14,s,0.323,0.003855
7833,2018-11-08T12:55:27.022500Z,13,s,0.454,0.002776
7834,2018-11-08T12:55:27.022500Z,8,s,0.454,0.002267
7835,2018-11-08T12:55:27.022500Z,11,s,0.543,0.002847
7836,2018-11-08T12:55:27.024500Z,6,s,0.347,0.001792
7837,2018-11-08T12:55:27.024500Z,9,s,0.573,0.003091
7838,2018-11-08T12:55:27.026500Z,15,s,0.601,0.004288
7839,2018-11-08T12:55:27.589500Z,22,s,0.301,0.00206
7840,2018-11-08T12:55:28.394500Z,24,p,0.383,0.009713
7841,2018-11-08T12:55:28.408000Z,23,p,0.382,0.002879
7842,2018-11-08T12:55:28.408500Z,22,p,0.543,0.003072
7843,2018-11-08T12:55:28.410500Z,18,p,0.472,0.002509
7844,2018-11-08T12:55:28.410500Z,19,p,0.384,0.003219
7845,2018-11-08T12:55:28.412500Z,21,p,0.416,0.003201
7846,2018-11-08T12:55:28.414500Z,20,p,0.57,0.003333
7847,2018-11-08T12:55:28.417500Z,7,s,0.385,0.002406
7848,2018-11-08T12:55:28.418500Z,10,p,0.359,0.002751
7849,2018-11-08T12:55:28.420500Z,11,s,0.328,0.002938
7850,2018-11-08T12:55:28.421500Z,14,s,0.324,0.003463
7851,2018-11-08T12:55:28.422500Z,9,s,0.435,0.002709
7852,2018-11-08T12:55:28.423500Z,13,s,0.401,0.002993
7853,2018-11-08T12:55:28.423500Z,8,s,0.423,0.002554
7854,2018-11-08T12:55:28.426500Z,12,s,0.425,0.00218
7855,2018-11-08T12:55:28.426500Z,15,s,0.48,0.003264
7856,2018-11-08T12:55:29.722500Z,23,p,0.75,0.003548
7857,2018-11-08T12:55:29.726500Z,21,p,0.591,0.003457
7858,2018-11-08T12:55:29.728500Z,20,p,0.586,0.004199
7859,2018-11-08T12:55:29.730500Z,12,p,0.391,0.002557
7860,2018-11-08T12:55:29.734000Z,19,p,0.458,0.003533
7861,2018-11-08T12:55:29.734500Z,18,p,0.342,0.003233
7862,2018-11-08T12:55:29.736500Z,17,p,0.407,0.004376
7863,2018-11-08T12:55:29.736500Z,9,p,0.353,0.003482
7864,2018-11-08T12:55:29.736500Z,10,p,0.535,0.003077
7865,2018-11-08T12:55:29.738500Z,13,p,0.367,0.003477
7866,2018-11-08T12:55:29.738500Z,14,p,0.493,0.003914
7867,2018-11-08T12:55:29.740000Z,8,p,0.425,0.002092
7868,2018-11-08T12:55:29.741000Z,11,p,0.408,0.003097
7869,2018-11-08T12:55:29.744500Z,7,s,0.398,0.002093
7870,2018-11-08T12:55:29.744500Z,11,s,0.371,0.003097
7871,2018-11-08T12:55:29.748500Z,15,s,0.305,0.004275
7872,2018-11-08T12:55:30.274000Z,24,s,0.32,0.006258
7873,2018-11-08T12:55:32.197500Z,24,p,0.389,0.006111
7874,2018-11-08T12:55:32.212500Z,20,p,0.383,0.002407
7875,2018-11-08T12:55:32.218500Z,11,s,0.343,0.001992
7876,2018-11-08T12:55:32.221500Z,6,s,0.319,0.001536
7877,2018-11-08T12:55:32.222000Z,18,p,0.343,0.002391
7878,2018-11-08T12:55:32.231500Z,12,s,0.388,0.001708
7879,2018-11-08T12:55:33.590500Z,22,p,0.468,0.002146
7880,2018-11-08T12:55:33.592500Z,21,p,0.36,0.002363
7881,2018-11-08T12:55:33.592500Z,23,p,0.621,0.002476
7882,2018-11-08T12:55:33.594500Z,18,p,0.515,0.002432
7883,2018-11-08T12:55:33.594500Z,20,p,0.53,0.003037
7884,2018-11-08T12:55:33.598500Z,19,s,0.333,0.002743
7885,2018-11-08T12:55:33.599500Z,16,p,0.323,0.00297
7886,2018-11-08T12:55:33.600000Z,11,s,0.301,0.002358
7887,2018-11-08T12:55:33.602500Z,15,p,0.341,0.003494
7888,2018-11-08T12:55:33.604000Z,10,p,0.33,0.002481
7889,2018-11-08T12:55:33.606500Z,10,s,0.307,0.002481
7890,2018-11-08T12:55:33.606500Z,7,s,0.443,0.001908
7891,2018-11-08T12:55:33.606500Z,8,s,0.39,0.001933
7892,2018-11-08T12:55:33.607500Z,6,s,0.336,0.001557
7893,2018-11-08T12:55:34.942000Z,24,p,0.304,0.008554
7894,2018-11-08T12:55:34.958500Z,21,p,0.494,0.002252
7895,2018-11-08T12:55:34.967500Z,8,s,0.335,0.001939
7896,2018-11-08T12:55:34.968500Z,17,s,0.364,0.003127
7897,2018-11-08T12:55:34.974500Z,10,s,0.441,0.002266
7898,2018-11-08T12:55:54.891500Z,6,p,0.305,0.001547
7899,2018-11-08T12:55:55.089500Z,8,p,0.463,0.001505
7900,2018-11-08T12:55:55.558500Z,24,p,0.479,0.008026
7901,2018-11-08T12:55:55.570000Z,11,p,0.404,0.002342
7902,2018-11-08T12:55:55.576500Z,23,p,0.527,0.002243
7903,2018-11-08T12:55:55.578000Z,22,p,0.56,0.002543
7904,2018-11-08T12:55:55.578500Z,21,p,0.685,0.002554
7905,2018-11-08T12:55:55.578500Z,17,p,0.473,0.003296
7906,2018-11-08T12:55:55.582500Z,20,p,0.519,0.003125
7907,2018-11-08T12:55:55.586500Z,16,p,0.372,0.002981
7908,2018-11-08T12:55:55.588500Z,15,p,0.391,0.00287
7909,2018-11-08T12:55:55.590500Z,10,p,0.476,0.002536
7910,2018-11-08T12:55:55.591500Z,7,s,0.393,0.001768
7911,2018-11-08T12:55:55.591500Z,8,s,0.396,0.002134
7912,2018-11-08T12:55:55.594000Z,9,p,0.342,0.002556
7913,2018-11-08T12:55:55.594500Z,6,s,0.383,0.00164
7914,2018-11-08T12:55:55.596500Z,12,p,0.326,0.002226
7915,2018-11-08T12:55:58.020500Z,21,p,0.325,0.001821
7916,2018-11-08T12:55:58.037500Z,20,p,0.446,0.002201
7917,2018-11-08T12:55:58.044500Z,17,s,0.445,0.002081
7918,2018-11-08T12:55:59.298500Z,23,p,0.622,0.002853
7919,2018-11-08T12:55:59.308500Z,22,p,0.315,0.002663
7920,2018-11-08T12:55:59.312500Z,20,p,0.464,0.003227
7921,2018-11-08T12:55:59.313000Z,21,p,0.587,0.002465
7922,2018-11-08T12:55:59.314000Z,11,p,0.585,0.002349
7923,2018-11-08T12:55:59.316000Z,15,p,0.403,0.002934
7924,2018-11-08T12:55:59.318000Z,13,p,0.578,0.002148
7925,2018-11-08T12:55:59.320500Z,9,p,0.321,0.002278
7926,2018-11-08T12:55:59.321500Z,12,p,0.372,0.002297
7927,2018-11-08T12:55:59.324000Z,10,p,0.406,0.002601
7928,2018-11-08T12:55:59.326500Z,6,s,0.306,0.001749
7929,2018-11-08T12:56:00.543500Z,24,p,0.429,0.01107
7930,2018-11-08T12:56:00.552500Z,23,p,0.538,0.003683
7931,2018-11-08T12:56:00.554500Z,21,p,0.371,0.003067
7932,2018-11-08T12:56:00.560500Z,22,p,0.475,0.002914
7933,2018-11-08T12:56:00.560500Z,19,p,0.461,0.003524
7934,2018-11-08T12:56:00.561500Z,20,p,0.65,0.004041
7935,2018-11-08T12:56:00.562000Z,9,p,0.52,0.00285
7936,2018-11-08T12:56:00.566000Z,17,p,0.398,0.004
7937,2018-11-08T12:56:00.568500Z,15,p,0.314,0.004152
7938,2018-11-08T12:56:00.568500Z,18,p,0.611,0.003328
7939,2018-11-08T12:56:00.569500Z,8,s,0.442,0.002874
7940,2018-11-08T12:56:00.570000Z,10,p,0.547,0.002935
7941,2018-11-08T12:56:00.570500Z,14,s,0.493,0.003451
7942,2018-11-08T12:56:00.570500Z,12,p,0.372,0.002495
7943,2018-11-08T12:56:00.570500Z,11,s,0.409,0.002731
7944,2018-11-08T12:56:00.570500Z,1,s,0.32,0.001649
7945,2018-11-08T12:56:00.573000Z,16,s,0.461,0.004026
7946,2018-11-08T12:56:00.574500Z,15,s,0.375,0.004152
7947,2018-11-08T12:56:00.574500Z,12,s,0.31,0.002495
7948,2018-11-08T12:56:00.575500Z,5,p,0.392,0.001834
7949,2018-11-08T12:56:00.575500Z,7,s,0.308,0.002343
7950,2018-11-08T12:56:01.742500Z,21,p,0.343,0.00353
7951,2018-11-08T12:56:01.742500Z,23,p,0.594,0.002759
7952,2018-11-08T12:56:01.750500Z,20,p,0.6,0.003627
7953,2018-11-08T12:56:01.752500Z,19,p,0.303,0.00331
7954,2018-11-08T12:56:01.752500Z,17,p,0.485,0.003856
7955,2018-11-08T12:56:01.760500Z,10,p,0.47,0.003206
7956,2018-11-08T12:56:01.761000Z,18,p,0.628,0.002612
7957,2018-11-08T12:56:02.904500Z,23,p,0.547,0.003074
7958,2018-11-08T12:56:02.906000Z,19,p,0.562,0.003124
7959,2018-11-08T12:56:02.906000Z,22,p,0.662,0.002887
7960,2018-11-08T12:56:02.906500Z,21,p,0.447,0.003122
7961,2018-11-08T12:56:02.908500Z,20,p,0.67,0.003819
7962,2018-11-08T12:56:02.910000Z,14,p,0.347,0.003214
7963,2018-11-08T12:56:02.910500Z,10,p,0.354,0.00363
7964,2018-11-08T12:56:02.914500Z,11,s,0.388,0.003008
7965,2018-11-08T12:56:02.915500Z,6,s,0.305,0.002097
7966,2018-11-08T12:56:02.917500Z,9,p,0.387,0.002837
7967,2018-11-08T12:56:04.034500Z,24,p,0.438,0.01306
7968,2018-11-08T12:56:04.045500Z,22,p,0.318,0.003886
7969,2018-11-08T12:56:04.045500Z,23,p,0.598,0.003537
7970,2018-11-08T12:56:04.048500Z,21,p,0.511,0.003858
7971,2018-11-08T12:56:04.052500Z,15,p,0.417,0.005723
7972,2018-11-08T12:56:04.052500Z,20,p,0.731,0.005176
7973,2018-11-08T12:56:04.052500Z,14,p,0.368,0.004926
7974,2018-11-08T12:56:04.053500Z,5,p,0.36,0.002343
7975,2018-11-08T12:56:04.054000Z,17,p,0.526,0.005305
7976,2018-11-08T12:56:04.056000Z,16,p,0.411,0.004975
7977,2018-11-08T12:56:04.056500Z,18,p,0.367,0.003343
7978,2018-11-08T12:56:04.056500Z,19,p,0.44,0.004132
7979,2018-11-08T12:56:04.057500Z,11,p,0.545,0.003508
7980,2018-11-08T12:56:04.058500Z,9,p,0.479,0.003967
7981,2018-11-08T12:56:04.060500Z,10,p,0.66,0.003417
7982,2018-11-08T12:56:04.062500Z,8,s,0.325,0.003586
7983,2018-11-08T12:56:04.063500Z,6,s,0.353,0.002234
7984,2018-11-08T12:56:05.170500Z,24,p,0.552,0.01271
7985,2018-11-08T12:56:05.173500Z,22,p,0.328,0.00432
7986,2018-11-08T12:56:05.176500Z,23,p,0.72,0.004495
7987,2018-11-08T12:56:05.178500Z,20,p,0.607,0.005428
7988,2018-11-08T12:56:05.180000Z,21,p,0.382,0.004379
7989,2018-11-08T12:56:05.182000Z,19,p,0.429,0.004294
7990,2018-11-08T12:56:05.186500Z,18,p,0.654,0.003491
7991,2018-11-08T12:56:05.186500Z,10,p,0.485,0.003449
7992,2018-11-08T12:56:05.186500Z,15,p,0.423,0.005882
7993,2018-11-08T12:56:05.187500Z,2,p,0.348,0.002269
7994,2018-11-08T12:56:05.187500Z,13,s,0.359,0.004426
7995,2018-11-08T12:56:05.187500Z,16,s,0.442,0.004893
7996,2018-11-08T12:56:05.188500Z,12,p,0.315,0.003204
7997,2018-11-08T12:56:05.190500Z,7,s,0.369,0.002968
7998,2018-11-08T12:56:05.191500Z,8,s,0.372,0.003094
7999,2018-11-08T12:56:05.194500Z,6,s,0.439,0.002456
8000,2018-11-08T12:56:05.194500Z,14,s,0.433,0.005137
8001,2018-11-08T12:56:06.482500Z,22,p,0.318,0.00362
8002,2018-11-08T12:56:06.482500Z,23,p,0.584,0.003214
8003,2018-11-08T12:56:06.486500Z,20,p,0.736,0.004262
8004,2018-11-08T12:56:06.487500Z,21,p,0.313,0.003855
8005,2018-11-08T12:56:06.488500Z,17,p,0.51,0.004275
8006,2018-11-08T12:56:06.490500Z,19,p,0.528,0.003731
8007,2018-11-08T12:56:06.490500Z,11,s,0.387,0.002723
8008,2018-11-08T12:56:06.490500Z,9,p,0.406,0.003239
8009,2018-11-08T12:56:06.492000Z,16,p,0.451,0.00432
8010,2018-11-08T12:56:06.492000Z,14,p,0.421,0.003499
8011,2018-11-08T12:56:06.493000Z,21,s,0.309,0.003855
8012,2018-11-08T12:56:06.493500Z,13,s,0.322,0.003006
8013,2018-11-08T12:56:06.494000Z,15,p,0.437,0.004549
8014,2018-11-08T12:56:06.494500Z,10,p,0.641,0.00293
8015,2018-11-08T12:56:06.495500Z,5,p,0.35,0.002059
8016,2018-11-08T12:56:06.496500Z,12,p,0.327,0.002632
8017,2018-11-08T12:56:06.498500Z,7,s,0.464,0.002164
8018,2018-11-08T12:56:07.630500Z,23,p,0.548,0.002799
8019,2018-11-08T12:56:07.633500Z,1,p,0.329,0.001991
8020,2018-11-08T12:56:07.634500Z,22,p,0.517,0.003604
8021,2018-11-08T12:56:07.634500Z,21,p,0.398,0.00364
8022,2018-11-08T12:56:07.637500Z,17,p,0.321,0.004353
8023,2018-11-08T12:56:07.638000Z,15,p,0.328,0.003857
8024,2018-11-08T12:56:07.638000Z,20,p,0.602,0.004047
8025,2018-11-08T12:56:07.645500Z,11,p,0.314,0.003127
8026,2018-11-08T12:56:07.647500Z,7,s,0.42,0.002433
8027,2018-11-08T12:56:07.648000Z,10,p,0.462,0.003332
8028,2018-11-08T12:56:08.762500Z,23,p,0.628,0.003576
8029,2018-11-08T12:56:08.764500Z,22,p,0.359,0.004225
8030,2018-11-08T12:56:08.766500Z,21,p,0.306,0.003765
8031,2018-11-08T12:56:08.768500Z,20,p,0.696,0.004919
8032,2018-11-08T12:56:08.768500Z,18,p,0.528,0.003619
8033,2018-11-08T12:56:08.774500Z,19,p,0.59,0.004481
8034,2018-11-08T12:56:08.774500Z,17,p,0.361,0.005017
8035,2018-11-08T12:56:08.775500Z,1,p,0.408,0.001677
8036,2018-11-08T12:56:08.776500Z,10,p,0.404,0.003665
8037,2018-11-08T12:56:08.779500Z,16,s,0.395,0.004989
8038,2018-11-08T12:56:08.781500Z,4,p,0.433,0.002204
8039,2018-11-08T12:56:08.781500Z,13,s,0.34,0.003954
8040,2018-11-08T12:56:08.782500Z,7,s,0.351,0.00262
8041,2018-11-08T12:56:08.783500Z,6,s,0.363,0.002238
8042,2018-11-08T12:56:08.786500Z,15,s,0.419,0.005563
8043,2018-11-08T12:56:08.788500Z,12,s,0.311,0.003462
8044,2018-11-08T12:56:09.348000Z,22,s,0.414,0.002811
8045,2018-11-08T12:56:39.468000Z,5,p,0.431,0.002355
8046,2018-11-08T12:56:39.630500Z,13,p,0.367,0.002069
8047,2018-11-08T12:56:40.822500Z,2,s,0.567,0.003324
8048,2018-11-08T12:56:40.842500Z,3,s,0.411,0.001578
8049,2018-11-08T12:56:40.878500Z,5,p,0.459,0.003318
8050,2018-11-08T12:56:40.902000Z,6,p,0.503,0.003669
8051,2018-11-08T12:56:41.026500Z,12,s,0.596,0.003556
8052,2018-11-08T12:56:41.042500Z,13,p,0.319,0.003907
8053,2018-11-08T12:56:41.160500Z,18,s,0.387,0.002538
8054,2018-11-08T12:57:00.685500Z,22,p,0.38,0.002017
8055,2018-11-08T12:57:19.397500Z,22,s,0.604,0.003162
8056,2018-11-08T12:57:28.034500Z,11,p,0.312,0.002972
8057,2018-11-08T12:58:35.601500Z,1,p,0.322,0.001551
8058,2018-11-08T12:59:40.616500Z,11,s,0.622,0.003762
8059,2018-11-08T12:59:43.893500Z,22,s,0.306,0.002493
8060,2018-11-08T12:59:54.549500Z,20,s,0.351,0.001575
8061,2018-11-08T13:00:34.039500Z,11,p,0.64,0.001555
8062,2018-11-08T13:00:34.163500Z,11,s,0.307,0.001555
8063,2018-11-08T13:00:35.560000Z,3,s,0.684,0.002887
8064,2018-11-08T13:00:43.973500Z,22,s,0.358,0.001636
8065,2018-11-08T13:00:52.048000Z,23,p,0.345,0.002242
8066,2018-11-08T13:00:52.061500Z,20,p,0.88,0.001831
8067,2018-11-08T13:00:52.141500Z,23,s,0.481,0.002242
8068,2018-11-08T13:00:52.164000Z,20,s,0.734,0.001831
8069,2018-11-08T13:01:12.129500Z,11,s,0.644,0.002279
8070,2018-11-08T13:01:22.389500Z,4,p,0.415,0.003058
8071,2018-11-08T13:01:22.757500Z,8,s,0.422,0.002598
8072,2018-11-08T13:01:42.127500Z,5,p,0.789,0.004433
8073,2018-11-08T13:01:42.239000Z,5,s,0.902,0.004433
8074,2018-11-08T13:01:51.547500Z,11,s,0.356,0.001973
8075,2018-11-08T13:01:52.835500Z,6,p,0.326,0.002014
8076,2018-11-08T13:01:54.942000Z,3,p,0.367,0.003788
8077,2018-11-08T13:01:55.012000Z,3,s,0.357,0.003788
8078,2018-11-08T13:01:59.904500Z,13,p,0.493,0.002901
8079,2018-11-08T13:02:00.286500Z,2,s,0.384,0.002129
8080,2018-11-08T13:02:11.027500Z,4,s,0.316,0.001876
8081,2018-11-08T13:02:11.915500Z,4,p,0.343,0.002174
8082,2018-11-08T13:02:15.077500Z,2,p,0.461,0.002147
8083,2018-11-08T13:02:15.474500Z,2,s,0.303,0.002147
8084,2018-11-08T13:02:19.434500Z,2,p,0.66,0.002274
8085,2018-11-08T13:02:19.498500Z,5,p,0.581,0.002497
8086,2018-11-08T13:02:19.518000Z,6,p,0.376,0.003042
8087,2018-11-08T13:02:19.619500Z,11,p,0.319,0.001848
8088,2018-11-08T13:02:19.665500Z,13,p,0.555,0.002722
8089,2018-11-08T13:02:20.719500Z,2,s,0.315,0.001765
8090,2018-11-08T13:02:28.323500Z,24,p,0.983,0.1614
8091,2018-11-08T13:02:28.327000Z,23,p,0.978,0.05278
8092,2018-11-08T13:02:28.331000Z,22,p,0.975,0.04379
8093,2018-11-08T13:02:28.335000Z,21,p,0.975,0.02115
8094,2018-11-08T13:02:28.339000Z,20,p,0.978,0.02159
8095,2018-11-08T13:02:28.343500Z,19,p,0.981,0.01284
8096,2018-11-08T13:02:28.347500Z,18,p,0.974,0.01633
8097,2018-11-08T13:02:28.352000Z,17,p,0.969,0.01096
8098,2018-11-08T13:02:28.357500Z,16,p,0.978,0.01698
8099,2018-11-08T13:02:28.361500Z,15,p,0.976,0.009987
8100,2018-11-08T13:02:28.367000Z,14,p,0.963,0.01047
8101,2018-11-08T13:02:28.372000Z,13,p,0.97,0.009653
8102,2018-11-08T13:02:28.376000Z,12,p,0.973,0.00559
8103,2018-11-08T13:02:28.381500Z,11,p,0.959,0.006013
8104,2018-11-08T13:02:28.385500Z,10,p,0.899,0.005165
8105,2018-11-08T13:02:28.393500Z,9,p,0.877,0.005558
8106,2018-11-08T13:02:28.397500Z,24,s,0.963,0.1614
8107,2018-11-08T13:02:28.399000Z,8,p,0.94,0.00906
8108,2018-11-08T13:02:28.403000Z,7,p,0.949,0.0094
8109,2018-11-08T13:02:28.403500Z,23,s,0.968,0.05278
8110,2018-11-08T13:02:28.409000Z,6,p,0.943,0.008337
8111,2018-11-08T13:02:28.410500Z,22,s,0.945,0.04379
8112,2018-11-08T13:02:28.413000Z,5,p,0.965,0.008881
8113,2018-11-08T13:02:28.416000Z,4,p,0.921,0.01037
8114,2018-11-08T13:02:28.416500Z,21,s,0.867,0.02115
8115,2018-11-08T13:02:28.422500Z,3,p,0.95,0.005757
8116,2018-11-08T13:02:28.424000Z,20,s,0.955,0.02159
8117,2018-11-08T13:02:28.427500Z,2,p,0.913,0.004936
8118,2018-11-08T13:02:28.428000Z,1,p,0.877,0.003248
8119,2018-11-08T13:02:28.430000Z,19,s,0.957,0.01188
8120,2018-11-08T13:02:28.439500Z,18,s,0.963,0.01633
8121,2018-11-08T13:02:28.445500Z,17,s,0.939,0.01096
8122,2018-11-08T13:02:28.456000Z,16,s,0.908,0.01678
8123,2018-11-08T13:02:28.467000Z,15,s,0.891,0.009987
8124,2018-11-08T13:02:28.475000Z,14,s,0.953,0.01047
8125,2018-11-08T13:02:28.483000Z,13,s,0.889,0.009537
8126,2018-11-08T13:02:28.490500Z,12,s,0.931,0.004804
8127,2018-11-08T13:02:28.507000Z,10,s,0.649,0.005165
8128,2018-11-08T13:02:28.510500Z,11,s,0.782,0.006013
8129,2018-11-08T13:02:28.515000Z,9,s,0.882,0.005558
8130,2018-11-08T13:02:28.523000Z,8,s,0.775,0.00906
8131,2018-11-08T13:02:28.531000Z,7,s,0.906,0.0094
8132,2018-11-08T13:02:28.540500Z,6,s,0.853,0.008337
8133,2018-11-08T13:02:28.548000Z,5,s,0.85,0.00374
8134,2018-11-08T13:02:28.556500Z,4,s,0.887,0.01037
8135,2018-11-08T13:02:28.566000Z,3,s,0.929,0.005757
8136,2018-11-08T13:02:28.572500Z,2,s,0.904,0.004936
8137,2018-11-08T13:02:28.577000Z,1,s,0.855,0.003248
8138,2018-11-08T13:02:37.024500Z,11,s,0.611,0.002098
8139,2018-11-08T13:02:38.503500Z,18,s,0.364,0.007399
8140,2018-11-08T13:02:38.505500Z,18,p,0.545,0.007399
8141,2018-11-08T13:02:45.156000Z,19,s,0.493,0.00348
8142,2018-11-08T13:03:02.870500Z,22,p,0.534,0.001887
8143,2018-11-08T13:03:15.166000Z,20,s,0.425,0.001874
8144,2018-11-08T13:03:21.175000Z,5,s,0.942,0.006947
8145,2018-11-08T13:03:22.069500Z,5,p,0.403,0.001734
8146,2018-11-08T13:03:33.184500Z,5,s,0.791,0.00302
8147,2018-11-08T13:03:52.801500Z,23,s,0.616,0.003154
8148,2018-11-08T13:03:53.778500Z,5,p,0.367,0.001729
8149,2018-11-08T13:04:28.960500Z,22,s,0.414,0.00296
8150,2018-11-08T13:04:36.862000Z,11,p,0.361,0.001963
8151,2018-11-08T13:04:37.029500Z,11,s,0.612,0.001963
8152,2018-11-08T13:04:48.402500Z,20,s,0.422,0.001974
8153,2018-11-08T13:05:19.885500Z,22,s,0.405,0.002379
8154,2018-11-08T13:05:37.078000Z,20,p,0.743,0.002656
8155,2018-11-08T13:05:37.205000Z,20,s,0.721,0.002656
8156,2018-11-08T13:06:27.142500Z,23,p,0.31,0.001763
8157,2018-11-08T13:06:27.301500Z,23,s,0.469,0.001763
8158,2018-11-08T13:06:52.560500Z,11,s,0.359,0.002455
8159,2018-11-08T13:07:04.492000Z,16,p,0.572,0.005495
8160,2018-11-08T13:07:04.596500Z,16,s,0.844,0.005495
8161,2018-11-08T13:07:04.780500Z,16,p,0.676,0.002063
8162,2018-11-08T13:07:24.397500Z,11,s,0.47,0.00236
8163,2018-11-08T13:07:37.882500Z,11,s,0.814,0.00855
8164,2018-11-08T13:07:40.820500Z,8,p,0.303,0.002793
8165,2018-11-08T13:07:40.940500Z,8,s,0.542,0.002793
8166,2018-11-08T13:07:50.592000Z,5,p,0.723,0.003148
8167,2018-11-08T13:07:50.733000Z,5,s,0.891,0.003148
8168,2018-11-08T13:08:26.366500Z,11,p,0.354,0.004582
8169,2018-11-08T13:08:26.485500Z,11,s,0.804,0.004582
8170,2018-11-08T13:09:19.363000Z,3,s,0.566,0.002524
8171,2018-11-08T13:09:28.747500Z,11,p,0.319,0.002393
8172,2018-11-08T13:09:28.844000Z,11,s,0.415,0.002393
8173,2018-11-08T13:11:41.192000Z,13,s,0.532,0.003143
8174,2018-11-08T13:11:41.210000Z,12,p,0.459,0.002237
8175,2018-11-08T13:11:54.143500Z,6,p,0.365,0.001985
8176,2018-11-08T13:13:22.710000Z,15,s,0.67,0.002681
8177,2018-11-08T13:13:22.720500Z,16,s,0.655,0.005672
8178,2018-11-08T13:13:22.725500Z,14,p,0.327,0.003409
8179,2018-11-08T13:13:22.731500Z,17,s,0.614,0.00458
8180,2018-11-08T13:13:22.750500Z,13,s,0.653,0.008346
8181,2018-11-08T13:13:22.763500Z,18,s,0.474,0.003109
8182,2018-11-08T13:13:22.769000Z,12,p,0.465,0.006252
8183,2018-11-08T13:13:22.783500Z,19,p,0.407,0.002551
8184,2018-11-08T13:14:57.669500Z,5,s,0.606,0.002629
8185,2018-11-08T13:15:17.095500Z,24,p,0.986,0.4006
8186,2018-11-08T13:15:17.099500Z,23,p,0.986,0.2606
8187,2018-11-08T13:15:17.104000Z,22,p,0.974,0.1908
8188,2018-11-08T13:15:17.109500Z,21,p,0.987,0.2071
8189,2018-11-08T13:15:17.114500Z,20,p,0.984,0.132
8190,2018-11-08T13:15:17.120000Z,19,p,0.984,0.1038
8191,2018-11-08T13:15:17.125000Z,18,p,0.986,0.08747
8192,2018-11-08T13:15:17.130000Z,17,p,0.982,0.1301
8193,2018-11-08T13:15:17.135500Z,16,p,0.982,0.09279
8194,2018-11-08T13:15:17.141000Z,15,p,0.981,0.05195
8195,2018-11-08T13:15:17.146000Z,14,p,0.963,0.06759
8196,2018-11-08T13:15:17.152000Z,13,p,0.979,0.08333
8197,2018-11-08T13:15:17.157000Z,12,p,0.973,0.0485
8198,2018-11-08T13:15:17.161000Z,11,p,0.97,0.03474
8199,2018-11-08T13:15:17.162500Z,24,s,0.96,0.4006
8200,2018-11-08T13:15:17.167000Z,10,p,0.97,0.05125
8201,2018-11-08T13:15:17.169500Z,23,s,0.965,0.2606
8202,2018-11-08T13:15:17.171500Z,9,p,0.943,0.04061
8203,2018-11-08T13:15:17.177500Z,22,s,0.971,0.1908
8204,2018-11-08T13:15:17.178000Z,8,p,0.97,0.05325
8205,2018-11-08T13:15:17.183000Z,7,p,0.96,0.04076
8206,2018-11-08T13:15:17.185500Z,21,s,0.966,0.2071
8207,2018-11-08T13:15:17.189500Z,6,p,0.975,0.04201
8208,2018-11-08T13:15:17.193000Z,5,p,0.967,0.02158
8209,2018-11-08T13:15:17.194500Z,20,s,0.92,0.132
8210,2018-11-08T13:15:17.199000Z,4,p,0.964,0.03896
8211,2018-11-08T13:15:17.202500Z,19,s,0.958,0.1038
8212,2018-11-08T13:15:17.205500Z,3,p,0.954,0.03188
8213,2018-11-08T13:15:17.211000Z,2,p,0.95,0.0403
8214,2018-11-08T13:15:17.213500Z,18,s,0.963,0.08747
8215,2018-11-08T13:15:17.215500Z,1,p,0.925,0.02374
8216,2018-11-08T13:15:17.218500Z,17,s,0.825,0.1301
8217,2018-11-08T13:15:17.232000Z,16,s,0.925,0.09279
8218,2018-11-08T13:15:17.240500Z,15,s,0.919,0.05195
8219,2018-11-08T13:15:17.250500Z,14,s,0.931,0.06759
8220,2018-11-08T13:15:17.258500Z,13,s,0.857,0.08333
8221,2018-11-08T13:15:17.267500Z,12,s,0.935,0.0485
8222,2018-11-08T13:15:17.276500Z,11,s,0.92,0.03474
8223,2018-11-08T13:15:17.285000Z,10,s,0.897,0.05125
8224,2018-11-08T13:15:17.295000Z,9,s,0.923,0.04061
8225,2018-11-08T13:15:17.303000Z,8,s,0.939,0.05325
8226,2018-11-08T13:15:17.310500Z,7,s,0.938,0.04076
8227,2018-11-08T13:15:17.319000Z,6,s,0.913,0.04201
8228,2018-11-08T13:15:17.328500Z,5,s,0.949,0.02158
8229,2018-11-08T13:15:17.337500Z,4,s,0.942,0.03896
8230,2018-11-08T13:15:17.347500Z,3,s,0.94,0.03188
8231,2018-11-08T13:15:17.356500Z,2,s,0.922,0.0403
8232,2018-11-08T13:15:17.364500Z,1,s,0.911,0.02374
8233,2018-11-08T13:16:57.469500Z,23,p,0.519,0.00227
8234,2018-11-08T13:16:57.586500Z,23,s,0.797,0.00227
8235,2018-11-08T13:17:18.180000Z,11,s,0.779,0.003426
8236,2018-11-08T13:17:32.327500Z,3,s,0.399,0.001531
8237,2018-11-08T13:18:27.713000Z,16,s,0.925,0.003666
8238,2018-11-08T13:18:30.944500Z,22,s,0.324,0.002012
8239,2018-11-08T13:18:52.304000Z,10,p,0.656,0.001971
8240,2018-11-08T13:18:52.521500Z,10,s,0.454,0.001961
8241,2018-11-08T13:19:02.469500Z,5,p,0.837,0.002289
8242,2018-11-08T13:19:02.627000Z,5,s,0.858,0.002289
8243,2018-11-08T13:19:34.918000Z,20,s,0.802,0.002772
8244,2018-11-08T13:20:10.446500Z,16,p,0.486,0.002741
8245,2018-11-08T13:20:10.555000Z,16,s,0.794,0.002741
8246,2018-11-08T13:20:21.795500Z,2,s,0.902,0.003709
8247,2018-11-08T13:20:32.439500Z,2,s,0.364,0.002213
8248,2018-11-08T13:20:32.500500Z,5,p,0.391,0.002603
8249,2018-11-08T13:20:32.642500Z,13,p,0.594,0.002643
8250,2018-11-08T13:20:34.227500Z,6,s,0.438,0.002459
8251,2018-11-08T13:21:15.687500Z,23,p,0.726,0.002539
8252,2018-11-08T13:21:15.839000Z,23,s,0.777,0.002539
8253,2018-11-08T13:21:21.168500Z,22,s,0.447,0.005831
8254,2018-11-08T13:21:39.580500Z,18,p,0.594,0.002268
8255,2018-11-08T13:21:44.957500Z,23,s,0.343,0.002324
8256,2018-11-08T13:21:45.923500Z,24,p,0.983,0.09096
8257,2018-11-08T13:21:45.928000Z,23,p,0.98,0.06499
8258,2018-11-08T13:21:45.933000Z,22,p,0.975,0.05535
8259,2018-11-08T13:21:45.937500Z,21,p,0.986,0.04441
8260,2018-11-08T13:21:45.943000Z,20,p,0.979,0.02715
8261,2018-11-08T13:21:45.947500Z,19,p,0.984,0.01991
8262,2018-11-08T13:21:45.953000Z,18,p,0.975,0.01733
8263,2018-11-08T13:21:45.957000Z,17,p,0.975,0.01014
8264,2018-11-08T13:21:45.963500Z,16,p,0.982,0.0114
8265,2018-11-08T13:21:45.967500Z,15,p,0.97,0.01068
8266,2018-11-08T13:21:45.974000Z,14,p,0.965,0.01783
8267,2018-11-08T13:21:45.980000Z,13,p,0.977,0.0148
8268,2018-11-08T13:21:45.985000Z,12,p,0.967,0.008905
8269,2018-11-08T13:21:45.985500Z,11,p,0.653,0.005386
8270,2018-11-08T13:21:45.990500Z,24,s,0.962,0.09096
8271,2018-11-08T13:21:45.994500Z,10,p,0.737,0.006387
8272,2018-11-08T13:21:45.997500Z,23,s,0.972,0.06499
8273,2018-11-08T13:21:45.999500Z,9,p,0.901,0.004243
8274,2018-11-08T13:21:46.005500Z,22,s,0.969,0.05535
8275,2018-11-08T13:21:46.006500Z,8,p,0.955,0.00912
8276,2018-11-08T13:21:46.012000Z,7,p,0.97,0.005806
8277,2018-11-08T13:21:46.013500Z,21,s,0.971,0.04441
8278,2018-11-08T13:21:46.015500Z,6,p,0.917,0.005369
8279,2018-11-08T13:21:46.021000Z,5,p,0.937,0.004232
8280,2018-11-08T13:21:46.021500Z,20,s,0.944,0.02715
8281,2018-11-08T13:21:46.028500Z,4,p,0.96,0.005736
8282,2018-11-08T13:21:46.028500Z,19,s,0.942,0.01527
8283,2018-11-08T13:21:46.030000Z,3,p,0.676,0.005669
8284,2018-11-08T13:21:46.038500Z,18,s,0.949,0.01733
8285,2018-11-08T13:21:46.038500Z,2,p,0.935,0.005207
8286,2018-11-08T13:21:46.041500Z,1,p,0.923,0.003943
8287,2018-11-08T13:21:46.046500Z,17,s,0.785,0.01014
8288,2018-11-08T13:21:46.058500Z,16,s,0.855,0.0114
8289,2018-11-08T13:21:46.068500Z,15,s,0.875,0.01068
8290,2018-11-08T13:21:46.076500Z,14,s,0.885,0.01783
8291,2018-11-08T13:21:46.088500Z,13,s,0.849,0.0148
8292,2018-11-08T13:21:46.092500Z,12,s,0.897,0.008905
8293,2018-11-08T13:21:46.104500Z,11,s,0.523,0.005386
8294,2018-11-08T13:21:46.113000Z,10,s,0.628,0.004023
8295,2018-11-08T13:21:46.121000Z,9,s,0.646,0.004243
8296,2018-11-08T13:21:46.131000Z,8,s,0.861,0.00912
8297,2018-11-08T13:21:46.137000Z,7,s,0.902,0.005806
8298,2018-11-08T13:21:46.148500Z,6,s,0.856,0.005276
8299,2018-11-08T13:21:46.154000Z,5,s,0.814,0.00392
8300,2018-11-08T13:21:46.164500Z,4,s,0.476,0.004978
8301,2018-11-08T13:21:46.170500Z,3,s,0.334,0.005669
8302,2018-11-08T13:21:46.182000Z,1,s,0.558,0.003282
8303,2018-11-08T13:21:46.182000Z,2,s,0.787,0.005207
8304,2018-11-08T13:22:09.950000Z,4,s,0.824,0.00714
8305,2018-11-08T13:22:51.155500Z,22,p,0.496,0.001901
8306,2018-11-08T13:22:51.300500Z,22,s,0.393,0.001901
8307,2018-11-08T13:23:20.037500Z,3,s,0.549,0.002903
8308,2018-11-08T13:23:48.452000Z,1,s,0.571,0.002663
8309,2018-11-08T13:24:07.965000Z,17,p,0.588,0.008353
8310,2018-11-08T13:24:07.968500Z,17,s,0.364,0.008353
8311,2018-11-08T13:24:45.224500Z,5,s,0.854,0.002373
8312,2018-11-08T13:25:22.124000Z,20,p,0.555,0.002335
8313,2018-11-08T13:25:22.341500Z,20,s,0.703,0.002335
8314,2018-11-08T13:25:25.577500Z,2,s,0.395,0.003758
8315,2018-11-08T13:25:25.621500Z,4,s,0.526,0.003994
8316,2018-11-08T13:25:25.636500Z,11,p,0.647,0.001905
8317,2018-11-08T13:25:25.641500Z,5,s,0.539,0.002183
8318,2018-11-08T13:25:25.666500Z,6,s,0.794,0.002552
8319,2018-11-08T13:25:25.704000Z,8,p,0.445,0.002336
8320,2018-11-08T13:25:25.767000Z,11,s,0.639,0.001905
8321,2018-11-08T13:25:25.788000Z,12,s,0.641,0.003251
8322,2018-11-08T13:25:26.588500Z,19,p,0.314,0.002542
8323,2018-11-08T13:25:26.704500Z,19,s,0.701,0.002542
8324,2018-11-08T13:25:37.915500Z,16,s,0.303,0.001604
8325,2018-11-08T13:26:25.290000Z,20,s,0.572,0.001777
8326,2018-11-08T13:27:03.492000Z,22,s,0.436,0.00207
8327,2018-11-08T13:27:04.197000Z,11,s,0.839,0.003613
8328,2018-11-08T13:27:28.891500Z,20,s,0.596,0.002981
8329,2018-11-08T13:28:06.785500Z,13,s,0.31,0.001638
8330,2018-11-08T13:30:01.243500Z,23,s,0.393,0.002516
8331,2018-11-08T13:30:07.608500Z,8,s,0.539,0.00193
8332,2018-11-08T13:31:00.673500Z,22,s,0.519,0.002674
8333,2018-11-08T13:31:06.149500Z,5,s,0.733,0.002741
8334,2018-11-08T13:31:56.233500Z,23,p,0.308,0.01188
8335,2018-11-08T13:31:56.297500Z,23,s,0.788,0.01188
8336,2018-11-08T13:32:33.504500Z,19,s,0.419,0.003365
8337,2018-11-08T13:32:37.511500Z,5,p,0.439,0.00317
8338,2018-11-08T13:32:37.588000Z,5,s,0.81,0.00317
8339,2018-11-08T13:32:54.146500Z,23,s,0.323,0.00223
8340,2018-11-08T13:33:27.970000Z,9,p,0.449,0.001944
8341,2018-11-08T13:34:48.112500Z,23,s,0.325,0.002596
8342,2018-11-08T13:35:55.522500Z,20,s,0.335,0.001676
8343,2018-11-08T13:36:09.636000Z,16,s,0.595,0.001471
8344,2018-11-08T13:36:43.216500Z,23,s,0.41,0.002247
8345,2018-11-08T13:36:43.726000Z,23,s,0.302,0.002368
8346,2018-11-08T13:37:00.784000Z,23,p,0.331,0.002274
8347,2018-11-08T13:37:00.909500Z,23,s,0.536,0.002274
8348,2018-11-08T13:37:18.834000Z,4,p,0.425,0.001589
8349,2018-11-08T13:37:21.391500Z,4,p,0.328,0.001779
8350,2018-11-08T13:37:33.392500Z,24,s,0.633,0.005761
8351,2018-11-08T13:37:46.389500Z,5,p,0.454,0.002102
8352,2018-11-08T13:37:46.465000Z,5,s,0.815,0.002102
8353,2018-11-08T13:38:12.080500Z,13,p,0.355,0.00542
8354,2018-11-08T13:38:12.179000Z,13,s,0.464,0.001372
8355,2018-11-08T13:38:12.472500Z,12,s,0.582,0.004227
8356,2018-11-08T13:38:15.885500Z,22,s,0.554,0.002257
8357,2018-11-08T13:38:37.692000Z,23,s,0.552,0.003547
8358,2018-11-08T13:39:00.886500Z,16,s,0.538,0.001808
8359,2018-11-08T13:39:36.069500Z,1,s,0.701,0.002556
8360,2018-11-08T13:39:36.516000Z,13,s,0.362,0.001749
8361,2018-11-08T13:39:46.618500Z,2,s,0.345,0.001995
8362,2018-11-08T13:39:49.874500Z,20,s,0.35,0.002069
8363,2018-11-08T13:39:58.881500Z,22,s,0.789,0.005299
8364,2018-11-08T13:40:23.916000Z,23,p,0.397,0.002586
8365,2018-11-08T13:40:24.040500Z,23,s,0.378,0.002586
8366,2018-11-08T13:40:42.719500Z,4,p,0.386,0.002076
8367,2018-11-08T13:41:21.330500Z,20,s,0.319,0.001826
8368,2018-11-08T13:41:29.063500Z,20,s,0.475,0.002785
8369,2018-11-08T13:41:36.950500Z,5,s,0.309,0.002455
8370,2018-11-08T13:41:37.050500Z,8,s,0.328,0.002263
8371,2018-11-08T13:41:37.811500Z,3,p,0.352,0.001897
8372,2018-11-08T13:41:37.995500Z,11,p,0.303,0.001983
8373,2018-11-08T13:41:38.038000Z,13,p,0.434,0.00343
8374,2018-11-08T13:41:38.181500Z,19,p,0.563,0.001895
8375,2018-11-08T13:41:39.509500Z,2,p,0.342,0.003554
8376,2018-11-08T13:41:40.824500Z,3,p,0.484,0.002112
8377,2018-11-08T13:41:40.848500Z,4,p,0.571,0.001929
8378,2018-11-08T13:41:40.999500Z,12,p,0.5,0.002864
8379,2018-11-08T13:41:49.000500Z,13,s,0.33,0.00415
8380,2018-11-08T13:41:59.528500Z,18,p,0.561,0.002392
8381,2018-11-08T13:42:20.925500Z,6,s,0.481,0.001949
8382,2018-11-08T13:42:22.234500Z,8,s,0.313,0.001819
8383,2018-11-08T13:42:22.271500Z,2,s,0.426,0.002059
8384,2018-11-08T13:42:22.294500Z,11,p,0.427,0.00192
8385,2018-11-08T13:42:24.363500Z,5,p,0.334,0.002087
8386,2018-11-08T13:42:47.221500Z,20,s,0.383,0.001643
8387,2018-11-08T13:43:18.179500Z,11,s,0.661,0.003622
8388,2018-11-08T13:43:36.579000Z,23,p,0.894,0.006311
8389,2018-11-08T13:43:36.592500Z,21,p,0.671,0.003465
8390,2018-11-08T13:43:36.623500Z,23,s,0.93,0.006311
8391,2018-11-08T13:43:36.646000Z,21,s,0.432,0.003465
8392,2018-11-08T13:43:44.098500Z,5,s,0.361,0.002548
8393,2018-11-08T13:43:44.379500Z,18,s,0.347,0.002334
8394,2018-11-08T13:44:59.746500Z,6,s,0.306,0.00256
8395,2018-11-08T13:45:19.325500Z,1,s,0.326,0.001692
8396,2018-11-08T13:46:53.636000Z,24,p,0.369,0.005024
8397,2018-11-08T13:46:53.643500Z,23,p,0.776,0.00779
8398,2018-11-08T13:46:53.652500Z,22,p,0.331,0.003576
8399,2018-11-08T13:46:53.706000Z,24,s,0.764,0.005024
8400,2018-11-08T13:46:53.717000Z,23,s,0.931,0.00779
8401,2018-11-08T13:46:53.725000Z,22,s,0.871,0.003576
8402,2018-11-08T13:46:53.751500Z,19,s,0.488,0.002621
8403,2018-11-08T13:47:35.742500Z,20,s,0.543,0.002848
8404,2018-11-08T13:48:02.326500Z,24,p,0.973,0.009127
8405,2018-11-08T13:48:02.331000Z,23,p,0.97,0.007186
8406,2018-11-08T13:48:02.334500Z,22,p,0.43,0.00327
8407,2018-11-08T13:48:02.340000Z,21,p,0.889,0.003525
8408,2018-11-08T13:48:02.346000Z,20,p,0.94,0.003316
8409,2018-11-08T13:48:02.352000Z,19,p,0.681,0.00332
8410,2018-11-08T13:48:02.377000Z,24,s,0.952,0.009127
8411,2018-11-08T13:48:02.385000Z,23,s,0.946,0.005001
8412,2018-11-08T13:48:02.402000Z,21,s,0.85,0.003525
8413,2018-11-08T13:48:02.411000Z,20,s,0.882,0.002294
8414,2018-11-08T13:48:02.419000Z,19,s,0.643,0.00172
8415,2018-11-08T13:48:03.629500Z,22,s,0.376,0.001707
8416,2018-11-08T13:48:24.363000Z,24,p,0.94,0.009105
8417,2018-11-08T13:48:24.367000Z,23,p,0.958,0.00552
8418,2018-11-08T13:48:24.373500Z,22,p,0.961,0.004272
8419,2018-11-08T13:48:24.375000Z,20,p,0.923,0.003075
8420,2018-11-08T13:48:24.376000Z,21,p,0.516,0.003196
8421,2018-11-08T13:48:24.388000Z,19,p,0.566,0.002705
8422,2018-11-08T13:48:24.421000Z,13,s,0.638,0.001974
8423,2018-11-08T13:48:24.445000Z,24,s,0.891,0.009105
8424,2018-11-08T13:48:24.453500Z,23,s,0.944,0.00552
8425,2018-11-08T13:48:24.461500Z,22,s,0.945,0.004272
8426,2018-11-08T13:48:24.468000Z,21,s,0.68,0.002327
8427,2018-11-08T13:48:24.476500Z,20,s,0.747,0.003075
8428,2018-11-08T13:48:24.478000Z,19,s,0.49,0.001537
8429,2018-11-08T13:48:24.534500Z,13,s,0.372,0.001841
8430,2018-11-08T13:48:36.944500Z,22,p,0.415,0.002537
8431,2018-11-08T13:48:44.887000Z,17,s,0.323,0.007489
8432,2018-11-08T13:51:42.642500Z,11,s,0.601,0.003975
8433,2018-11-08T13:53:10.436000Z,16,p,0.734,0.00905
8434,2018-11-08T13:53:17.337500Z,22,s,0.461,0.002027
8435,2018-11-08T13:53:52.268500Z,22,s,0.396,0.002408
8436,2018-11-08T13:54:15.830000Z,3,s,0.33,0.003
8437,2018-11-08T13:55:13.729500Z,1,s,0.665,0.002586
8438,2018-11-08T13:56:48.548000Z,23,s,0.697,0.003208
8439,2018-11-08T13:57:27.347500Z,22,s,0.665,0.002532
8440,2018-11-08T13:58:35.926000Z,4,s,0.732,0.00624
8441,2018-11-08T13:59:10.916000Z,23,s,0.471,0.003709
8442,2018-11-08T14:00:15.561500Z,11,s,0.492,0.004023
8443,2018-11-08T14:00:28.030500Z,13,p,0.469,0.003924
8444,2018-11-08T14:00:28.084500Z,12,p,0.381,0.002583
8445,2018-11-08T14:00:28.123000Z,13,s,0.911,0.003924
8446,2018-11-08T14:00:28.143500Z,12,s,0.504,0.002583
8447,2018-11-08T14:01:01.183500Z,23,p,0.351,0.002059
8448,2018-11-08T14:01:32.940500Z,7,p,0.415,0.002453
8449,2018-11-08T14:02:04.302000Z,24,p,0.972,0.07718
8450,2018-11-08T14:02:04.307500Z,23,p,0.979,0.1208
8451,2018-11-08T14:02:04.313500Z,22,p,0.986,0.1492
8452,2018-11-08T14:02:04.319000Z,21,p,0.982,0.0741
8453,2018-11-08T14:02:04.325500Z,20,p,0.986,0.04263
8454,2018-11-08T14:02:04.331000Z,19,p,0.987,0.02736
8455,2018-11-08T14:02:04.337000Z,18,p,0.98,0.02444
8456,2018-11-08T14:02:04.342000Z,17,p,0.987,0.01925
8457,2018-11-08T14:02:04.347500Z,16,p,0.979,0.02537
8458,2018-11-08T14:02:04.353500Z,15,p,0.975,0.01589
8459,2018-11-08T14:02:04.357000Z,24,s,0.933,0.07718
8460,2018-11-08T14:02:04.360000Z,14,p,0.967,0.01148
8461,2018-11-08T14:02:04.367000Z,13,p,0.981,0.01379
8462,2018-11-08T14:02:04.367500Z,23,s,0.91,0.1174
8463,2018-11-08T14:02:04.373500Z,12,p,0.983,0.01059
8464,2018-11-08T14:02:04.376500Z,11,p,0.971,0.007372
8465,2018-11-08T14:02:04.377000Z,22,s,0.897,0.1492
8466,2018-11-08T14:02:04.383500Z,10,p,0.976,0.004707
8467,2018-11-08T14:02:04.386500Z,21,s,0.952,0.0741
8468,2018-11-08T14:02:04.388500Z,9,p,0.949,0.004788
8469,2018-11-08T14:02:04.394500Z,8,p,0.952,0.006594
8470,2018-11-08T14:02:04.396500Z,20,s,0.937,0.04263
8471,2018-11-08T14:02:04.401500Z,7,p,0.945,0.005121
8472,2018-11-08T14:02:04.403000Z,19,s,0.868,0.02736
8473,2018-11-08T14:02:04.404000Z,6,p,0.824,0.004313
8474,2018-11-08T14:02:04.411500Z,5,p,0.933,0.003866
8475,2018-11-08T14:02:04.416000Z,18,s,0.829,0.02444
8476,2018-11-08T14:02:04.420500Z,4,p,0.95,0.005196
8477,2018-11-08T14:02:04.422500Z,17,s,0.909,0.01925
8478,2018-11-08T14:02:04.423000Z,3,p,0.821,0.004967
8479,2018-11-08T14:02:04.426000Z,2,p,0.882,0.004454
8480,2018-11-08T14:02:04.435000Z,16,s,0.833,0.02537
8481,2018-11-08T14:02:04.439500Z,1,p,0.459,0.003686
8482,2018-11-08T14:02:04.444500Z,15,s,0.83,0.01589
8483,2018-11-08T14:02:04.457000Z,14,s,0.879,0.01148
8484,2018-11-08T14:02:04.468500Z,13,s,0.877,0.01379
8485,2018-11-08T14:02:04.477000Z,12,s,0.846,0.009024
8486,2018-11-08T14:02:04.488000Z,11,s,0.751,0.007372
8487,2018-11-08T14:02:04.498000Z,10,s,0.821,0.004707
8488,2018-11-08T14:02:04.505000Z,9,s,0.71,0.004788
8489,2018-11-08T14:02:04.516500Z,8,s,0.697,0.006594
8490,2018-11-08T14:02:04.524000Z,7,s,0.882,0.005121
8491,2018-11-08T14:02:04.534500Z,6,s,0.439,0.003766
8492,2018-11-08T14:02:04.540500Z,5,s,0.693,0.003394
8493,2018-11-08T14:02:04.554500Z,4,s,0.849,0.005196
8494,2018-11-08T14:02:04.560500Z,3,s,0.854,0.004967
8495,2018-11-08T14:02:04.572500Z,2,s,0.818,0.004454
8496,2018-11-08T14:02:04.578000Z,1,s,0.737,0.003686
8497,2018-11-08T14:02:04.914000Z,18,p,0.3,0.002584
8498,2018-11-08T14:02:47.703000Z,23,s,0.835,0.002706
8499,2018-11-08T14:02:59.856500Z,22,s,0.59,0.002706
8500,2018-11-08T14:03:42.892000Z,22,p,0.604,0.002223
8501,2018-11-08T14:03:43.009500Z,22,s,0.528,0.002223
8502,2018-11-08T14:04:00.022000Z,24,p,0.355,0.008164
8503,2018-11-08T14:04:36.013500Z,5,s,0.65,0.003676
8504,2018-11-08T14:05:37.222500Z,10,s,0.764,0.001729
8505,2018-11-08T14:05:43.934500Z,4,p,0.454,0.00192
8506,2018-11-08T14:05:47.537000Z,18,p,0.396,0.002297
8507,2018-11-08T14:07:04.860000Z,23,s,0.624,0.001646
8508,2018-11-08T14:07:10.149000Z,20,p,0.858,0.02103
8509,2018-11-08T14:07:30.172000Z,22,s,0.672,0.002409
8510,2018-11-08T14:07:51.077500Z,23,s,0.542,0.002684
8511,2018-11-08T14:08:01.180500Z,11,s,0.537,0.005249
8512,2018-11-08T14:09:25.789500Z,20,s,0.584,0.002178
8513,2018-11-08T14:09:33.997500Z,20,s,0.486,0.003716
8514,2018-11-08T14:10:42.584500Z,1,s,0.624,0.003167
8515,2018-11-08T14:10:57.579500Z,23,s,0.437,0.002775
8516,2018-11-08T14:11:26.186500Z,20,s,0.732,0.001843
8517,2018-11-08T14:12:01.570500Z,6,s,0.342,0.001945
8518,2018-11-08T14:12:03.015500Z,5,p,0.333,0.001541
8519,2018-11-08T14:12:42.788500Z,5,p,0.359,0.001561
8520,2018-11-08T14:13:00.736500Z,6,p,0.421,0.002271
8521,2018-11-08T14:13:15.915500Z,2,p,0.326,0.001662
8522,2018-11-08T14:13:42.322500Z,6,s,0.407,0.006389
8523,2018-11-08T14:13:42.414500Z,12,s,0.305,0.004092
8524,2018-11-08T14:13:42.574500Z,18,s,0.36,0.005032
8525,2018-11-08T14:13:49.890000Z,12,p,0.309,0.00312
8526,2018-11-08T14:13:55.345500Z,23,p,0.428,0.003128
8527,2018-11-08T14:13:55.410000Z,23,s,0.569,0.003128
8528,2018-11-08T14:14:06.375500Z,15,p,0.343,0.002425
8529,2018-11-08T14:14:19.067500Z,24,p,0.835,0.006269
8530,2018-11-08T14:14:19.070500Z,23,p,0.452,0.00182
8531,2018-11-08T14:14:19.075500Z,22,p,0.922,0.002629
8532,2018-11-08T14:14:19.089500Z,19,p,0.319,0.001836
8533,2018-11-08T14:14:19.126000Z,23,p,0.51,0.003359
8534,2018-11-08T14:14:19.134000Z,21,p,0.813,0.003473
8535,2018-11-08T14:14:19.229500Z,24,s,0.755,0.006269
8536,2018-11-08T14:14:19.237500Z,23,s,0.51,0.003359
8537,2018-11-08T14:14:19.250500Z,21,s,0.629,0.002529
8538,2018-11-08T14:14:27.279500Z,13,p,0.48,0.002173
8539,2018-11-08T14:14:27.983000Z,21,p,0.317,0.001688
8540,2018-11-08T14:15:33.292500Z,20,p,0.36,0.002643
8541,2018-11-08T14:16:04.868500Z,2,p,0.306,0.001757
8542,2018-11-08T14:16:19.407500Z,22,s,0.67,0.002508
8543,2018-11-08T14:17:37.018000Z,19,s,0.396,0.001837
8544,2018-11-08T14:17:40.144500Z,23,p,0.393,0.003304
8545,2018-11-08T14:17:40.198000Z,23,s,0.447,0.003304
8546,2018-11-08T14:18:29.594000Z,24,p,0.96,0.03364
8547,2018-11-08T14:18:29.599000Z,23,p,0.977,0.02859
8548,2018-11-08T14:18:29.605000Z,22,p,0.971,0.02617
8549,2018-11-08T14:18:29.608000Z,21,p,0.959,0.0134
8550,2018-11-08T14:18:29.615000Z,20,p,0.979,0.0118
8551,2018-11-08T14:18:29.620000Z,19,p,0.972,0.008903
8552,2018-11-08T14:18:29.623500Z,18,p,0.822,0.009269
8553,2018-11-08T14:18:29.629500Z,17,p,0.896,0.005687
8554,2018-11-08T14:18:29.633500Z,24,s,0.969,0.03364
8555,2018-11-08T14:18:29.636500Z,16,p,0.68,0.009572
8556,2018-11-08T14:18:29.642500Z,23,s,0.959,0.02859
8557,2018-11-08T14:18:29.649500Z,14,p,0.921,0.003353
8558,2018-11-08T14:18:29.650500Z,22,s,0.895,0.02617
8559,2018-11-08T14:18:29.654000Z,13,p,0.81,0.003495
8560,2018-11-08T14:18:29.654500Z,15,p,0.339,0.003744
8561,2018-11-08T14:18:29.659000Z,21,s,0.962,0.0134
8562,2018-11-08T14:18:29.661500Z,12,p,0.911,0.003107
8563,2018-11-08T14:18:29.675000Z,19,s,0.851,0.008903
8564,2018-11-08T14:18:29.678500Z,20,s,0.565,0.0118
8565,2018-11-08T14:18:29.686500Z,18,s,0.862,0.009269
8566,2018-11-08T14:18:29.694500Z,17,s,0.806,0.005687
8567,2018-11-08T14:18:29.710000Z,16,s,0.709,0.009572
8568,2018-11-08T14:18:29.718500Z,15,s,0.859,0.003744
8569,2018-11-08T14:18:29.727000Z,14,s,0.891,0.003353
8570,2018-11-08T14:18:29.737000Z,13,s,0.747,0.003495
8571,2018-11-08T14:18:29.748000Z,12,s,0.906,0.003107
8572,2018-11-08T14:18:29.758500Z,11,s,0.66,0.002595
8573,2018-11-08T14:18:29.765500Z,10,p,0.785,0.002183
8574,2018-11-08T14:18:29.778500Z,9,s,0.394,0.001843
8575,2018-11-08T14:18:29.885500Z,10,s,0.473,0.001568
8576,2018-11-08T14:19:23.388000Z,9,p,0.797,0.005192
8577,2018-11-08T14:19:44.766000Z,22,s,0.363,0.002111
8578,2018-11-08T14:21:01.631500Z,23,s,0.474,0.003034
8579,2018-11-08T14:21:42.557500Z,5,s,0.698,0.003366
8580,2018-11-08T14:23:27.323500Z,20,s,0.485,0.002946
8581,2018-11-08T14:23:32.064500Z,23,p,0.549,0.002879
8582,2018-11-08T14:23:32.235500Z,23,s,0.638,0.002879
8583,2018-11-08T14:23:41.427000Z,11,s,0.897,0.003353
8584,2018-11-08T14:23:47.864000Z,23,s,0.537,0.003474
8585,2018-11-08T14:24:08.605500Z,22,s,0.741,0.002253
8586,2018-11-08T14:26:07.562500Z,19,s,0.304,0.0039
8587,2018-11-08T14:26:49.448500Z,22,s,0.401,0.002267
8588,2018-11-08T14:27:16.057500Z,13,s,0.329,0.001692
8589,2018-11-08T14:27:21.343000Z,23,s,0.641,0.002509
8590,2018-11-08T14:28:04.820000Z,5,s,0.581,0.00294
8591,2018-11-08T14:28:06.952500Z,1,s,0.591,0.002685
8592,2018-11-08T14:29:08.349500Z,8,s,0.592,0.002562
8593,2018-11-08T14:29:28.504500Z,20,s,0.772,0.003177
8594,2018-11-08T14:30:10.096500Z,3,s,0.404,0.003648
8595,2018-11-08T14:30:22.273500Z,23,s,0.519,0.0023
8596,2018-11-08T14:31:24.588500Z,23,p,0.35,0.00169
8597,2018-11-08T14:31:59.848000Z,1,p,0.351,0.00272
8598,2018-11-08T14:33:00.481500Z,1,p,0.413,0.03067
8599,2018-11-08T14:34:14.092000Z,5,s,0.633,0.002607
8600,2018-11-08T14:35:34.378000Z,17,p,0.366,0.002942
8601,2018-11-08T14:35:34.409000Z,24,p,0.971,0.01156
8602,2018-11-08T14:35:34.413500Z,23,p,0.983,0.01943
8603,2018-11-08T14:35:34.419000Z,22,p,0.961,0.01436
8604,2018-11-08T14:35:34.423000Z,21,p,0.957,0.01125
8605,2018-11-08T14:35:34.429000Z,20,p,0.977,0.004198
8606,2018-11-08T14:35:34.433500Z,19,p,0.968,0.006172
8607,2018-11-08T14:35:34.439500Z,18,p,0.976,0.008309
8608,2018-11-08T14:35:34.443000Z,17,s,0.851,0.002942
8609,2018-11-08T14:35:34.451000Z,16,p,0.954,0.004098
8610,2018-11-08T14:35:34.454000Z,15,p,0.852,0.002183
8611,2018-11-08T14:35:34.465500Z,13,s,0.34,0.002754
8612,2018-11-08T14:35:34.467000Z,13,p,0.569,0.002754
8613,2018-11-08T14:35:34.467500Z,24,s,0.895,0.009132
8614,2018-11-08T14:35:34.473000Z,12,p,0.873,0.002363
8615,2018-11-08T14:35:34.475500Z,23,s,0.944,0.007949
8616,2018-11-08T14:35:34.478000Z,11,p,0.558,0.001883
8617,2018-11-08T14:35:34.484000Z,22,s,0.935,0.005495
8618,2018-11-08T14:35:34.491000Z,21,s,0.816,0.004726
8619,2018-11-08T14:35:34.502000Z,20,s,0.817,0.002898
8620,2018-11-08T14:35:34.509500Z,19,s,0.832,0.002699
8621,2018-11-08T14:35:34.517500Z,18,s,0.601,0.00384
8622,2018-11-08T14:35:34.531000Z,16,s,0.746,0.002047
8623,2018-11-08T14:35:34.543500Z,15,s,0.498,0.002087
8624,2018-11-08T14:35:34.569500Z,13,s,0.457,0.001981
8625,2018-11-08T14:35:34.575500Z,12,s,0.477,0.001423
8626,2018-11-08T14:35:34.589500Z,11,s,0.304,0.001839
8627,2018-11-08T14:37:19.394000Z,20,p,0.316,0.003391
8628,2018-11-08T14:37:19.479500Z,20,s,0.86,0.003391
8629,2018-11-08T14:37:34.972000Z,4,s,0.314,0.005704
8630,2018-11-08T14:37:35.496500Z,20,s,0.608,0.001982
8631,2018-11-08T14:38:27.837500Z,5,p,0.486,0.0016
8632,2018-11-08T14:39:11.349500Z,20,s,0.366,0.001873
8633,2018-11-08T14:39:48.392000Z,11,s,0.906,0.004542
8634,2018-11-08T14:40:09.984500Z,12,s,0.328,0.004565
8635,2018-11-08T14:40:17.386000Z,17,p,0.345,0.0022
8636,2018-11-08T14:40:57.260000Z,5,s,0.593,0.003025
8637,2018-11-08T14:41:41.024500Z,18,s,0.338,0.003921
8638,2018-11-08T14:43:19.445500Z,20,s,0.405,0.003612
8639,2018-11-08T14:43:41.641500Z,23,p,0.879,0.005246
8640,2018-11-08T14:43:41.686000Z,23,s,0.948,0.005246
8641,2018-11-08T14:43:55.785500Z,12,p,0.378,0.002213
8642,2018-11-08T14:43:57.496000Z,1,p,0.482,0.002929
8643,2018-11-08T14:43:57.637500Z,1,s,0.311,0.002929
8644,2018-11-08T14:44:20.985500Z,22,s,0.441,0.002257
8645,2018-11-08T14:45:58.237500Z,23,s,0.346,0.002715
8646,2018-11-08T14:46:25.869500Z,15,s,0.322,0.001752
8647,2018-11-08T14:46:31.813500Z,20,s,0.362,0.001861
8648,2018-11-08T14:47:05.797500Z,22,s,0.358,0.002902
8649,2018-11-08T14:47:41.369500Z,11,s,0.483,0.00345
8650,2018-11-08T14:49:26.664500Z,5,s,0.601,0.002454
8651,2018-11-08T14:49:29.952500Z,22,s,0.355,0.001895
8652,2018-11-08T14:50:16.018000Z,3,p,0.543,0.002287
8653,2018-11-08T14:50:48.221500Z,23,s,0.476,0.002021
8654,2018-11-08T14:51:10.035000Z,20,s,0.708,0.003041
8655,2018-11-08T14:51:10.216000Z,20,p,0.811,0.003041
8656,2018-11-08T14:52:00.400500Z,23,s,0.672,0.003017
8657,2018-11-08T14:52:22.398000Z,22,p,0.428,0.002435
8658,2018-11-08T14:53:18.334000Z,13,s,0.483,0.004895
8659,2018-11-08T14:53:27.427500Z,23,p,0.965,0.007247
8660,2018-11-08T14:53:27.463500Z,23,s,0.934,0.007247
8661,2018-11-08T14:53:38.152500Z,17,s,0.377,0.002755
8662,2018-11-08T14:55:19.520500Z,22,s,0.498,0.001768
8663,2018-11-08T14:55:42.143500Z,18,s,0.34,0.005038
8664,2018-11-08T14:55:58.093500Z,11,s,0.427,0.002308
8665,2018-11-08T14:55:59.048500Z,22,s,0.385,0.002616
8666,2018-11-08T14:56:05.096500Z,11,s,0.762,0.004222
8667,2018-11-08T14:57:14.472000Z,20,s,0.377,0.002952
8668,2018-11-08T14:57:20.541500Z,6,p,0.521,0.00166
8669,2018-11-08T14:58:00.326000Z,19,s,0.504,0.003467
8670,2018-11-08T14:58:27.933000Z,9,p,0.714,0.004001
8671,2018-11-08T14:58:32.380000Z,24,s,0.474,0.02695
8672,2018-11-08T14:58:43.697500Z,13,s,0.422,0.001804
8673,2018-11-08T14:59:12.743500Z,5,p,0.409,0.002961
8674,2018-11-08T14:59:12.835000Z,5,s,0.878,0.002961
8675,2018-11-08T15:00:38.324000Z,1,s,0.642,0.002764
8676,2018-11-08T15:01:15.604000Z,23,s,0.435,0.002518
8677,2018-11-08T15:02:19.984000Z,20,p,0.357,0.002269
8678,2018-11-08T15:02:20.164000Z,20,s,0.612,0.002269
8679,2018-11-08T15:02:27.406500Z,1,s,0.398,0.001812
8680,2018-11-08T15:02:31.618000Z,15,p,0.314,0.003616
8681,2018-11-08T15:02:31.618500Z,16,s,0.538,0.004194
8682,2018-11-08T15:02:31.657500Z,13,s,0.453,0.004983
8683,2018-11-08T15:02:31.680500Z,12,s,0.549,0.003913
8684,2018-11-08T15:02:32.188000Z,4,p,0.788,0.002601
8685,2018-11-08T15:02:32.295500Z,4,s,0.411,0.001653
8686,2018-11-08T15:03:35.654500Z,20,s,0.789,0.009057
8687,2018-11-08T15:03:58.023500Z,11,p,0.509,0.004224
8688,2018-11-08T15:03:58.143000Z,11,s,0.896,0.004224
8689,2018-11-08T15:05:02.516500Z,20,s,0.747,0.003026
8690,2018-11-08T15:05:02.697000Z,20,p,0.635,0.002663
8691,2018-11-08T15:05:34.355500Z,23,s,0.497,0.002757
8692,2018-11-08T15:05:42.208500Z,20,s,0.55,0.002048
8693,2018-11-08T15:05:52.491000Z,24,p,0.984,0.05942
8694,2018-11-08T15:05:52.495500Z,23,p,0.984,0.08694
8695,2018-11-08T15:05:52.499500Z,22,p,0.981,0.05849
8696,2018-11-08T15:05:52.504000Z,21,p,0.975,0.0309
8697,2018-11-08T15:05:52.510000Z,20,p,0.983,0.01625
8698,2018-11-08T15:05:52.515500Z,19,p,0.98,0.009163
8699,2018-11-08T15:05:52.521500Z,18,p,0.944,0.007438
8700,2018-11-08T15:05:52.521500Z,24,s,0.973,0.05942
8701,2018-11-08T15:05:52.527000Z,17,p,0.966,0.01077
8702,2018-11-08T15:05:52.529500Z,16,p,0.874,0.006258
8703,2018-11-08T15:05:52.529500Z,23,s,0.974,0.08694
8704,2018-11-08T15:05:52.536000Z,22,s,0.962,0.05849
8705,2018-11-08T15:05:52.545000Z,21,s,0.969,0.0309
8706,2018-11-08T15:05:52.547500Z,14,p,0.721,0.005847
8707,2018-11-08T15:05:52.552000Z,13,p,0.922,0.004306
8708,2018-11-08T15:05:52.553500Z,20,s,0.969,0.01625
8709,2018-11-08T15:05:52.556000Z,11,p,0.521,0.004687
8710,2018-11-08T15:05:52.558000Z,12,p,0.922,0.004685
8711,2018-11-08T15:05:52.563000Z,19,s,0.937,0.009163
8712,2018-11-08T15:05:52.568500Z,10,p,0.637,0.005146
8713,2018-11-08T15:05:52.573000Z,18,s,0.828,0.007438
8714,2018-11-08T15:05:52.582500Z,8,p,0.519,0.005228
8715,2018-11-08T15:05:52.583500Z,17,s,0.959,0.01077
8716,2018-11-08T15:05:52.594000Z,16,s,0.913,0.006258
8717,2018-11-08T15:05:52.596000Z,6,p,0.713,0.003475
8718,2018-11-08T15:05:52.596500Z,9,p,0.358,0.007976
8719,2018-11-08T15:05:52.599500Z,7,p,0.313,0.004124
8720,2018-11-08T15:05:52.601500Z,5,p,0.778,0.003296
8721,2018-11-08T15:05:52.602000Z,15,s,0.847,0.003863
8722,2018-11-08T15:05:52.612000Z,4,p,0.605,0.006427
8723,2018-11-08T15:05:52.613500Z,14,s,0.922,0.005847
8724,2018-11-08T15:05:52.623500Z,13,s,0.956,0.004306
8725,2018-11-08T15:05:52.628000Z,3,p,0.822,0.003207
8726,2018-11-08T15:05:52.629000Z,12,s,0.724,0.004685
8727,2018-11-08T15:05:52.635500Z,2,p,0.856,0.002846
8728,2018-11-08T15:05:52.643500Z,11,s,0.911,0.004687
8729,2018-11-08T15:05:52.644500Z,1,p,0.394,0.002515
8730,2018-11-08T15:05:52.652500Z,10,s,0.858,0.005146
8731,2018-11-08T15:05:52.662500Z,9,s,0.906,0.007976
8732,2018-11-08T15:05:52.671000Z,8,s,0.91,0.005228
8733,2018-11-08T15:05:52.679000Z,7,s,0.884,0.004124
8734,2018-11-08T15:05:52.690000Z,6,s,0.933,0.003475
8735,2018-11-08T15:05:52.698500Z,5,s,0.894,0.003296
8736,2018-11-08T15:05:52.709000Z,4,s,0.955,0.006427
8737,2018-11-08T15:05:52.720000Z,3,s,0.924,0.003207
8738,2018-11-08T15:05:52.731000Z,2,s,0.905,0.002846
8739,2018-11-08T15:05:52.740000Z,1,s,0.905,0.002515
8740,2018-11-08T15:06:41.694000Z,22,s,0.374,0.002775
8741,2018-11-08T15:08:14.207500Z,5,p,0.385,0.003728
8742,2018-11-08T15:08:14.294000Z,5,s,0.436,0.003728
8743,2018-11-08T15:08:28.847500Z,13,p,0.424,0.002519
8744,2018-11-08T15:10:08.034000Z,13,p,0.562,0.002016
8745,2018-11-08T15:10:08.157500Z,13,s,0.44,0.001669
8746,2018-11-08T15:10:22.492500Z,13,p,0.328,0.00261
8747,2018-11-08T15:10:38.686000Z,24,p,0.977,0.8947
8748,2018-11-08T15:10:38.691500Z,23,p,0.984,0.9023
8749,2018-11-08T15:10:38.697000Z,22,p,0.979,0.7302
8750,2018-11-08T15:10:38.701500Z,21,p,0.97,0.649
8751,2018-11-08T15:10:38.707500Z,20,p,0.987,0.3426
8752,2018-11-08T15:10:38.712000Z,19,p,0.976,0.4431
8753,2018-11-08T15:10:38.717500Z,18,p,0.964,0.3559
8754,2018-11-08T15:10:38.723500Z,17,p,0.986,0.248
8755,2018-11-08T15:10:38.728500Z,16,p,0.985,0.2546
8756,2018-11-08T15:10:38.733500Z,15,p,0.974,0.1472
8757,2018-11-08T15:10:38.739500Z,14,p,0.973,0.1307
8758,2018-11-08T15:10:38.746000Z,13,p,0.983,0.2201
8759,2018-11-08T15:10:38.750500Z,24,s,0.958,0.7394
8760,2018-11-08T15:10:38.751500Z,12,p,0.978,0.2206
8761,2018-11-08T15:10:38.756000Z,11,p,0.977,0.1072
8762,2018-11-08T15:10:38.759500Z,23,s,0.963,0.9023
8763,2018-11-08T15:10:38.761500Z,10,p,0.979,0.08847
8764,2018-11-08T15:10:38.766500Z,9,p,0.984,0.04676
8765,2018-11-08T15:10:38.767500Z,22,s,0.949,0.4034
8766,2018-11-08T15:10:38.772000Z,8,p,0.976,0.05049
8767,2018-11-08T15:10:38.776000Z,21,s,0.959,0.2876
8768,2018-11-08T15:10:38.777500Z,7,p,0.982,0.03842
8769,2018-11-08T15:10:38.783000Z,6,p,0.983,0.0367
8770,2018-11-08T15:10:38.785500Z,20,s,0.891,0.2769
8771,2018-11-08T15:10:38.788000Z,5,p,0.977,0.02868
8772,2018-11-08T15:10:38.792500Z,19,s,0.953,0.1606
8773,2018-11-08T15:10:38.793500Z,4,p,0.976,0.0407
8774,2018-11-08T15:10:38.799500Z,3,p,0.975,0.03644
8775,2018-11-08T15:10:38.803500Z,18,s,0.944,0.1814
8776,2018-11-08T15:10:38.805000Z,2,p,0.975,0.03729
8777,2018-11-08T15:10:38.809500Z,1,p,0.976,0.03503
8778,2018-11-08T15:10:38.812500Z,17,s,0.933,0.1614
8779,2018-11-08T15:10:38.822500Z,16,s,0.832,0.101
8780,2018-11-08T15:10:38.833000Z,15,s,0.805,0.08166
8781,2018-11-08T15:10:38.844500Z,14,s,0.866,0.06703
8782,2018-11-08T15:10:38.854000Z,13,s,0.876,0.06875
8783,2018-11-08T15:10:38.864000Z,12,s,0.832,0.05101
8784,2018-11-08T15:10:38.876500Z,11,s,0.791,0.04732
8785,2018-11-08T15:10:38.884500Z,10,s,0.819,0.04185
8786,2018-11-08T15:10:38.898500Z,9,s,0.844,0.03066
8787,2018-11-08T15:10:38.907000Z,8,s,0.77,0.03949
8788,2018-11-08T15:10:38.918500Z,7,s,0.665,0.03702
8789,2018-11-08T15:10:38.928500Z,6,s,0.663,0.03029
8790,2018-11-08T15:10:38.930000Z,5,s,0.849,0.02849
8791,2018-11-08T15:10:38.951500Z,4,s,0.623,0.0407
8792,2018-11-08T15:10:38.956500Z,2,s,0.765,0.03729
8793,2018-11-08T15:10:38.962500Z,3,s,0.817,0.03644
8794,2018-11-08T15:10:38.983000Z,1,s,0.814,0.03503
8795,2018-11-08T15:11:12.027500Z,20,s,0.438,0.002985
8796,2018-11-08T15:11:14.319500Z,4,s,0.611,0.005997
8797,2018-11-08T15:11:26.548500Z,2,s,0.474,0.003112
8798,2018-11-08T15:12:11.378500Z,17,s,0.426,0.003139
8799,2018-11-08T15:12:37.334500Z,6,p,0.39,0.004203
8800,2018-11-08T15:12:37.400000Z,6,s,0.859,0.004203
8801,2018-11-08T15:13:53.176000Z,16,s,0.89,0.005233
8802,2018-11-08T15:13:53.573500Z,16,p,0.314,0.001586
8803,2018-11-08T15:14:51.067000Z,5,s,0.766,0.002782
8804,2018-11-08T15:14:53.727500Z,24,p,0.973,0.06788
8805,2018-11-08T15:14:53.731500Z,23,p,0.978,0.08564
8806,2018-11-08T15:14:53.737500Z,22,p,0.969,0.0683
8807,2018-11-08T15:14:53.741500Z,21,p,0.978,0.06644
8808,2018-11-08T15:14:53.747500Z,20,p,0.97,0.03402
8809,2018-11-08T15:14:53.752000Z,19,p,0.964,0.03329
8810,2018-11-08T15:14:53.755500Z,18,s,0.519,0.02815
8811,2018-11-08T15:14:53.759500Z,18,p,0.488,0.02815
8812,2018-11-08T15:14:53.761500Z,17,p,0.908,0.01617
8813,2018-11-08T15:14:53.767500Z,16,p,0.981,0.01634
8814,2018-11-08T15:14:53.773000Z,15,p,0.943,0.01079
8815,2018-11-08T15:14:53.779500Z,14,p,0.985,0.01262
8816,2018-11-08T15:14:53.785500Z,13,p,0.986,0.01954
8817,2018-11-08T15:14:53.789500Z,12,p,0.969,0.0178
8818,2018-11-08T15:14:53.795000Z,11,p,0.97,0.005621
8819,2018-11-08T15:14:53.799000Z,10,p,0.968,0.004434
8820,2018-11-08T15:14:53.803500Z,9,p,0.915,0.003109
8821,2018-11-08T15:14:53.809500Z,8,p,0.885,0.006629
8822,2018-11-08T15:14:53.810000Z,24,s,0.919,0.01606
8823,2018-11-08T15:14:53.815500Z,7,p,0.908,0.007299
8824,2018-11-08T15:14:53.818500Z,23,s,0.754,0.01222
8825,2018-11-08T15:14:53.821000Z,6,p,0.83,0.005487
8826,2018-11-08T15:14:53.825000Z,5,p,0.96,0.003041
8827,2018-11-08T15:14:53.831000Z,4,p,0.972,0.005787
8828,2018-11-08T15:14:53.836000Z,3,p,0.966,0.005048
8829,2018-11-08T15:14:53.836500Z,21,s,0.74,0.008475
8830,2018-11-08T15:14:53.839500Z,19,s,0.661,0.005725
8831,2018-11-08T15:14:53.841500Z,2,p,0.951,0.005026
8832,2018-11-08T15:14:53.844000Z,17,s,0.435,0.004534
8833,2018-11-08T15:14:53.846500Z,22,s,0.503,0.009919
8834,2018-11-08T15:14:53.847500Z,1,p,0.933,0.004905
8835,2018-11-08T15:14:53.849500Z,20,s,0.492,0.004331
8836,2018-11-08T15:14:53.885500Z,16,s,0.604,0.006325
8837,2018-11-08T15:14:53.893500Z,15,s,0.678,0.005072
8838,2018-11-08T15:14:53.900000Z,14,s,0.831,0.005036
8839,2018-11-08T15:14:53.909000Z,13,s,0.816,0.007944
8840,2018-11-08T15:14:53.916000Z,12,s,0.897,0.005557
8841,2018-11-08T15:14:53.925500Z,11,s,0.613,0.002919
8842,2018-11-08T15:14:53.938500Z,10,s,0.817,0.003998
8843,2018-11-08T15:14:53.940500Z,9,s,0.762,0.003109
8844,2018-11-08T15:14:53.954500Z,8,s,0.916,0.006629
8845,2018-11-08T15:14:53.960000Z,7,s,0.836,0.007299
8846,2018-11-08T15:14:53.971000Z,6,s,0.895,0.005487
8847,2018-11-08T15:14:53.978500Z,5,s,0.824,0.003041
8848,2018-11-08T15:14:53.986500Z,4,s,0.837,0.005787
8849,2018-11-08T15:14:53.994000Z,3,s,0.776,0.005048
8850,2018-11-08T15:14:54.002500Z,2,s,0.839,0.005026
8851,2018-11-08T15:14:54.012500Z,1,s,0.78,0.004905
8852,2018-11-08T15:14:54.427500Z,15,p,0.308,0.001977
8853,2018-11-08T15:15:11.683000Z,12,p,0.343,0.001472
8854,2018-11-08T15:16:28.424500Z,22,s,0.305,0.00258
8855,2018-11-08T15:17:22.941500Z,1,s,0.595,0.00288
8856,2018-11-08T15:17:49.714000Z,23,p,0.776,0.004597
8857,2018-11-08T15:17:49.730500Z,20,p,0.392,0.002512
8858,2018-11-08T15:17:49.776500Z,23,s,0.686,0.01356
8859,2018-11-08T15:17:49.939500Z,24,p,0.959,0.0109
8860,2018-11-08T15:17:49.945500Z,23,p,0.982,0.01356
8861,2018-11-08T15:17:49.951000Z,22,p,0.962,0.01077
8862,2018-11-08T15:17:49.955500Z,21,p,0.961,0.01152
8863,2018-11-08T15:17:49.962000Z,20,p,0.914,0.006776
8864,2018-11-08T15:17:49.965500Z,19,p,0.943,0.006793
8865,2018-11-08T15:17:49.971500Z,18,p,0.967,0.007267
8866,2018-11-08T15:17:49.977500Z,17,s,0.75,0.003738
8867,2018-11-08T15:17:49.983500Z,16,p,0.875,0.00286
8868,2018-11-08T15:17:49.984500Z,15,p,0.307,0.003068
8869,2018-11-08T15:17:49.999500Z,24,s,0.787,0.007486
8870,2018-11-08T15:17:50.001000Z,13,p,0.771,0.002465
8871,2018-11-08T15:17:50.005500Z,12,p,0.866,0.002312
8872,2018-11-08T15:17:50.008000Z,23,s,0.941,0.008207
8873,2018-11-08T15:17:50.011000Z,11,s,0.338,0.001614
8874,2018-11-08T15:17:50.016000Z,22,s,0.915,0.003954
8875,2018-11-08T15:17:50.023000Z,21,s,0.913,0.003577
8876,2018-11-08T15:17:50.032500Z,20,s,0.866,0.003387
8877,2018-11-08T15:17:50.042000Z,19,s,0.874,0.002437
8878,2018-11-08T15:17:50.052000Z,18,s,0.877,0.003992
8879,2018-11-08T15:17:50.083500Z,16,s,0.322,0.00227
8880,2018-11-08T15:17:50.104000Z,13,s,0.413,0.001776
8881,2018-11-08T15:18:08.797500Z,23,s,0.485,0.002705
8882,2018-11-08T15:18:50.277500Z,2,s,0.72,0.003448
8883,2018-11-08T15:19:08.610000Z,20,p,0.49,0.003313
8884,2018-11-08T15:19:08.710500Z,20,s,0.633,0.003313
8885,2018-11-08T15:20:05.921500Z,11,s,0.633,0.004162
8886,2018-11-08T15:20:09.212000Z,4,p,0.401,0.002711
8887,2018-11-08T15:20:09.348000Z,1,s,0.563,0.002004
8888,2018-11-08T15:20:09.369500Z,2,s,0.728,0.003197
8889,2018-11-08T15:20:09.391500Z,3,s,0.487,0.002404
8890,2018-11-08T15:20:09.412000Z,4,s,0.767,0.002711
8891,2018-11-08T15:20:09.434500Z,5,s,0.561,0.001691
8892,2018-11-08T15:20:09.454000Z,6,s,0.519,0.002257
8893,2018-11-08T15:20:09.494500Z,8,s,0.402,0.001884
8894,2018-11-08T15:20:09.579500Z,12,s,0.464,0.002502
8895,2018-11-08T15:20:09.598500Z,13,s,0.775,0.003404
8896,2018-11-08T15:20:11.346000Z,5,p,0.44,0.003065
8897,2018-11-08T15:20:11.458000Z,5,s,0.847,0.003065
8898,2018-11-08T15:21:24.182000Z,24,p,0.981,0.06861
8899,2018-11-08T15:21:24.187500Z,23,p,0.986,0.07233
8900,2018-11-08T15:21:24.193000Z,22,p,0.982,0.05981
8901,2018-11-08T15:21:24.197500Z,21,p,0.981,0.0599
8902,2018-11-08T15:21:24.203000Z,20,p,0.987,0.03363
8903,2018-11-08T15:21:24.207500Z,19,p,0.979,0.04245
8904,2018-11-08T15:21:24.213500Z,18,p,0.984,0.03388
8905,2018-11-08T15:21:24.218000Z,17,p,0.98,0.01952
8906,2018-11-08T15:21:24.223500Z,16,p,0.983,0.02252
8907,2018-11-08T15:21:24.229500Z,15,p,0.977,0.01437
8908,2018-11-08T15:21:24.235500Z,14,p,0.985,0.01232
8909,2018-11-08T15:21:24.241500Z,13,p,0.984,0.02241
8910,2018-11-08T15:21:24.247000Z,12,p,0.98,0.0213
8911,2018-11-08T15:21:24.251500Z,11,p,0.983,0.008882
8912,2018-11-08T15:21:24.256000Z,10,p,0.965,0.00812
8913,2018-11-08T15:21:24.256500Z,24,s,0.959,0.04538
8914,2018-11-08T15:21:24.261500Z,9,p,0.979,0.004825
8915,2018-11-08T15:21:24.265000Z,23,s,0.964,0.07233
8916,2018-11-08T15:21:24.267500Z,8,p,0.974,0.005551
8917,2018-11-08T15:21:24.271000Z,7,p,0.963,0.003529
8918,2018-11-08T15:21:24.273500Z,22,s,0.922,0.03685
8919,2018-11-08T15:21:24.277000Z,6,p,0.966,0.003874
8920,2018-11-08T15:21:24.281500Z,5,p,0.949,0.00404
8921,2018-11-08T15:21:24.281500Z,21,s,0.971,0.03309
8922,2018-11-08T15:21:24.287000Z,4,p,0.924,0.003648
8923,2018-11-08T15:21:24.290500Z,20,s,0.939,0.02076
8924,2018-11-08T15:21:24.293000Z,3,p,0.965,0.00307
8925,2018-11-08T15:21:24.297500Z,19,s,0.952,0.0134
8926,2018-11-08T15:21:24.297500Z,2,p,0.943,0.002885
8927,2018-11-08T15:21:24.303000Z,1,p,0.91,0.002535
8928,2018-11-08T15:21:24.307500Z,18,s,0.938,0.01535
8929,2018-11-08T15:21:24.314500Z,17,s,0.689,0.01003
8930,2018-11-08T15:21:24.328500Z,16,s,0.691,0.008788
8931,2018-11-08T15:21:24.336000Z,15,s,0.865,0.00643
8932,2018-11-08T15:21:24.348500Z,14,s,0.793,0.007887
8933,2018-11-08T15:21:24.356000Z,13,s,0.712,0.007082
8934,2018-11-08T15:21:24.367000Z,12,s,0.891,0.005867
8935,2018-11-08T15:21:24.385000Z,11,s,0.739,0.004643
8936,2018-11-08T15:21:24.388000Z,10,s,0.824,0.003893
8937,2018-11-08T15:21:24.400000Z,9,s,0.693,0.003445
8938,2018-11-08T15:21:24.412500Z,8,s,0.762,0.004416
8939,2018-11-08T15:21:24.420500Z,7,s,0.776,0.003202
8940,2018-11-08T15:21:24.432500Z,5,s,0.7,0.003345
8941,2018-11-08T15:21:24.442500Z,6,s,0.725,0.002417
8942,2018-11-08T15:21:24.444000Z,4,s,0.802,0.003241
8943,2018-11-08T15:21:24.456000Z,3,s,0.825,0.00307
8944,2018-11-08T15:21:24.461000Z,2,s,0.737,0.002885
8945,2018-11-08T15:21:24.472000Z,1,s,0.665,0.002286
8946,2018-11-08T15:21:27.676500Z,20,s,0.465,0.00189
8947,2018-11-08T15:23:28.722500Z,24,p,0.984,0.04435
8948,2018-11-08T15:23:28.727500Z,23,p,0.98,0.06225
8949,2018-11-08T15:23:28.733000Z,22,p,0.975,0.04142
8950,2018-11-08T15:23:28.739000Z,21,p,0.981,0.03853
8951,2018-11-08T15:23:28.743500Z,20,p,0.985,0.02238
8952,2018-11-08T15:23:28.749500Z,19,p,0.985,0.02313
8953,2018-11-08T15:23:28.755000Z,18,p,0.988,0.02449
8954,2018-11-08T15:23:28.759500Z,17,p,0.971,0.01431
8955,2018-11-08T15:23:28.765500Z,16,p,0.986,0.01467
8956,2018-11-08T15:23:28.771500Z,15,p,0.979,0.009216
8957,2018-11-08T15:23:28.777000Z,14,p,0.966,0.005289
8958,2018-11-08T15:23:28.782000Z,24,s,0.964,0.03192
8959,2018-11-08T15:23:28.783500Z,13,p,0.98,0.00866
8960,2018-11-08T15:23:28.789500Z,12,p,0.975,0.009575
8961,2018-11-08T15:23:28.791000Z,23,s,0.964,0.04609
8962,2018-11-08T15:23:28.794000Z,11,p,0.979,0.006916
8963,2018-11-08T15:23:28.799500Z,22,s,0.966,0.02188
8964,2018-11-08T15:23:28.799500Z,10,p,0.972,0.00744
8965,2018-11-08T15:23:28.805500Z,9,p,0.976,0.00594
8966,2018-11-08T15:23:28.806500Z,21,s,0.935,0.0173
8967,2018-11-08T15:23:28.811500Z,8,p,0.973,0.005695
8968,2018-11-08T15:23:28.815000Z,20,s,0.923,0.01287
8969,2018-11-08T15:23:28.817000Z,7,p,0.955,0.002731
8970,2018-11-08T15:23:28.821000Z,6,p,0.964,0.003376
8971,2018-11-08T15:23:28.825000Z,19,s,0.96,0.01154
8972,2018-11-08T15:23:28.826500Z,5,p,0.968,0.002809
8973,2018-11-08T15:23:28.833500Z,4,p,0.959,0.003686
8974,2018-11-08T15:23:28.834500Z,18,s,0.884,0.01608
8975,2018-11-08T15:23:28.837500Z,3,p,0.938,0.002516
8976,2018-11-08T15:23:28.843500Z,17,s,0.623,0.007517
8977,2018-11-08T15:23:28.844000Z,2,p,0.954,0.002833
8978,2018-11-08T15:23:28.847500Z,1,p,0.889,0.001897
8979,2018-11-08T15:23:28.858500Z,16,s,0.655,0.009587
8980,2018-11-08T15:23:28.864000Z,15,s,0.793,0.005214
8981,2018-11-08T15:23:28.876500Z,14,s,0.856,0.005212
8982,2018-11-08T15:23:28.885000Z,13,s,0.717,0.004082
8983,2018-11-08T15:23:28.894500Z,12,s,0.828,0.004832
8984,2018-11-08T15:23:28.904500Z,11,s,0.735,0.003502
8985,2018-11-08T15:23:28.918000Z,10,s,0.676,0.003545
8986,2018-11-08T15:23:28.928500Z,9,s,0.653,0.003235
8987,2018-11-08T15:23:28.939000Z,8,s,0.691,0.002384
8988,2018-11-08T15:23:28.948500Z,7,s,0.811,0.002393
8989,2018-11-08T15:23:28.956500Z,6,s,0.711,0.002148
8990,2018-11-08T15:23:28.960500Z,5,s,0.701,0.002233
8991,2018-11-08T15:23:28.969000Z,4,s,0.539,0.002906
8992,2018-11-08T15:23:28.982500Z,3,s,0.638,0.002198
8993,2018-11-08T15:23:28.995000Z,2,s,0.816,0.002833
8994,2018-11-08T15:23:29.003000Z,1,s,0.644,0.001897
8995,2018-11-08T15:23:41.932000Z,24,p,0.983,0.03705
8996,2018-11-08T15:23:41.937500Z,23,p,0.982,0.05591
8997,2018-11-08T15:23:41.943500Z,22,p,0.968,0.04145
8998,2018-11-08T15:23:41.948000Z,21,p,0.976,0.04303
8999,2018-11-08T15:23:41.953500Z,20,p,0.985,0.02587
9000,2018-11-08T15:23:41.959500Z,19,p,0.983,0.02774
9001,2018-11-08T15:23:41.964000Z,18,p,0.971,0.02498
9002,2018-11-08T15:23:41.969500Z,17,p,0.977,0.01467
9003,2018-11-08T15:23:41.974500Z,16,p,0.962,0.01188
9004,2018-11-08T15:23:41.981500Z,15,p,0.982,0.006205
9005,2018-11-08T15:23:41.987000Z,14,p,0.98,0.005247
9006,2018-11-08T15:23:41.991500Z,24,s,0.96,0.02778
9007,2018-11-08T15:23:41.993500Z,13,p,0.981,0.007342
9008,2018-11-08T15:23:41.999500Z,12,p,0.975,0.00935
9009,2018-11-08T15:23:42.000500Z,23,s,0.952,0.03752
9010,2018-11-08T15:23:42.003500Z,11,p,0.971,0.005946
9011,2018-11-08T15:23:42.009500Z,22,s,0.943,0.01743
9012,2018-11-08T15:23:42.009500Z,10,p,0.956,0.006592
9013,2018-11-08T15:23:42.015500Z,9,p,0.948,0.005044
9014,2018-11-08T15:23:42.017500Z,21,s,0.957,0.0132
9015,2018-11-08T15:23:42.021000Z,8,p,0.978,0.004285
9016,2018-11-08T15:23:42.025000Z,7,p,0.908,0.002951
9017,2018-11-08T15:23:42.026000Z,20,s,0.943,0.01052
9018,2018-11-08T15:23:42.031000Z,6,p,0.937,0.002785
9019,2018-11-08T15:23:42.035000Z,19,s,0.962,0.009601
9020,2018-11-08T15:23:42.035500Z,17,s,0.548,0.006749
9021,2018-11-08T15:23:42.037500Z,5,p,0.964,0.002777
9022,2018-11-08T15:23:42.041500Z,4,p,0.934,0.002828
9023,2018-11-08T15:23:42.044000Z,18,s,0.891,0.0134
9024,2018-11-08T15:23:42.048000Z,3,p,0.945,0.002499
9025,2018-11-08T15:23:42.053500Z,1,p,0.863,0.001978
9026,2018-11-08T15:23:42.053500Z,2,p,0.912,0.002522
9027,2018-11-08T15:23:42.068500Z,16,s,0.684,0.008659
9028,2018-11-08T15:23:42.075000Z,15,s,0.818,0.004824
9029,2018-11-08T15:23:42.086000Z,14,s,0.892,0.00414
9030,2018-11-08T15:23:42.096000Z,13,s,0.825,0.004022
9031,2018-11-08T15:23:42.105000Z,12,s,0.86,0.003691
9032,2018-11-08T15:23:42.115000Z,11,s,0.824,0.003118
9033,2018-11-08T15:23:42.126500Z,10,s,0.648,0.002889
9034,2018-11-08T15:23:42.136500Z,9,s,0.723,0.003013
9035,2018-11-08T15:23:42.148500Z,8,s,0.762,0.002709
9036,2018-11-08T15:23:42.156000Z,7,s,0.668,0.002601
9037,2018-11-08T15:23:42.170000Z,6,s,0.736,0.002072
9038,2018-11-08T15:23:42.176500Z,5,s,0.746,0.001833
9039,2018-11-08T15:23:42.177000Z,4,s,0.517,0.002828
9040,2018-11-08T15:23:42.194500Z,3,s,0.821,0.002499
9041,2018-11-08T15:23:42.202000Z,2,s,0.817,0.002522
9042,2018-11-08T15:23:42.212500Z,1,s,0.751,0.001978
9043,2018-11-08T15:24:28.114000Z,20,p,0.708,0.001888
9044,2018-11-08T15:24:28.401500Z,20,s,0.4,0.001888
9045,2018-11-08T15:25:11.156500Z,20,p,0.523,0.002735
9046,2018-11-08T15:25:11.268500Z,20,s,0.816,0.002735
9047,2018-11-08T15:25:26.101500Z,5,p,0.447,0.002611
9048,2018-11-08T15:25:26.237500Z,5,s,0.482,0.002611
9049,2018-11-08T15:26:03.158500Z,19,p,0.397,0.003696
9050,2018-11-08T15:26:03.263000Z,19,s,0.697,0.003696
9051,2018-11-08T15:26:23.957500Z,24,p,0.953,0.01
9052,2018-11-08T15:26:23.963000Z,23,p,0.968,0.01627
9053,2018-11-08T15:26:23.968500Z,10,p,0.426,0.001817
9054,2018-11-08T15:26:23.969500Z,22,p,0.927,0.00652
9055,2018-11-08T15:26:23.975000Z,21,p,0.833,0.003959
9056,2018-11-08T15:26:23.978000Z,20,p,0.513,0.003324
9057,2018-11-08T15:26:23.984500Z,19,p,0.861,0.002504
9058,2018-11-08T15:26:23.996000Z,17,p,0.928,0.003014
9059,2018-11-08T15:26:24.005500Z,16,p,0.84,0.002048
9060,2018-11-08T15:26:24.009000Z,24,s,0.855,0.01
9061,2018-11-08T15:26:24.019500Z,23,s,0.967,0.01627
9062,2018-11-08T15:26:24.021500Z,13,p,0.704,0.002035
9063,2018-11-08T15:26:24.029000Z,22,s,0.921,0.00652
9064,2018-11-08T15:26:24.036500Z,21,s,0.909,0.003959
9065,2018-11-08T15:26:24.045500Z,20,s,0.845,0.003324
9066,2018-11-08T15:26:24.056000Z,19,s,0.832,0.002504
9067,2018-11-08T15:26:24.074000Z,17,s,0.861,0.003014
9068,2018-11-08T15:26:24.084000Z,16,s,0.72,0.002048
9069,2018-11-08T15:26:24.116500Z,13,s,0.353,0.002035
9070,2018-11-08T15:26:24.144500Z,10,s,0.608,0.001817
9071,2018-11-08T15:26:57.053500Z,22,s,0.515,0.00259
9072,2018-11-08T15:27:28.630000Z,2,p,0.65,0.00263
9073,2018-11-08T15:27:28.741500Z,2,s,0.563,0.00263
9074,2018-11-08T15:27:47.544000Z,19,s,0.43,0.001734
9075,2018-11-08T15:27:49.456500Z,11,s,0.311,0.003884
9076,2018-11-08T15:27:56.545500Z,18,s,0.351,0.006458
9077,2018-11-08T15:29:00.810500Z,20,s,0.709,0.001919
9078,2018-11-08T15:29:16.536500Z,13,s,0.41,0.001951
9079,2018-11-08T15:30:37.328000Z,12,s,0.316,0.002069
9080,2018-11-08T15:31:24.472000Z,3,s,0.445,0.003833
9081,2018-11-08T15:32:05.003500Z,20,s,0.301,0.002116
9082,2018-11-08T15:32:08.178500Z,13,p,0.947,0.1058
9083,2018-11-08T15:32:59.401000Z,20,s,0.844,0.002964
9084,2018-11-08T15:33:14.284000Z,4,p,0.48,0.003599
9085,2018-11-08T15:33:14.401500Z,2,p,0.362,0.008387
9086,2018-11-08T15:33:14.411500Z,2,s,0.437,0.008387
9087,2018-11-08T15:33:54.453500Z,20,s,0.517,0.002251
9088,2018-11-08T15:34:11.028500Z,17,p,0.476,0.002943
9089,2018-11-08T15:34:11.030000Z,17,s,0.331,0.002943
9090,2018-11-08T15:34:15.102500Z,5,p,0.638,0.003404
9091,2018-11-08T15:34:15.212500Z,5,s,0.852,0.003404
9092,2018-11-08T15:34:25.419500Z,1,s,0.737,0.00285
9093,2018-11-08T15:35:23.680000Z,24,p,0.981,0.1531
9094,2018-11-08T15:35:23.685500Z,23,p,0.984,0.1355
9095,2018-11-08T15:35:23.689500Z,22,p,0.985,0.1143
9096,2018-11-08T15:35:23.694000Z,21,p,0.972,0.08585
9097,2018-11-08T15:35:23.699500Z,20,p,0.986,0.0743
9098,2018-11-08T15:35:23.704000Z,19,p,0.982,0.07675
9099,2018-11-08T15:35:23.709000Z,18,p,0.981,0.06108
9100,2018-11-08T15:35:23.713500Z,17,p,0.985,0.03464
9101,2018-11-08T15:35:23.719000Z,16,p,0.984,0.04653
9102,2018-11-08T15:35:23.725500Z,15,p,0.984,0.02095
9103,2018-11-08T15:35:23.729500Z,14,p,0.982,0.02972
9104,2018-11-08T15:35:23.736000Z,13,p,0.965,0.02552
9105,2018-11-08T15:35:23.741500Z,12,p,0.981,0.03106
9106,2018-11-08T15:35:23.743000Z,24,s,0.963,0.1531
9107,2018-11-08T15:35:23.745500Z,11,p,0.981,0.01414
9108,2018-11-08T15:35:23.750500Z,23,s,0.962,0.1295
9109,2018-11-08T15:35:23.751500Z,10,p,0.975,0.01216
9110,2018-11-08T15:35:23.756000Z,9,p,0.976,0.008152
9111,2018-11-08T15:35:23.759000Z,22,s,0.956,0.1066
9112,2018-11-08T15:35:23.761000Z,8,p,0.973,0.01024
9113,2018-11-08T15:35:23.765000Z,7,p,0.905,0.006384
9114,2018-11-08T15:35:23.765000Z,21,s,0.95,0.05503
9115,2018-11-08T15:35:23.771500Z,6,p,0.974,0.004599
9116,2018-11-08T15:35:23.774000Z,20,s,0.955,0.04438
9117,2018-11-08T15:35:23.777000Z,5,p,0.962,0.004515
9118,2018-11-08T15:35:23.781500Z,19,s,0.969,0.02882
9119,2018-11-08T15:35:23.782000Z,4,p,0.965,0.007832
9120,2018-11-08T15:35:23.787000Z,3,p,0.961,0.006434
9121,2018-11-08T15:35:23.791000Z,18,s,0.913,0.05185
9122,2018-11-08T15:35:23.792000Z,2,p,0.961,0.003888
9123,2018-11-08T15:35:23.796000Z,1,p,0.935,0.003801
9124,2018-11-08T15:35:23.798500Z,17,s,0.934,0.02412
9125,2018-11-08T15:35:23.809500Z,16,s,0.849,0.03584
9126,2018-11-08T15:35:23.820500Z,15,s,0.919,0.0189
9127,2018-11-08T15:35:23.829000Z,14,s,0.887,0.02972
9128,2018-11-08T15:35:23.838500Z,13,s,0.886,0.02393
9129,2018-11-08T15:35:23.848000Z,12,s,0.876,0.02156
9130,2018-11-08T15:35:23.856500Z,11,s,0.854,0.0116
9131,2018-11-08T15:35:23.865000Z,10,s,0.871,0.007499
9132,2018-11-08T15:35:23.879000Z,9,s,0.625,0.006853
9133,2018-11-08T15:35:23.890500Z,8,s,0.721,0.01024
9134,2018-11-08T15:35:23.902500Z,7,s,0.784,0.006384
9135,2018-11-08T15:35:23.912000Z,6,s,0.831,0.004306
9136,2018-11-08T15:35:23.926000Z,5,s,0.645,0.004277
9137,2018-11-08T15:35:23.930500Z,4,s,0.718,0.007832
9138,2018-11-08T15:35:23.942500Z,3,s,0.828,0.006434
9139,2018-11-08T15:35:23.948500Z,2,s,0.699,0.003888
9140,2018-11-08T15:35:23.960500Z,1,s,0.669,0.003801
9141,2018-11-08T15:35:38.536500Z,22,s,0.322,0.002819
9142,2018-11-08T15:36:03.680500Z,12,s,0.71,0.004215
9143,2018-11-08T15:37:19.242000Z,5,s,0.709,0.002406
9144,2018-11-08T15:37:45.184500Z,23,s,0.391,0.002336
9145,2018-11-08T15:38:23.260000Z,22,s,0.334,0.001553
9146,2018-11-08T15:38:57.897000Z,9,p,0.921,0.03537
9147,2018-11-08T15:39:05.995000Z,20,s,0.753,0.002894
9148,2018-11-08T15:39:32.125500Z,19,s,0.532,0.003991
9149,2018-11-08T15:39:50.504500Z,13,s,0.666,0.002581
9150,2018-11-08T15:40:30.746500Z,22,s,0.361,0.002799
9151,2018-11-08T15:41:08.036500Z,22,s,0.327,0.001929
9152,2018-11-08T15:43:10.281500Z,1,p,0.633,0.001967
9153,2018-11-08T15:43:20.502500Z,23,p,0.357,0.004301
9154,2018-11-08T15:43:20.563500Z,23,s,0.859,0.004301
9155,2018-11-08T15:43:28.293500Z,11,s,0.466,0.003613
9156,2018-11-08T15:44:03.828000Z,20,s,0.612,0.002101
9157,2018-11-08T15:44:19.526000Z,5,s,0.411,0.002664
9158,2018-11-08T15:44:52.677500Z,8,p,0.563,0.004234
9159,2018-11-08T15:45:24.046000Z,19,p,0.559,0.004508
9160,2018-11-08T15:45:24.085500Z,19,s,0.882,0.004508
9161,2018-11-08T15:45:39.321500Z,4,s,0.566,0.005988
9162,2018-11-08T15:46:28.584500Z,23,s,0.5,0.003243
9163,2018-11-08T15:46:37.574500Z,11,s,0.53,0.001748
9164,2018-11-08T15:46:50.993500Z,11,s,0.744,0.002894
9165,2018-11-08T15:46:58.311000Z,20,s,0.834,0.003709
9166,2018-11-08T15:46:58.489000Z,20,p,0.621,0.003709
9167,2018-11-08T15:47:13.068500Z,14,s,0.37,0.003479
9168,2018-11-08T15:48:49.319500Z,9,p,0.325,0.001873
9169,2018-11-08T15:49:05.421500Z,23,s,0.449,0.003035
9170,2018-11-08T15:49:52.258500Z,18,p,0.451,0.00297
9171,2018-11-08T15:50:05.508500Z,8,s,0.445,0.003524
9172,2018-11-08T15:50:52.408500Z,5,s,0.556,0.002917
9173,2018-11-08T15:51:31.255500Z,11,p,0.409,0.004436
9174,2018-11-08T15:51:31.348500Z,11,s,0.573,0.004436
9175,2018-11-08T15:51:56.876000Z,23,s,0.555,0.00258
9176,2018-11-08T15:52:07.608000Z,14,p,0.696,0.004326
9177,2018-11-08T15:52:07.753500Z,14,s,0.493,0.004326
9178,2018-11-08T15:52:57.926500Z,13,p,0.365,0.001977
9179,2018-11-08T15:52:58.032500Z,13,s,0.662,0.001977
9180,2018-11-08T15:53:00.143000Z,20,s,0.768,0.00264
9181,2018-11-08T15:53:03.742000Z,20,p,0.309,0.002206
9182,2018-11-08T15:53:03.912500Z,20,s,0.515,0.002206
9183,2018-11-08T15:53:48.357500Z,11,s,0.487,0.001753
9184,2018-11-08T15:54:39.610500Z,20,s,0.589,0.00171
9185,2018-11-08T15:54:48.579500Z,23,p,0.402,0.003107
9186,2018-11-08T15:54:48.708000Z,23,s,0.643,0.003107
9187,2018-11-08T15:54:50.951500Z,23,s,0.368,0.002041
9188,2018-11-08T15:55:10.569500Z,23,s,0.662,0.002628
9189,2018-11-08T15:56:35.394500Z,19,s,0.484,0.004475
9190,2018-11-08T15:58:07.733500Z,20,p,0.451,0.001951
9191,2018-11-08T15:58:08.006500Z,20,s,0.439,0.001951
9192,2018-11-08T15:58:15.835000Z,11,s,0.817,0.003309
9193,2018-11-08T15:58:19.072500Z,22,s,0.533,0.002856
9194,2018-11-08T15:58:27.600500Z,5,s,0.824,0.002872
9195,2018-11-08T15:59:12.757500Z,11,s,0.436,0.003834
9196,2018-11-08T15:59:33.973500Z,19,s,0.47,0.003272
9197,2018-11-08T15:59:39.930000Z,22,s,0.83,0.003786
9198,2018-11-08T16:00:36.069000Z,11,s,0.903,0.003606
9199,2018-11-08T16:00:49.317500Z,23,s,0.828,0.002051
9200,2018-11-08T16:00:52.047000Z,20,s,0.737,0.003421
9201,2018-11-08T16:00:54.065500Z,11,s,0.608,0.00342
9202,2018-11-08T16:01:13.220500Z,23,p,0.403,0.002469
9203,2018-11-08T16:01:13.421500Z,23,s,0.553,0.002469
9204,2018-11-08T16:01:13.607500Z,11,p,0.351,0.002673
9205,2018-11-08T16:01:13.749500Z,11,s,0.816,0.002673
9206,2018-11-08T16:01:25.708000Z,23,s,0.46,0.00255
9207,2018-11-08T16:01:31.178500Z,20,s,0.333,0.001691
9208,2018-11-08T16:01:36.212000Z,11,s,0.392,0.003292
9209,2018-11-08T16:01:55.738000Z,11,p,0.856,0.002947
9210,2018-11-08T16:01:55.826000Z,11,s,0.903,0.002947
9211,2018-11-08T16:02:25.593500Z,11,s,0.674,0.003234
9212,2018-11-08T16:02:48.279500Z,2,p,0.431,0.007879
9213,2018-11-08T16:02:48.382000Z,2,s,0.812,0.007879
9214,2018-11-08T16:03:21.500000Z,23,s,0.654,0.004696
9215,2018-11-08T16:04:15.229500Z,5,p,0.704,0.002267
9216,2018-11-08T16:04:15.312500Z,5,s,0.655,0.002267
9217,2018-11-08T16:05:03.020000Z,11,p,0.787,0.001685
9218,2018-11-08T16:05:03.157500Z,11,s,0.412,0.001577
9219,2018-11-08T16:05:12.210500Z,11,s,0.484,0.002136
9220,2018-11-08T16:06:12.069500Z,11,s,0.377,0.001737
9221,2018-11-08T16:06:43.603000Z,17,s,0.776,0.003281
9222,2018-11-08T16:06:52.858500Z,20,s,0.688,0.002907
9223,2018-11-08T16:06:56.637500Z,11,p,0.618,0.001997
9224,2018-11-08T16:06:56.734500Z,11,s,0.802,0.001997
9225,2018-11-08T16:07:04.404000Z,1,s,0.576,0.002748
9226,2018-11-08T16:07:07.350500Z,11,s,0.741,0.002232
9227,2018-11-08T16:07:19.113500Z,11,s,0.568,0.001947
9228,2018-11-08T16:07:32.494500Z,11,p,0.337,0.002435
9229,2018-11-08T16:07:32.633000Z,11,s,0.654,0.002435
9230,2018-11-08T16:07:38.588000Z,11,s,0.827,0.00228
9231,2018-11-08T16:07:45.637500Z,11,s,0.54,0.002095
9232,2018-11-08T16:08:26.059500Z,20,p,0.391,0.002131
9233,2018-11-08T16:08:26.206000Z,20,s,0.438,0.002131
9234,2018-11-08T16:08:49.404500Z,11,p,0.436,0.00161
9235,2018-11-08T16:08:49.519000Z,11,s,0.662,0.00161
9236,2018-11-08T16:09:25.842000Z,24,p,0.837,0.02164
9237,2018-11-08T16:09:25.849000Z,23,p,0.947,0.03454
9238,2018-11-08T16:09:25.854000Z,22,p,0.806,0.02
9239,2018-11-08T16:09:25.859500Z,21,p,0.467,0.01415
9240,2018-11-08T16:09:25.873500Z,17,p,0.363,0.004707
9241,2018-11-08T16:09:25.874500Z,19,p,0.632,0.005799
9242,2018-11-08T16:09:25.879000Z,20,p,0.694,0.007993
9243,2018-11-08T16:09:25.885500Z,24,s,0.968,0.02164
9244,2018-11-08T16:09:25.887500Z,13,p,0.575,0.003351
9245,2018-11-08T16:09:25.888500Z,16,p,0.366,0.005407
9246,2018-11-08T16:09:25.896500Z,23,s,0.951,0.03454
9247,2018-11-08T16:09:25.905000Z,22,s,0.946,0.02
9248,2018-11-08T16:09:25.914500Z,21,s,0.958,0.01415
9249,2018-11-08T16:09:25.925000Z,20,s,0.942,0.007993
9250,2018-11-08T16:09:25.926000Z,12,p,0.74,0.004907
9251,2018-11-08T16:09:25.934000Z,19,s,0.879,0.005799
9252,2018-11-08T16:09:25.934500Z,10,p,0.485,0.002817
9253,2018-11-08T16:09:25.942500Z,18,s,0.515,0.006238
9254,2018-11-08T16:09:25.948500Z,8,p,0.782,0.001955
9255,2018-11-08T16:09:25.954000Z,17,s,0.889,0.004707
9256,2018-11-08T16:09:25.966500Z,16,s,0.897,0.005407
9257,2018-11-08T16:09:25.973000Z,15,s,0.766,0.002594
9258,2018-11-08T16:09:25.984000Z,14,s,0.766,0.002783
9259,2018-11-08T16:09:25.997000Z,13,s,0.928,0.003351
9260,2018-11-08T16:09:26.004500Z,12,s,0.796,0.004907
9261,2018-11-08T16:09:26.018000Z,11,s,0.858,0.002955
9262,2018-11-08T16:09:26.026000Z,10,s,0.834,0.002817
9263,2018-11-08T16:09:26.036500Z,9,s,0.556,0.002815
9264,2018-11-08T16:09:26.046000Z,8,s,0.884,0.001955
9265,2018-11-08T16:09:26.054500Z,7,s,0.618,0.001823
9266,2018-11-08T16:09:26.061500Z,6,p,0.313,0.001847
9267,2018-11-08T16:09:26.069500Z,5,s,0.318,0.001611
9268,2018-11-08T16:09:26.084000Z,4,s,0.359,0.002051
9269,2018-11-08T16:09:26.101500Z,2,s,0.313,0.001722
9270,2018-11-08T16:09:32.299000Z,11,s,0.322,0.002212
9271,2018-11-08T16:10:00.548500Z,11,p,0.536,0.001608
9272,2018-11-08T16:10:00.705000Z,11,s,0.772,0.001608
9273,2018-11-08T16:10:01.039500Z,3,p,0.359,0.00408
9274,2018-11-08T16:10:01.151500Z,3,s,0.729,0.00408
9275,2018-11-08T16:10:09.224500Z,22,s,0.315,0.003766
9276,2018-11-08T16:10:09.832000Z,11,p,0.498,0.002851
9277,2018-11-08T16:10:10.061500Z,11,s,0.675,0.002851
9278,2018-11-08T16:10:17.909500Z,11,s,0.363,0.002275
9279,2018-11-08T16:10:22.641500Z,19,p,0.346,0.004235
9280,2018-11-08T16:10:22.652500Z,24,p,0.857,0.0139
9281,2018-11-08T16:10:22.655500Z,17,p,0.313,0.003493
9282,2018-11-08T16:10:22.657500Z,23,p,0.951,0.02124
9283,2018-11-08T16:10:22.662500Z,22,p,0.612,0.01433
9284,2018-11-08T16:10:22.670000Z,21,p,0.921,0.008733
9285,2018-11-08T16:10:22.677500Z,12,p,0.497,0.003708
9286,2018-11-08T16:10:22.680000Z,20,p,0.615,0.005547
9287,2018-11-08T16:10:22.687500Z,18,p,0.381,0.004738
9288,2018-11-08T16:10:22.695000Z,24,s,0.957,0.0139
9289,2018-11-08T16:10:22.705500Z,23,s,0.958,0.02124
9290,2018-11-08T16:10:22.714000Z,22,s,0.958,0.01433
9291,2018-11-08T16:10:22.716000Z,13,p,0.442,0.00258
9292,2018-11-08T16:10:22.724000Z,21,s,0.956,0.008733
9293,2018-11-08T16:10:22.735000Z,20,s,0.917,0.005547
9294,2018-11-08T16:10:22.743500Z,19,s,0.93,0.004235
9295,2018-11-08T16:10:22.753500Z,18,s,0.767,0.004738
9296,2018-11-08T16:10:22.763500Z,17,s,0.73,0.003493
9297,2018-11-08T16:10:22.773500Z,16,s,0.616,0.003665
9298,2018-11-08T16:10:22.783000Z,15,s,0.804,0.002118
9299,2018-11-08T16:10:22.793500Z,14,s,0.482,0.00241
9300,2018-11-08T16:10:22.805000Z,13,s,0.788,0.00258
9301,2018-11-08T16:10:22.815000Z,12,s,0.786,0.003708
9302,2018-11-08T16:10:22.824500Z,11,s,0.753,0.002038
9303,2018-11-08T16:10:22.835500Z,10,s,0.74,0.002194
9304,2018-11-08T16:10:22.846000Z,9,s,0.639,0.002223
9305,2018-11-08T16:10:22.868500Z,7,s,0.323,0.00236
9306,2018-11-08T16:10:59.953500Z,19,s,0.563,0.00457
9307,2018-11-08T16:11:22.890500Z,11,s,0.674,0.001782
9308,2018-11-08T16:11:27.797500Z,11,s,0.367,0.002449
9309,2018-11-08T16:12:01.663500Z,11,s,0.377,0.001647
9310,2018-11-08T16:13:01.263500Z,2,p,0.57,0.003255
9311,2018-11-08T16:13:01.375000Z,2,s,0.906,0.003255
9312,2018-11-08T16:14:06.101500Z,24,p,0.983,0.04938
9313,2018-11-08T16:14:06.105500Z,23,p,0.983,0.04945
9314,2018-11-08T16:14:06.111000Z,22,p,0.977,0.03585
9315,2018-11-08T16:14:06.115500Z,21,p,0.968,0.02557
9316,2018-11-08T16:14:06.121000Z,20,p,0.969,0.03211
9317,2018-11-08T16:14:06.127000Z,19,p,0.977,0.01913
9318,2018-11-08T16:14:06.131500Z,18,p,0.975,0.01495
9319,2018-11-08T16:14:06.137500Z,17,p,0.976,0.02059
9320,2018-11-08T16:14:06.142000Z,16,p,0.971,0.01696
9321,2018-11-08T16:14:06.147500Z,15,p,0.969,0.01515
9322,2018-11-08T16:14:06.153000Z,14,p,0.969,0.01284
9323,2018-11-08T16:14:06.159500Z,13,p,0.971,0.01629
9324,2018-11-08T16:14:06.164000Z,12,p,0.977,0.01189
9325,2018-11-08T16:14:06.167500Z,11,p,0.901,0.00943
9326,2018-11-08T16:14:06.173500Z,10,p,0.873,0.009014
9327,2018-11-08T16:14:06.178000Z,9,p,0.949,0.0104
9328,2018-11-08T16:14:06.185000Z,8,p,0.957,0.01387
9329,2018-11-08T16:14:06.189500Z,7,p,0.947,0.008976
9330,2018-11-08T16:14:06.195000Z,6,p,0.917,0.005761
9331,2018-11-08T16:14:06.200500Z,5,p,0.944,0.00496
9332,2018-11-08T16:14:06.205500Z,4,p,0.951,0.006142
9333,2018-11-08T16:14:06.211000Z,3,p,0.969,0.005879
9334,2018-11-08T16:14:06.212500Z,24,s,0.95,0.04938
9335,2018-11-08T16:14:06.215500Z,2,p,0.926,0.005444
9336,2018-11-08T16:14:06.220500Z,1,p,0.881,0.004781
9337,2018-11-08T16:14:06.221500Z,23,s,0.965,0.04945
9338,2018-11-08T16:14:06.229000Z,22,s,0.93,0.03585
9339,2018-11-08T16:14:06.237000Z,21,s,0.906,0.02557
9340,2018-11-08T16:14:06.246500Z,20,s,0.877,0.03211
9341,2018-11-08T16:14:06.254500Z,19,s,0.935,0.01913
9342,2018-11-08T16:14:06.264500Z,18,s,0.909,0.01495
9343,2018-11-08T16:14:06.273000Z,17,s,0.858,0.02059
9344,2018-11-08T16:14:06.284500Z,16,s,0.751,0.01696
9345,2018-11-08T16:14:06.292500Z,15,s,0.834,0.01515
9346,2018-11-08T16:14:06.302500Z,14,s,0.887,0.01284
9347,2018-11-08T16:14:06.312500Z,13,s,0.858,0.01629
9348,2018-11-08T16:14:06.320500Z,12,s,0.92,0.01189
9349,2018-11-08T16:14:06.328000Z,11,s,0.702,0.00943
9350,2018-11-08T16:14:06.337000Z,10,s,0.817,0.009014
9351,2018-11-08T16:14:06.342000Z,9,s,0.756,0.0104
9352,2018-11-08T16:14:06.346500Z,8,s,0.723,0.01387
9353,2018-11-08T16:14:06.362500Z,7,s,0.705,0.008976
9354,2018-11-08T16:14:06.367000Z,6,s,0.697,0.005761
9355,2018-11-08T16:14:06.382000Z,5,s,0.914,0.00496
9356,2018-11-08T16:14:06.390500Z,4,s,0.808,0.006142
9357,2018-11-08T16:14:06.398500Z,3,s,0.732,0.005879
9358,2018-11-08T16:14:06.404500Z,2,s,0.861,0.005444
9359,2018-11-08T16:14:06.414500Z,1,s,0.52,0.004781
9360,2018-11-08T16:14:33.488500Z,6,p,0.391,0.005498
9361,2018-11-08T16:14:33.611000Z,6,s,0.728,0.005498
9362,2018-11-08T16:14:44.933000Z,20,s,0.607,0.003227
9363,2018-11-08T16:16:04.752000Z,24,p,0.979,0.01827
9364,2018-11-08T16:16:04.757000Z,23,p,0.975,0.01856
9365,2018-11-08T16:16:04.761500Z,22,p,0.981,0.01713
9366,2018-11-08T16:16:04.765500Z,21,p,0.98,0.02316
9367,2018-11-08T16:16:04.771000Z,20,p,0.982,0.01312
9368,2018-11-08T16:16:04.775500Z,19,p,0.976,0.01506
9369,2018-11-08T16:16:04.781500Z,18,p,0.973,0.00682
9370,2018-11-08T16:16:04.786000Z,17,p,0.97,0.007046
9371,2018-11-08T16:16:04.791000Z,16,p,0.977,0.007975
9372,2018-11-08T16:16:04.797000Z,15,p,0.822,0.003945
9373,2018-11-08T16:16:04.801000Z,14,p,0.948,0.005308
9374,2018-11-08T16:16:04.808000Z,13,p,0.963,0.005457
9375,2018-11-08T16:16:04.811500Z,24,s,0.947,0.01827
9376,2018-11-08T16:16:04.813000Z,12,p,0.947,0.002889
9377,2018-11-08T16:16:04.818500Z,23,s,0.947,0.01597
9378,2018-11-08T16:16:04.825500Z,10,p,0.947,0.002203
9379,2018-11-08T16:16:04.826000Z,22,s,0.935,0.009452
9380,2018-11-08T16:16:04.834000Z,21,s,0.961,0.01361
9381,2018-11-08T16:16:04.837000Z,8,p,0.879,0.002932
9382,2018-11-08T16:16:04.840500Z,7,p,0.718,0.003177
9383,2018-11-08T16:16:04.842000Z,20,s,0.8,0.008093
9384,2018-11-08T16:16:04.845500Z,6,p,0.916,0.002661
9385,2018-11-08T16:16:04.849000Z,19,s,0.912,0.005938
9386,2018-11-08T16:16:04.849500Z,5,p,0.673,0.002222
9387,2018-11-08T16:16:04.857000Z,4,p,0.959,0.002857
9388,2018-11-08T16:16:04.860500Z,18,s,0.787,0.005131
9389,2018-11-08T16:16:04.862000Z,3,p,0.862,0.00248
9390,2018-11-08T16:16:04.867000Z,17,s,0.634,0.004329
9391,2018-11-08T16:16:04.867500Z,2,p,0.905,0.002526
9392,2018-11-08T16:16:04.871500Z,15,s,0.497,0.003945
9393,2018-11-08T16:16:04.878500Z,16,s,0.639,0.005067
9394,2018-11-08T16:16:04.898500Z,14,s,0.752,0.003268
9395,2018-11-08T16:16:04.912500Z,13,s,0.76,0.005457
9396,2018-11-08T16:16:04.915000Z,12,s,0.743,0.002271
9397,2018-11-08T16:16:04.951000Z,8,s,0.576,0.002932
9398,2018-11-08T16:16:04.959500Z,7,s,0.426,0.002116
9399,2018-11-08T16:16:04.970500Z,6,s,0.653,0.002233
9400,2018-11-08T16:16:04.976000Z,4,s,0.584,0.002627
9401,2018-11-08T16:16:04.976500Z,5,s,0.561,0.001473
9402,2018-11-08T16:16:04.999000Z,3,s,0.513,0.00248
9403,2018-11-08T16:16:05.006000Z,2,s,0.828,0.002451
9404,2018-11-08T16:16:05.026000Z,10,s,0.639,0.002055
9405,2018-11-08T16:16:05.863500Z,23,s,0.371,0.002406
9406,2018-11-08T16:17:36.118000Z,10,p,0.324,0.009222
9407,2018-11-08T16:17:36.200500Z,10,s,0.535,0.009222
9408,2018-11-08T16:18:04.877500Z,5,s,0.596,0.002315
9409,2018-11-08T16:18:42.687500Z,22,s,0.633,0.001995
9410,2018-11-08T16:19:15.217500Z,4,s,0.604,0.006392
9411,2018-11-08T16:19:27.601500Z,2,p,0.407,0.003193
9412,2018-11-08T16:19:27.709000Z,2,s,0.821,0.003193
9413,2018-11-08T16:19:37.644000Z,20,p,0.526,0.002205
9414,2018-11-08T16:19:37.762500Z,20,s,0.69,0.002205
9415,2018-11-08T16:19:53.464500Z,17,s,0.682,0.002703
9416,2018-11-08T16:20:00.935000Z,15,s,0.496,0.006231
9417,2018-11-08T16:20:00.937500Z,15,p,0.407,0.006231
9418,2018-11-08T16:20:10.761500Z,19,s,0.545,0.00184
9419,2018-11-08T16:20:44.887500Z,20,p,0.452,0.003061
9420,2018-11-08T16:20:45.306000Z,20,s,0.758,0.003061
9421,2018-11-08T16:20:51.415500Z,23,s,0.613,0.003966
9422,2018-11-08T16:22:16.484000Z,24,p,0.942,0.008096
9423,2018-11-08T16:22:16.487500Z,23,p,0.962,0.007181
9424,2018-11-08T16:22:16.493500Z,22,p,0.876,0.004493
9425,2018-11-08T16:22:16.498000Z,21,p,0.615,0.003555
9426,2018-11-08T16:22:16.500500Z,20,p,0.427,0.00294
9427,2018-11-08T16:22:16.509500Z,19,p,0.667,0.002406
9428,2018-11-08T16:22:16.510000Z,13,p,0.406,0.001953
9429,2018-11-08T16:22:16.517500Z,16,p,0.541,0.002089
9430,2018-11-08T16:22:16.521500Z,17,p,0.785,0.001955
9431,2018-11-08T16:22:16.556000Z,24,s,0.955,0.008096
9432,2018-11-08T16:22:16.564000Z,23,s,0.901,0.007181
9433,2018-11-08T16:22:16.572000Z,22,s,0.912,0.004493
9434,2018-11-08T16:22:16.580000Z,21,s,0.782,0.003555
9435,2018-11-08T16:22:16.592500Z,20,s,0.547,0.00294
9436,2018-11-08T16:22:16.600500Z,19,s,0.627,0.002406
9437,2018-11-08T16:22:16.616500Z,17,s,0.785,0.001955
9438,2018-11-08T16:22:16.629500Z,16,s,0.612,0.002089
9439,2018-11-08T16:22:16.657000Z,13,s,0.676,0.001953
9440,2018-11-08T16:22:27.053500Z,11,p,0.544,0.004244
9441,2018-11-08T16:22:27.174500Z,11,s,0.898,0.004244
9442,2018-11-08T16:23:10.142500Z,3,s,0.518,0.002179
9443,2018-11-08T16:23:20.928500Z,23,s,0.382,0.002853
9444,2018-11-08T16:23:28.791500Z,1,p,0.394,0.002829
9445,2018-11-08T16:23:29.008500Z,1,s,0.747,0.002829
9446,2018-11-08T16:24:14.606500Z,19,p,0.392,0.007833
9447,2018-11-08T16:24:14.706000Z,19,s,0.685,0.007833
9448,2018-11-08T16:24:17.340000Z,20,p,0.705,0.002242
9449,2018-11-08T16:24:17.534500Z,20,s,0.788,0.002242
9450,2018-11-08T16:24:43.848500Z,23,s,0.457,0.002324
9451,2018-11-08T16:25:00.442000Z,6,p,0.783,0.003124
9452,2018-11-08T16:25:00.536500Z,6,s,0.726,0.003124
9453,2018-11-08T16:25:37.759500Z,5,p,0.424,0.002195
9454,2018-11-08T16:25:37.846500Z,5,s,0.733,0.002195
9455,2018-11-08T16:25:59.503500Z,22,s,0.613,0.00256
9456,2018-11-08T16:26:02.305500Z,23,s,0.42,0.003011
9457,2018-11-08T16:26:44.773500Z,13,s,0.483,0.001794
9458,2018-11-08T16:27:45.961500Z,20,s,0.39,0.001845
9459,2018-11-08T16:28:02.985000Z,11,p,0.755,0.003589
9460,2018-11-08T16:28:08.687500Z,23,s,0.65,0.003571
9461,2018-11-08T16:28:37.317000Z,20,s,0.863,0.002923
9462,2018-11-08T16:28:37.492500Z,20,p,0.575,0.002923
9463,2018-11-08T16:29:13.879000Z,24,p,0.969,0.02661
9464,2018-11-08T16:29:13.885500Z,23,p,0.983,0.04229
9465,2018-11-08T16:29:13.891000Z,22,p,0.96,0.01626
9466,2018-11-08T16:29:13.897500Z,21,p,0.952,0.01375
9467,2018-11-08T16:29:13.901500Z,20,p,0.943,0.01097
9468,2018-11-08T16:29:13.907500Z,19,p,0.947,0.008078
9469,2018-11-08T16:29:13.913500Z,14,p,0.432,0.003949
9470,2018-11-08T16:29:13.914000Z,18,p,0.571,0.007222
9471,2018-11-08T16:29:13.918500Z,17,p,0.664,0.009911
9472,2018-11-08T16:29:13.923500Z,16,p,0.911,0.006914
9473,2018-11-08T16:29:13.931500Z,24,s,0.967,0.02661
9474,2018-11-08T16:29:13.941500Z,11,p,0.412,0.003353
9475,2018-11-08T16:29:13.943000Z,23,s,0.963,0.04229
9476,2018-11-08T16:29:13.946000Z,13,p,0.578,0.003795
9477,2018-11-08T16:29:13.951500Z,22,s,0.964,0.01626
9478,2018-11-08T16:29:13.956500Z,10,p,0.364,0.003407
9479,2018-11-08T16:29:13.961500Z,21,s,0.957,0.01375
9480,2018-11-08T16:29:13.972000Z,20,s,0.929,0.01097
9481,2018-11-08T16:29:13.981500Z,19,s,0.949,0.008078
9482,2018-11-08T16:29:13.991500Z,18,s,0.91,0.007222
9483,2018-11-08T16:29:14.000500Z,17,s,0.945,0.009911
9484,2018-11-08T16:29:14.011500Z,16,s,0.944,0.006914
9485,2018-11-08T16:29:14.019500Z,3,p,0.334,0.002482
9486,2018-11-08T16:29:14.021500Z,15,s,0.863,0.003742
9487,2018-11-08T16:29:14.031000Z,14,s,0.773,0.003949
9488,2018-11-08T16:29:14.043000Z,13,s,0.789,0.003795
9489,2018-11-08T16:29:14.052500Z,12,s,0.883,0.004065
9490,2018-11-08T16:29:14.061500Z,11,s,0.737,0.003353
9491,2018-11-08T16:29:14.073000Z,10,s,0.805,0.003407
9492,2018-11-08T16:29:14.082000Z,9,s,0.751,0.00259
9493,2018-11-08T16:29:14.092000Z,8,s,0.821,0.003723
9494,2018-11-08T16:29:14.101000Z,7,s,0.781,0.002527
9495,2018-11-08T16:29:14.110500Z,6,s,0.64,0.001545
9496,2018-11-08T16:29:14.117500Z,5,s,0.307,0.001614
9497,2018-11-08T16:29:14.131000Z,4,s,0.835,0.002243
9498,2018-11-08T16:29:14.142000Z,3,s,0.801,0.002482
9499,2018-11-08T16:29:14.151000Z,2,s,0.622,0.002461
9500,2018-11-08T16:29:14.161500Z,1,s,0.363,0.00227
9501,2018-11-08T16:29:17.288500Z,20,s,0.728,0.001829
9502,2018-11-08T16:29:20.674000Z,2,s,0.715,0.003518
9503,2018-11-08T16:30:14.831500Z,11,p,0.452,0.002838
9504,2018-11-08T16:30:14.952000Z,11,s,0.897,0.002838
9505,2018-11-08T16:31:24.998500Z,6,s,0.347,0.001639
9506,2018-11-08T16:31:45.039500Z,5,s,0.376,0.002101
9507,2018-11-08T16:32:56.458500Z,3,s,0.628,0.001832
9508,2018-11-08T16:33:21.592500Z,5,s,0.431,0.00256
9509,2018-11-08T16:33:28.565500Z,20,p,0.333,0.001919
9510,2018-11-08T16:33:28.700000Z,20,s,0.61,0.001919
9511,2018-11-08T16:34:31.138000Z,22,s,0.733,0.006376
9512,2018-11-08T16:34:37.306000Z,20,s,0.755,0.003139
9513,2018-11-08T16:34:50.058000Z,24,p,0.981,0.0462
9514,2018-11-08T16:34:50.063500Z,23,p,0.985,0.05903
9515,2018-11-08T16:34:50.069000Z,22,p,0.977,0.03641
9516,2018-11-08T16:34:50.073500Z,21,p,0.98,0.02898
9517,2018-11-08T16:34:50.079000Z,20,p,0.981,0.01879
9518,2018-11-08T16:34:50.084500Z,19,p,0.982,0.01536
9519,2018-11-08T16:34:50.089500Z,18,p,0.977,0.02717
9520,2018-11-08T16:34:50.095000Z,17,p,0.971,0.01201
9521,2018-11-08T16:34:50.100500Z,16,p,0.973,0.01087
9522,2018-11-08T16:34:50.106000Z,15,p,0.962,0.007778
9523,2018-11-08T16:34:50.111500Z,14,p,0.964,0.009873
9524,2018-11-08T16:34:50.117000Z,24,s,0.962,0.0462
9525,2018-11-08T16:34:50.117000Z,13,p,0.969,0.006534
9526,2018-11-08T16:34:50.125500Z,12,p,0.973,0.005799
9527,2018-11-08T16:34:50.125500Z,23,s,0.969,0.05903
9528,2018-11-08T16:34:50.129000Z,11,p,0.974,0.006407
9529,2018-11-08T16:34:50.133500Z,10,p,0.943,0.005268
9530,2018-11-08T16:34:50.133500Z,22,s,0.97,0.03641
9531,2018-11-08T16:34:50.141500Z,9,p,0.972,0.00482
9532,2018-11-08T16:34:50.143000Z,21,s,0.963,0.02898
9533,2018-11-08T16:34:50.145500Z,8,p,0.923,0.005387
9534,2018-11-08T16:34:50.148000Z,7,p,0.904,0.003378
9535,2018-11-08T16:34:50.151000Z,20,s,0.932,0.01879
9536,2018-11-08T16:34:50.156000Z,6,p,0.907,0.003463
9537,2018-11-08T16:34:50.157500Z,5,p,0.851,0.002554
9538,2018-11-08T16:34:50.159500Z,19,s,0.966,0.01536
9539,2018-11-08T16:34:50.167500Z,4,p,0.858,0.004952
9540,2018-11-08T16:34:50.168500Z,18,s,0.937,0.02717
9541,2018-11-08T16:34:50.173500Z,3,p,0.83,0.003167
9542,2018-11-08T16:34:50.177000Z,17,s,0.915,0.01201
9543,2018-11-08T16:34:50.179500Z,2,p,0.934,0.002125
9544,2018-11-08T16:34:50.187500Z,16,s,0.929,0.01087
9545,2018-11-08T16:34:50.198000Z,15,s,0.927,0.007778
9546,2018-11-08T16:34:50.208000Z,14,s,0.92,0.009873
9547,2018-11-08T16:34:50.219000Z,13,s,0.881,0.006534
9548,2018-11-08T16:34:50.227500Z,12,s,0.935,0.005799
9549,2018-11-08T16:34:50.236500Z,11,s,0.864,0.006407
9550,2018-11-08T16:34:50.246000Z,10,s,0.859,0.005268
9551,2018-11-08T16:34:50.258000Z,9,s,0.8,0.00482
9552,2018-11-08T16:34:50.267000Z,8,s,0.834,0.005387
9553,2018-11-08T16:34:50.275000Z,7,s,0.793,0.003378
9554,2018-11-08T16:34:50.286500Z,6,s,0.682,0.003463
9555,2018-11-08T16:34:50.292500Z,5,s,0.76,0.002554
9556,2018-11-08T16:34:50.306000Z,4,s,0.8,0.004952
9557,2018-11-08T16:34:50.313000Z,3,s,0.844,0.003167
9558,2018-11-08T16:34:50.324000Z,2,s,0.645,0.002125
9559,2018-11-08T16:34:50.330000Z,1,s,0.506,0.001992
9560,2018-11-08T16:35:01.826000Z,18,s,0.396,0.003305
9561,2018-11-08T16:35:05.327500Z,20,s,0.308,0.001887
9562,2018-11-08T16:35:35.959500Z,17,s,0.551,0.002149
9563,2018-11-08T16:36:28.818000Z,17,p,0.352,0.001774
9564,2018-11-08T16:36:29.208000Z,2,s,0.436,0.002304
9565,2018-11-08T16:36:29.247500Z,4,p,0.361,0.001872
9566,2018-11-08T16:36:29.298500Z,6,s,0.415,0.003359
9567,2018-11-08T16:36:29.398500Z,11,s,0.438,0.002081
9568,2018-11-08T16:36:29.418500Z,12,s,0.445,0.002765
9569,2018-11-08T16:36:29.522500Z,17,s,0.39,0.001982
9570,2018-11-08T16:36:29.563500Z,18,s,0.348,0.002406
9571,2018-11-08T16:36:29.586500Z,19,s,0.407,0.001805
9572,2018-11-08T16:36:52.046500Z,20,s,0.586,0.001716
9573,2018-11-08T16:37:06.437500Z,22,s,0.713,0.003155
9574,2018-11-08T16:38:16.967500Z,11,p,0.377,0.003988
9575,2018-11-08T16:38:17.073000Z,11,s,0.896,0.003988
9576,2018-11-08T16:38:33.042500Z,20,s,0.321,0.00236
9577,2018-11-08T16:39:14.793000Z,24,p,0.985,0.1252
9578,2018-11-08T16:39:14.797500Z,23,p,0.987,0.09026
9579,2018-11-08T16:39:14.802000Z,22,p,0.983,0.05061
9580,2018-11-08T16:39:14.807500Z,21,p,0.985,0.04317
9581,2018-11-08T16:39:14.813000Z,20,p,0.985,0.04198
9582,2018-11-08T16:39:14.818000Z,19,p,0.984,0.02307
9583,2018-11-08T16:39:14.823500Z,18,p,0.977,0.01927
9584,2018-11-08T16:39:14.829000Z,17,p,0.978,0.0241
9585,2018-11-08T16:39:14.833500Z,16,p,0.977,0.01399
9586,2018-11-08T16:39:14.839000Z,15,p,0.966,0.0124
9587,2018-11-08T16:39:14.845000Z,14,p,0.977,0.01814
9588,2018-11-08T16:39:14.850500Z,24,s,0.961,0.1252
9589,2018-11-08T16:39:14.851500Z,13,p,0.984,0.009612
9590,2018-11-08T16:39:14.857000Z,12,p,0.974,0.008806
9591,2018-11-08T16:39:14.858500Z,23,s,0.963,0.09026
9592,2018-11-08T16:39:14.860500Z,11,p,0.963,0.004439
9593,2018-11-08T16:39:14.864500Z,10,p,0.898,0.008311
9594,2018-11-08T16:39:14.865500Z,22,s,0.963,0.05061
9595,2018-11-08T16:39:14.871500Z,9,p,0.969,0.007042
9596,2018-11-08T16:39:14.874500Z,21,s,0.963,0.04317
9597,2018-11-08T16:39:14.878500Z,8,p,0.92,0.0102
9598,2018-11-08T16:39:14.883500Z,20,s,0.961,0.04198
9599,2018-11-08T16:39:14.885000Z,7,p,0.958,0.008906
9600,2018-11-08T16:39:14.891500Z,19,s,0.962,0.02307
9601,2018-11-08T16:39:14.891500Z,6,p,0.971,0.009573
9602,2018-11-08T16:39:14.894500Z,5,p,0.972,0.005629
9603,2018-11-08T16:39:14.899500Z,4,p,0.943,0.006042
9604,2018-11-08T16:39:14.902500Z,18,s,0.96,0.01927
9605,2018-11-08T16:39:14.905500Z,3,p,0.965,0.005146
9606,2018-11-08T16:39:14.910500Z,17,s,0.943,0.0241
9607,2018-11-08T16:39:14.912000Z,2,p,0.952,0.006268
9608,2018-11-08T16:39:14.915500Z,1,p,0.953,0.003044
9609,2018-11-08T16:39:14.921000Z,16,s,0.868,0.01399
9610,2018-11-08T16:39:14.929000Z,15,s,0.678,0.0124
9611,2018-11-08T16:39:14.942500Z,14,s,0.91,0.01814
9612,2018-11-08T16:39:14.950500Z,13,s,0.918,0.007845
9613,2018-11-08T16:39:14.958000Z,12,s,0.929,0.008806
9614,2018-11-08T16:39:14.968000Z,11,s,0.828,0.004439
9615,2018-11-08T16:39:14.981000Z,10,s,0.801,0.008311
9616,2018-11-08T16:39:14.989500Z,9,s,0.853,0.007042
9617,2018-11-08T16:39:14.998500Z,8,s,0.837,0.0102
9618,2018-11-08T16:39:15.006500Z,7,s,0.891,0.008906
9619,2018-11-08T16:39:15.015500Z,6,s,0.917,0.009573
9620,2018-11-08T16:39:15.022000Z,5,s,0.849,0.005544
9621,2018-11-08T16:39:15.030000Z,4,s,0.794,0.006042
9622,2018-11-08T16:39:15.042500Z,3,s,0.771,0.005146
9623,2018-11-08T16:39:15.052500Z,2,s,0.868,0.006268
9624,2018-11-08T16:39:15.059000Z,1,s,0.821,0.003044
9625,2018-11-08T16:39:48.030000Z,19,s,0.828,0.004182
9626,2018-11-08T16:41:09.277500Z,7,s,0.473,0.003871
9627,2018-11-08T16:43:49.516000Z,20,s,0.72,0.001839
9628,2018-11-08T16:44:05.043000Z,22,s,0.405,0.002565
9629,2018-11-08T16:44:39.243500Z,6,p,0.318,0.002146
9630,2018-11-08T16:45:07.163500Z,1,s,0.67,0.009808
9631,2018-11-08T16:45:27.263500Z,18,s,0.328,0.003187
9632,2018-11-08T16:45:52.282000Z,1,s,0.655,0.002397
9633,2018-11-08T16:46:17.555000Z,11,s,0.679,0.003601
9634,2018-11-08T16:46:50.257500Z,20,p,0.416,0.001789
9635,2018-11-08T16:46:50.482500Z,20,s,0.699,0.001789
9636,2018-11-08T16:47:16.878000Z,23,p,0.355,0.003327
9637,2018-11-08T16:47:16.879500Z,22,p,0.443,0.003152
9638,2018-11-08T16:47:16.961500Z,24,s,0.586,0.00536
9639,2018-11-08T16:47:16.968000Z,23,s,0.825,0.003327
9640,2018-11-08T16:47:16.974500Z,22,s,0.779,0.003152
9641,2018-11-08T16:47:16.984500Z,20,s,0.546,0.002414
9642,2018-11-08T16:47:31.176000Z,19,p,0.572,0.004001
9643,2018-11-08T16:47:31.250500Z,19,s,0.557,0.004001
9644,2018-11-08T16:48:12.600000Z,23,p,0.475,0.002448
9645,2018-11-08T16:48:12.832500Z,23,s,0.624,0.002448
9646,2018-11-08T16:48:18.442000Z,3,s,0.489,0.003456
9647,2018-11-08T16:48:20.889000Z,22,s,0.826,0.00298
9648,2018-11-08T16:48:26.344500Z,20,s,0.82,0.003098
9649,2018-11-08T16:49:08.764500Z,3,s,0.368,0.002871
9650,2018-11-08T16:50:31.285500Z,13,s,0.553,0.02256
9651,2018-11-08T16:50:31.289500Z,13,p,0.559,0.02256
9652,2018-11-08T16:50:34.901500Z,5,s,0.792,0.003128
9653,2018-11-08T16:51:19.441500Z,23,s,0.415,0.002172
9654,2018-11-08T16:51:47.173500Z,24,p,0.983,0.009312
9655,2018-11-08T16:51:47.179500Z,23,p,0.983,0.01248
9656,2018-11-08T16:51:47.183500Z,22,p,0.951,0.007605
9657,2018-11-08T16:51:47.190000Z,21,p,0.878,0.008066
9658,2018-11-08T16:51:47.195000Z,20,p,0.947,0.004598
9659,2018-11-08T16:51:47.199500Z,19,p,0.877,0.00296
9660,2018-11-08T16:51:47.206000Z,18,p,0.901,0.004822
9661,2018-11-08T16:51:47.209000Z,17,p,0.341,0.003526
9662,2018-11-08T16:51:47.216500Z,16,p,0.743,0.002282
9663,2018-11-08T16:51:47.221000Z,15,p,0.302,0.002028
9664,2018-11-08T16:51:47.224000Z,24,s,0.959,0.007714
9665,2018-11-08T16:51:47.233000Z,23,s,0.96,0.01248
9666,2018-11-08T16:51:47.241500Z,22,s,0.943,0.004935
9667,2018-11-08T16:51:47.241500Z,12,p,0.683,0.001628
9668,2018-11-08T16:51:47.250000Z,21,s,0.7,0.00412
9669,2018-11-08T16:51:47.258500Z,20,s,0.936,0.004598
9670,2018-11-08T16:51:47.266500Z,19,s,0.837,0.002403
9671,2018-11-08T16:51:47.277000Z,18,s,0.865,0.003705
9672,2018-11-08T16:51:47.301500Z,16,s,0.568,0.00143
9673,2018-11-08T16:51:47.333500Z,12,s,0.579,0.001628
9674,2018-11-08T16:52:32.368500Z,22,s,0.439,0.002034
9675,2018-11-08T16:52:46.298000Z,5,s,0.812,0.002446
9676,2018-11-08T16:53:20.251000Z,20,s,0.745,0.002477
9677,2018-11-08T16:53:27.224000Z,10,s,0.869,0.004336
9678,2018-11-08T16:53:38.396000Z,22,s,0.73,0.002981
9679,2018-11-08T16:54:50.232000Z,11,s,0.782,0.003535
9680,2018-11-08T16:54:53.833500Z,17,s,0.534,0.002164
9681,2018-11-08T16:55:21.422500Z,1,s,0.478,0.00209
9682,2018-11-08T16:55:25.385500Z,15,p,0.366,0.001741
9683,2018-11-08T16:55:48.610500Z,9,p,0.617,0.002303
9684,2018-11-08T16:55:55.419000Z,17,p,0.642,0.0185
9685,2018-11-08T16:55:55.419500Z,15,p,0.947,0.01533
9686,2018-11-08T16:55:55.419500Z,16,p,0.95,0.01747
9687,2018-11-08T16:55:55.421000Z,14,p,0.952,0.01861
9688,2018-11-08T16:55:55.424500Z,18,p,0.96,0.02107
9689,2018-11-08T16:55:55.425000Z,13,p,0.894,0.01477
9690,2018-11-08T16:55:55.426500Z,19,p,0.964,0.02514
9691,2018-11-08T16:55:55.427500Z,12,p,0.854,0.0162
9692,2018-11-08T16:55:55.432000Z,11,p,0.73,0.008413
9693,2018-11-08T16:55:55.432500Z,20,p,0.918,0.01838
9694,2018-11-08T16:55:55.433000Z,17,s,0.484,0.0185
9695,2018-11-08T16:55:55.438000Z,15,s,0.876,0.01533
9696,2018-11-08T16:55:55.438500Z,16,s,0.79,0.01747
9697,2018-11-08T16:55:55.438500Z,10,p,0.397,0.00602
9698,2018-11-08T16:55:55.438500Z,21,p,0.853,0.02098
9699,2018-11-08T16:55:55.439000Z,18,s,0.82,0.02107
9700,2018-11-08T16:55:55.440500Z,14,s,0.904,0.01861
9701,2018-11-08T16:55:55.442000Z,13,s,0.801,0.01477
9702,2018-11-08T16:55:55.450500Z,19,s,0.894,0.02514
9703,2018-11-08T16:55:55.454000Z,12,s,0.916,0.0162
9704,2018-11-08T16:55:55.456500Z,20,s,0.93,0.01838
9705,2018-11-08T16:55:55.459500Z,11,s,0.855,0.008413
9706,2018-11-08T16:55:55.464000Z,21,s,0.95,0.02098
9707,2018-11-08T16:55:55.467000Z,10,s,0.881,0.00602
9708,2018-11-08T16:55:55.479500Z,23,s,0.474,0.005656
9709,2018-11-08T16:55:55.483500Z,8,s,0.525,0.005481
9710,2018-11-08T16:56:16.004500Z,20,p,0.393,0.003588
9711,2018-11-08T16:57:46.628500Z,17,p,0.306,0.001609
9712,2018-11-08T16:57:48.137500Z,3,p,0.929,0.004621
9713,2018-11-08T16:57:48.290000Z,3,s,0.825,0.00399
9714,2018-11-08T16:57:48.469500Z,3,p,0.544,0.004152
9715,2018-11-08T16:57:48.544500Z,3,s,0.831,0.004152
9716,2018-11-08T16:58:48.038000Z,13,s,0.413,0.03527
9717,2018-11-08T16:58:48.040500Z,13,p,0.628,0.03527
9718,2018-11-08T17:00:12.725500Z,16,s,0.346,0.001468
9719,2018-11-08T17:00:13.918000Z,24,p,0.981,0.02094
9720,2018-11-08T17:00:13.921000Z,23,p,0.972,0.01658
9721,2018-11-08T17:00:13.927500Z,22,p,0.973,0.01074
9722,2018-11-08T17:00:13.931500Z,21,p,0.98,0.01376
9723,2018-11-08T17:00:13.936000Z,20,p,0.969,0.006716
9724,2018-11-08T17:00:13.941000Z,19,p,0.963,0.007783
9725,2018-11-08T17:00:13.945500Z,18,p,0.952,0.004172
9726,2018-11-08T17:00:13.950000Z,17,p,0.972,0.003867
9727,2018-11-08T17:00:13.956000Z,16,p,0.964,0.005196
9728,2018-11-08T17:00:13.961500Z,15,p,0.917,0.003888
9729,2018-11-08T17:00:13.965500Z,14,p,0.892,0.002494
9730,2018-11-08T17:00:13.971000Z,13,p,0.961,0.003019
9731,2018-11-08T17:00:13.976000Z,12,p,0.951,0.002184
9732,2018-11-08T17:00:13.981500Z,11,p,0.831,0.002158
9733,2018-11-08T17:00:13.984000Z,10,p,0.655,0.00202
9734,2018-11-08T17:00:13.990500Z,9,p,0.8,0.002054
9735,2018-11-08T17:00:13.996500Z,8,p,0.928,0.002771
9736,2018-11-08T17:00:14.001500Z,7,p,0.971,0.00293
9737,2018-11-08T17:00:14.005500Z,6,p,0.964,0.003987
9738,2018-11-08T17:00:14.008000Z,24,s,0.954,0.02094
9739,2018-11-08T17:00:14.011500Z,5,p,0.975,0.00417
9740,2018-11-08T17:00:14.015000Z,23,s,0.957,0.01658
9741,2018-11-08T17:00:14.015000Z,4,p,0.968,0.004032
9742,2018-11-08T17:00:14.021000Z,3,p,0.94,0.003168
9743,2018-11-08T17:00:14.022000Z,22,s,0.937,0.01074
9744,2018-11-08T17:00:14.022000Z,2,p,0.844,0.00184
9745,2018-11-08T17:00:14.029500Z,21,s,0.961,0.01376
9746,2018-11-08T17:00:14.037500Z,20,s,0.937,0.006716
9747,2018-11-08T17:00:14.045500Z,19,s,0.951,0.004292
9748,2018-11-08T17:00:14.054500Z,18,s,0.856,0.004172
9749,2018-11-08T17:00:14.062000Z,17,s,0.937,0.0033
9750,2018-11-08T17:00:14.072500Z,16,s,0.747,0.003465
9751,2018-11-08T17:00:14.084500Z,15,s,0.856,0.003888
9752,2018-11-08T17:00:14.089000Z,14,s,0.733,0.002191
9753,2018-11-08T17:00:14.101000Z,13,s,0.855,0.003019
9754,2018-11-08T17:00:14.105000Z,12,s,0.81,0.001879
9755,2018-11-08T17:00:14.114500Z,11,s,0.68,0.00175
9756,2018-11-08T17:00:14.122500Z,10,s,0.56,0.00202
9757,2018-11-08T17:00:14.132000Z,9,s,0.673,0.002054
9758,2018-11-08T17:00:14.134500Z,8,s,0.669,0.002587
9759,2018-11-08T17:00:14.148500Z,7,s,0.854,0.002223
9760,2018-11-08T17:00:14.158500Z,6,s,0.602,0.001965
9761,2018-11-08T17:00:14.166000Z,5,s,0.586,0.001914
9762,2018-11-08T17:00:14.170500Z,2,s,0.49,0.001629
9763,2018-11-08T17:00:14.171500Z,4,s,0.734,0.001792
9764,2018-11-08T17:00:14.176000Z,3,s,0.707,0.001809
9765,2018-11-08T17:01:14.886000Z,22,p,0.314,0.002627
9766,2018-11-08T17:01:15.060000Z,22,s,0.466,0.002627
9767,2018-11-08T17:01:27.357500Z,5,p,0.339,0.002189
9768,2018-11-08T17:01:27.500500Z,5,s,0.811,0.002189
9769,2018-11-08T17:01:39.045500Z,19,s,0.731,0.003974
9770,2018-11-08T17:02:15.050000Z,20,p,0.427,0.002998
9771,2018-11-08T17:02:15.178000Z,20,s,0.883,0.002998
9772,2018-11-08T17:02:38.189500Z,11,s,0.788,0.004035
9773,2018-11-08T17:02:42.964000Z,4,s,0.811,0.006189
9774,2018-11-08T17:03:42.944500Z,20,s,0.607,0.002235
9775,2018-11-08T17:03:46.307500Z,23,p,0.51,0.002622
9776,2018-11-08T17:03:46.351500Z,23,s,0.729,0.002391
9777,2018-11-08T17:03:50.137500Z,3,p,0.719,0.002981
9778,2018-11-08T17:04:54.318000Z,1,p,0.758,0.01873
9779,2018-11-08T17:05:45.856500Z,20,p,0.697,0.002289
9780,2018-11-08T17:05:46.102500Z,20,s,0.753,0.002289
9781,2018-11-08T17:06:21.024500Z,22,s,0.371,0.002148
9782,2018-11-08T17:06:23.041500Z,20,s,0.802,0.01297
9783,2018-11-08T17:08:39.372500Z,20,p,0.831,0.00179
9784,2018-11-08T17:08:39.501500Z,20,s,0.814,0.00179
9785,2018-11-08T17:09:00.202500Z,22,s,0.356,0.003024
9786,2018-11-08T17:10:03.739500Z,20,p,0.418,0.002527
9787,2018-11-08T17:10:03.943000Z,20,s,0.695,0.00329
9788,2018-11-08T17:10:04.128500Z,20,p,0.485,0.00329
9789,2018-11-08T17:10:21.006500Z,11,p,0.362,0.004563
9790,2018-11-08T17:10:21.128500Z,11,s,0.759,0.004563
9791,2018-11-08T17:10:31.735500Z,20,p,0.359,0.001842
9792,2018-11-08T17:10:31.740500Z,2,p,0.401,0.00345
9793,2018-11-08T17:10:31.868000Z,2,s,0.497,0.00345
9794,2018-11-08T17:11:02.462000Z,5,s,0.719,0.002747
9795,2018-11-08T17:11:34.647500Z,10,p,0.3,0.002827
9796,2018-11-08T17:11:38.929000Z,15,p,0.56,0.033
9797,2018-11-08T17:11:45.685500Z,23,s,0.372,0.002569
9798,2018-11-08T17:12:08.580500Z,20,p,0.396,0.002199
9799,2018-11-08T17:12:08.746500Z,20,s,0.652,0.002199
9800,2018-11-08T17:12:41.440500Z,19,s,0.357,0.002583
9801,2018-11-08T17:12:57.981500Z,24,s,0.434,0.005126
9802,2018-11-08T17:13:15.373500Z,14,s,0.639,0.004871
9803,2018-11-08T17:14:06.749500Z,20,s,0.464,0.001879
9804,2018-11-08T17:15:23.922500Z,3,p,0.334,0.001844
9805,2018-11-08T17:15:28.846500Z,13,s,0.348,0.002973
9806,2018-11-08T17:15:34.308000Z,10,s,0.474,0.00276
9807,2018-11-08T17:15:37.295500Z,7,p,0.322,0.001984
9808,2018-11-08T17:16:44.639500Z,2,p,0.486,0.003172
9809,2018-11-08T17:16:44.760500Z,2,s,0.403,0.003172
9810,2018-11-08T17:16:46.110500Z,17,p,0.39,0.003271
9811,2018-11-08T17:16:46.131000Z,24,p,0.985,0.01152
9812,2018-11-08T17:16:46.135500Z,23,p,0.979,0.009732
9813,2018-11-08T17:16:46.140000Z,22,p,0.954,0.01012
9814,2018-11-08T17:16:46.145000Z,21,p,0.953,0.006814
9815,2018-11-08T17:16:46.150500Z,20,p,0.957,0.005223
9816,2018-11-08T17:16:46.157500Z,19,p,0.971,0.003838
9817,2018-11-08T17:16:46.164000Z,18,p,0.751,0.002802
9818,2018-11-08T17:16:46.168500Z,17,s,0.347,0.003271
9819,2018-11-08T17:16:46.175000Z,16,p,0.949,0.00386
9820,2018-11-08T17:16:46.176500Z,15,p,0.517,0.001844
9821,2018-11-08T17:16:46.185500Z,14,p,0.834,0.002375
9822,2018-11-08T17:16:46.191000Z,24,s,0.87,0.01152
9823,2018-11-08T17:16:46.191500Z,13,p,0.944,0.002731
9824,2018-11-08T17:16:46.192500Z,8,p,0.317,0.001513
9825,2018-11-08T17:16:46.199000Z,23,s,0.831,0.009732
9826,2018-11-08T17:16:46.199500Z,12,p,0.921,0.002297
9827,2018-11-08T17:16:46.208000Z,10,p,0.768,0.001727
9828,2018-11-08T17:16:46.209000Z,22,s,0.803,0.01012
9829,2018-11-08T17:16:46.213000Z,4,p,0.413,0.002065
9830,2018-11-08T17:16:46.218000Z,21,s,0.689,0.006814
9831,2018-11-08T17:16:46.222500Z,8,p,0.4,0.002079
9832,2018-11-08T17:16:46.224000Z,20,s,0.742,0.004251
9833,2018-11-08T17:16:46.224500Z,7,p,0.704,0.002073
9834,2018-11-08T17:16:46.224500Z,6,p,0.714,0.001784
9835,2018-11-08T17:16:46.232500Z,19,s,0.864,0.003838
9836,2018-11-08T17:16:46.246000Z,18,s,0.523,0.002508
9837,2018-11-08T17:16:46.266500Z,16,s,0.83,0.00386
9838,2018-11-08T17:16:46.283500Z,15,s,0.529,0.001844
9839,2018-11-08T17:16:46.283500Z,14,s,0.796,0.002375
9840,2018-11-08T17:16:46.296000Z,13,s,0.875,0.001841
9841,2018-11-08T17:16:46.305000Z,12,s,0.696,0.002095
9842,2018-11-08T17:16:46.329000Z,10,s,0.836,0.001727
9843,2018-11-08T17:16:46.336500Z,9,s,0.446,0.002112
9844,2018-11-08T17:16:46.346000Z,8,s,0.796,0.002079
9845,2018-11-08T17:16:46.351000Z,7,s,0.641,0.002073
9846,2018-11-08T17:16:46.359000Z,6,s,0.577,0.0014
9847,2018-11-08T17:16:46.378000Z,4,s,0.775,0.002065
9848,2018-11-08T17:16:46.395500Z,3,s,0.422,0.002207
9849,2018-11-08T17:18:13.449500Z,11,s,0.491,0.004236
9850,2018-11-08T17:18:32.932000Z,19,s,0.336,0.002353
9851,2018-11-08T17:18:33.335500Z,20,p,0.459,0.001927
9852,2018-11-08T17:18:33.391500Z,23,s,0.426,0.00275
9853,2018-11-08T17:18:33.463000Z,20,s,0.638,0.001927
9854,2018-11-08T17:19:43.564000Z,24,s,0.535,0.006075
9855,2018-11-08T17:19:59.843500Z,22,s,0.52,0.002088
9856,2018-11-08T17:20:03.577500Z,18,s,0.418,0.006778
9857,2018-11-08T17:20:04.960000Z,20,p,0.691,0.001643
9858,2018-11-08T17:20:05.128500Z,20,s,0.637,0.001608
9859,2018-11-08T17:21:42.108500Z,20,s,0.574,0.002272
9860,2018-11-08T17:22:11.080500Z,5,p,0.445,0.003193
9861,2018-11-08T17:22:11.158000Z,5,s,0.761,0.003193
9862,2018-11-08T17:24:55.448000Z,2,s,0.751,0.002029
9863,2018-11-08T17:26:10.904500Z,24,s,0.529,0.004645
9864,2018-11-08T17:26:15.967500Z,20,s,0.39,0.001638
9865,2018-11-08T17:26:18.123500Z,11,s,0.81,0.004445
9866,2018-11-08T17:26:37.550000Z,5,s,0.5,0.003066
9867,2018-11-08T17:26:41.112500Z,1,s,0.624,0.003276
9868,2018-11-08T17:27:10.998000Z,23,s,0.691,0.01411
9869,2018-11-08T17:28:33.476000Z,20,s,0.41,0.001752
9870,2018-11-08T17:28:41.677500Z,23,s,0.439,0.002084
9871,2018-11-08T17:29:06.548000Z,19,s,0.318,0.003513
9872,2018-11-08T17:29:41.309500Z,18,s,0.384,0.003336
9873,2018-11-08T17:30:01.836500Z,20,s,0.859,0.002828
9874,2018-11-08T17:30:45.093500Z,5,s,0.436,0.002596
9875,2018-11-08T17:31:21.460500Z,2,p,0.309,0.007487
9876,2018-11-08T17:31:21.474000Z,2,s,0.308,0.007487
9877,2018-11-08T17:31:21.516500Z,4,p,0.308,0.005147
9878,2018-11-08T17:31:24.928500Z,20,p,0.637,0.001743
9879,2018-11-08T17:31:25.159000Z,20,s,0.588,0.001743
9880,2018-11-08T17:31:25.384500Z,4,p,0.396,0.001889
9881,2018-11-08T17:31:27.778000Z,1,p,0.433,0.002829
9882,2018-11-08T17:31:27.915500Z,1,s,0.519,0.001703
9883,2018-11-08T17:32:25.352500Z,5,s,0.617,0.003044
9884,2018-11-08T17:32:27.976000Z,24,p,0.544,0.004797
9885,2018-11-08T17:32:27.980500Z,23,p,0.908,0.004843
9886,2018-11-08T17:32:27.998000Z,20,p,0.316,0.00212
9887,2018-11-08T17:32:28.047500Z,24,s,0.434,0.004797
9888,2018-11-08T17:32:28.055000Z,23,s,0.905,0.00312
9889,2018-11-08T17:32:35.926500Z,20,p,0.445,0.001771
9890,2018-11-08T17:32:47.713500Z,24,s,0.4,0.005106
9891,2018-11-08T17:34:24.516500Z,11,p,0.441,0.003779
9892,2018-11-08T17:34:24.626500Z,11,s,0.77,0.003779
9893,2018-11-08T17:34:56.939500Z,20,s,0.496,0.001831
9894,2018-11-08T17:35:16.405500Z,23,s,0.33,0.002316
9895,2018-11-08T17:36:41.847500Z,4,s,0.67,0.006393
9896,2018-11-08T17:37:18.231500Z,6,s,0.562,0.002123
9897,2018-11-08T17:37:35.013500Z,8,s,0.371,0.001582
9898,2018-11-08T17:37:46.340000Z,20,p,0.421,0.003129
9899,2018-11-08T17:37:46.463000Z,20,s,0.805,0.003129
9900,2018-11-08T17:37:46.644500Z,20,p,0.321,0.002659
9901,2018-11-08T17:38:06.693500Z,20,p,0.319,0.001915
9902,2018-11-08T17:38:52.853500Z,23,s,0.635,0.002164
9903,2018-11-08T17:39:37.031500Z,24,s,0.394,0.004672
9904,2018-11-08T17:40:31.446000Z,3,s,0.447,0.002858
9905,2018-11-08T17:40:45.568500Z,22,s,0.599,0.003158
9906,2018-11-08T17:41:51.872500Z,11,p,0.45,0.002094
9907,2018-11-08T17:42:06.279500Z,2,p,0.348,0.002012
9908,2018-11-08T17:42:26.308000Z,11,s,0.847,0.004201
9909,2018-11-08T17:42:58.221500Z,1,s,0.471,0.002838
9910,2018-11-08T17:43:27.837500Z,5,s,0.603,0.002033
9911,2018-11-08T17:43:43.294500Z,20,p,0.358,0.002879
9912,2018-11-08T17:43:43.555000Z,20,s,0.9,0.002879
9913,2018-11-08T17:44:18.350000Z,20,s,0.479,0.001907
9914,2018-11-08T17:44:49.405500Z,5,s,0.449,0.002634
9915,2018-11-08T17:46:49.694000Z,6,s,0.592,0.003146
9916,2018-11-08T17:48:25.702500Z,6,s,0.41,0.001643
9917,2018-11-08T17:48:49.251500Z,23,s,0.451,0.002337
9918,2018-11-08T17:49:37.450000Z,20,s,0.507,0.001906
9919,2018-11-08T17:50:25.746000Z,12,p,0.48,0.002042
9920,2018-11-08T17:50:34.697000Z,11,s,0.815,0.003501
9921,2018-11-08T17:50:38.125500Z,22,s,0.434,0.002831
9922,2018-11-08T17:50:43.296000Z,8,s,0.511,0.002823
9923,2018-11-08T17:51:11.614000Z,20,s,0.558,0.001961
9924,2018-11-08T17:51:27.666500Z,5,s,0.369,0.002365
9925,2018-11-08T17:51:28.687500Z,5,s,0.346,0.001808
9926,2018-11-08T17:51:28.710500Z,6,s,0.418,0.00182
9927,2018-11-08T17:51:31.388500Z,20,p,0.386,0.002735
9928,2018-11-08T17:51:31.634500Z,20,s,0.77,0.00332
9929,2018-11-08T17:51:31.817000Z,20,p,0.469,0.00332
9930,2018-11-08T17:52:05.792500Z,22,s,0.444,0.002636
9931,2018-11-08T17:52:41.739500Z,23,s,0.518,0.00455
9932,2018-11-08T17:55:52.437500Z,1,p,0.385,0.002322
9933,2018-11-08T17:56:43.860000Z,23,p,0.411,0.002478
9934,2018-11-08T17:56:43.944500Z,23,s,0.662,0.002478
9935,2018-11-08T17:56:52.453500Z,5,s,0.677,0.003337
9936,2018-11-08T17:56:59.676000Z,19,s,0.803,0.0219
9937,2018-11-08T17:57:12.244500Z,19,s,0.344,0.01308
9938,2018-11-08T17:57:29.213000Z,20,s,0.821,0.002669
9939,2018-11-08T17:58:01.088000Z,15,s,0.455,0.00515
9940,2018-11-08T17:58:50.676000Z,20,s,0.496,0.001874
9941,2018-11-08T17:58:52.727000Z,1,s,0.692,0.002366
9942,2018-11-08T17:58:57.743500Z,1,s,0.458,0.001938
9943,2018-11-08T17:59:27.628500Z,11,s,0.527,0.003784
9944,2018-11-08T17:59:59.841000Z,24,p,0.72,0.006172
9945,2018-11-08T18:00:00.656500Z,22,s,0.378,0.003671
9946,2018-11-08T18:00:16.123500Z,22,s,0.401,0.00263
9947,2018-11-08T18:01:52.368500Z,23,s,0.372,0.002093
9948,2018-11-08T18:01:56.013500Z,20,s,0.305,0.002165
9949,2018-11-08T18:01:56.122000Z,9,s,0.789,0.008023
9950,2018-11-08T18:01:56.122000Z,10,p,0.396,0.004472
9951,2018-11-08T18:02:11.910000Z,3,s,0.334,0.003294
9952,2018-11-08T18:03:04.978500Z,1,s,0.328,0.001923
9953,2018-11-08T18:03:26.814500Z,5,s,0.52,0.002311
9954,2018-11-08T18:03:52.046500Z,2,s,0.854,0.006826
9955,2018-11-08T18:04:16.013500Z,22,s,0.495,0.002366
9956,2018-11-08T18:04:44.320500Z,23,s,0.311,0.002588
9957,2018-11-08T18:05:12.594500Z,20,s,0.824,0.003004
9958,2018-11-08T18:05:12.773500Z,20,p,0.403,0.002814
9959,2018-11-08T18:05:34.854500Z,20,p,0.517,0.002299
9960,2018-11-08T18:05:35.174000Z,20,s,0.709,0.002299
9961,2018-11-08T18:06:09.252000Z,19,s,0.722,0.002329
9962,2018-11-08T18:07:05.446000Z,24,s,0.376,0.006795
9963,2018-11-08T18:07:14.191500Z,1,s,0.326,0.001793
9964,2018-11-08T18:07:34.971500Z,5,s,0.339,0.001521
9965,2018-11-08T18:07:34.994500Z,6,s,0.365,0.002105
9966,2018-11-08T18:07:35.786500Z,6,s,0.315,0.001784
9967,2018-11-08T18:07:38.394500Z,6,s,0.393,0.001965
9968,2018-11-08T18:07:43.654500Z,6,s,0.32,0.001847
9969,2018-11-08T18:07:52.552500Z,2,p,0.315,0.002106
9970,2018-11-08T18:07:52.614000Z,5,p,0.442,0.002528
9971,2018-11-08T18:07:52.647500Z,6,s,0.382,0.003542
9972,2018-11-08T18:07:52.751500Z,11,s,0.344,0.002167
9973,2018-11-08T18:07:52.760000Z,12,s,0.42,0.002363
9974,2018-11-08T18:07:52.910500Z,18,s,0.362,0.002502
9975,2018-11-08T18:07:57.047500Z,6,p,0.322,0.001474
9976,2018-11-08T18:08:05.790500Z,6,s,0.462,0.00203
9977,2018-11-08T18:08:07.563500Z,20,s,0.479,0.002353
9978,2018-11-08T18:08:50.698000Z,11,s,0.542,0.003775
9979,2018-11-08T18:09:02.826000Z,5,p,0.621,0.002042
9980,2018-11-08T18:09:02.848500Z,6,p,0.445,0.002474
9981,2018-11-08T18:09:02.990000Z,13,p,0.467,0.002285
9982,2018-11-08T18:09:32.287500Z,4,s,0.868,0.006862
9983,2018-11-08T18:10:18.220000Z,3,s,0.354,0.003062
9984,2018-11-08T18:10:29.311500Z,23,s,0.579,0.00267
9985,2018-11-08T18:10:32.667500Z,5,s,0.445,0.002418
9986,2018-11-08T18:10:54.936500Z,5,s,0.734,0.003113
9987,2018-11-08T18:11:13.684500Z,20,s,0.77,0.00309
9988,2018-11-08T18:11:31.373500Z,22,s,0.469,0.002181
9989,2018-11-08T18:13:02.256500Z,23,p,0.336,0.002314
9990,2018-11-08T18:13:02.357500Z,23,s,0.55,0.002314
9991,2018-11-08T18:13:10.323500Z,2,p,0.45,0.002001
9992,2018-11-08T18:14:24.338000Z,3,s,0.789,0.002848
9993,2018-11-08T18:14:33.149500Z,13,s,0.554,0.005824
9994,2018-11-08T18:14:39.105000Z,1,s,0.825,0.002653
9995,2018-11-08T18:14:47.160000Z,23,p,0.411,0.003957
9996,2018-11-08T18:14:47.217500Z,23,s,0.603,0.003957
9997,2018-11-08T18:15:09.700000Z,13,p,0.417,0.001815
9998,2018-11-08T18:15:51.575500Z,5,p,0.367,0.001903
9999,2018-11-08T18:16:41.699500Z,11,s,0.372,0.00249
10000,2018-11-08T18:16:54.259500Z,11,p,0.3,0.00358
10001,2018-11-08T18:16:54.302000Z,11,s,0.769,0.00358
10002,2018-11-08T18:18:42.280500Z,23,p,0.556,0.002516
10003,2018-11-08T18:18:42.381500Z,23,s,0.728,0.002516
10004,2018-11-08T18:18:50.691000Z,20,s,0.845,0.003366
10005,2018-11-08T18:19:08.807500Z,21,p,0.42,0.008053
10006,2018-11-08T18:19:08.861500Z,21,s,0.742,0.008053
10007,2018-11-08T18:19:31.690500Z,19,s,0.599,0.002771
10008,2018-11-08T18:19:56.468000Z,3,s,0.438,0.003202
10009,2018-11-08T18:20:23.867000Z,20,s,0.55,0.002097
10010,2018-11-08T18:20:26.036500Z,24,s,0.73,0.005991
10011,2018-11-08T18:20:35.593000Z,24,p,0.977,0.01204
10012,2018-11-08T18:20:35.599000Z,23,p,0.968,0.01667
10013,2018-11-08T18:20:35.605500Z,22,p,0.978,0.01235
10014,2018-11-08T18:20:35.611500Z,21,p,0.955,0.008958
10015,2018-11-08T18:20:35.617500Z,20,p,0.982,0.005027
10016,2018-11-08T18:20:35.623000Z,19,p,0.963,0.004985
10017,2018-11-08T18:20:35.629000Z,18,p,0.976,0.004562
10018,2018-11-08T18:20:35.633000Z,17,p,0.944,0.004487
10019,2018-11-08T18:20:35.639500Z,16,p,0.952,0.003526
10020,2018-11-08T18:20:35.645500Z,15,p,0.868,0.002111
10021,2018-11-08T18:20:35.651000Z,14,p,0.876,0.001793
10022,2018-11-08T18:20:35.657500Z,13,p,0.917,0.002388
10023,2018-11-08T18:20:35.665000Z,12,p,0.838,0.00303
10024,2018-11-08T18:20:35.667000Z,11,p,0.813,0.00197
10025,2018-11-08T18:20:35.675500Z,10,p,0.955,0.002171
10026,2018-11-08T18:20:35.676000Z,24,s,0.912,0.00517
10027,2018-11-08T18:20:35.682000Z,9,p,0.778,0.001828
10028,2018-11-08T18:20:35.686500Z,23,s,0.953,0.007422
10029,2018-11-08T18:20:35.687000Z,8,p,0.935,0.001729
10030,2018-11-08T18:20:35.695500Z,22,s,0.932,0.005845
10031,2018-11-08T18:20:35.705500Z,21,s,0.892,0.004186
10032,2018-11-08T18:20:35.710500Z,4,p,0.393,0.00222
10033,2018-11-08T18:20:35.714000Z,20,s,0.83,0.003424
10034,2018-11-08T18:20:35.724500Z,19,s,0.867,0.002687
10035,2018-11-08T18:20:35.733000Z,18,s,0.846,0.003398
10036,2018-11-08T18:20:35.741500Z,17,s,0.621,0.00251
10037,2018-11-08T18:20:35.752500Z,16,s,0.793,0.002029
10038,2018-11-08T18:20:35.762000Z,15,s,0.5,0.001718
10039,2018-11-08T18:20:35.770500Z,14,s,0.592,0.001793
10040,2018-11-08T18:20:35.781500Z,13,s,0.624,0.002138
10041,2018-11-08T18:20:35.793000Z,12,s,0.595,0.001706
10042,2018-11-08T18:20:35.804500Z,11,s,0.659,0.001875
10043,2018-11-08T18:20:35.813500Z,10,s,0.848,0.001744
10044,2018-11-08T18:20:35.820000Z,9,s,0.531,0.001512
10045,2018-11-08T18:20:35.829000Z,8,s,0.522,0.001728
10046,2018-11-08T18:20:57.622500Z,22,p,0.501,0.003044
10047,2018-11-08T18:20:57.740000Z,22,s,0.83,0.003044
10048,2018-11-08T18:22:45.941500Z,19,s,0.333,0.00167
10049,2018-11-08T18:23:00.085500Z,5,s,0.427,0.002552
10050,2018-11-08T18:24:37.858500Z,20,s,0.674,0.002064
10051,2018-11-08T18:24:43.401500Z,11,s,0.702,0.003946
10052,2018-11-08T18:24:52.088500Z,20,s,0.623,0.002627
10053,2018-11-08T18:26:21.500500Z,20,s,0.463,0.001862
10054,2018-11-08T18:26:23.424000Z,15,p,0.752,0.1252
10055,2018-11-08T18:26:23.428000Z,15,s,0.314,0.1252
10056,2018-11-08T18:26:28.797500Z,22,s,0.475,0.002659
10057,2018-11-08T18:26:58.468000Z,24,s,0.591,0.004635
10058,2018-11-08T18:27:23.416500Z,22,p,0.489,0.002602
10059,2018-11-08T18:27:23.469000Z,24,p,0.967,0.004797
10060,2018-11-08T18:27:23.473500Z,23,p,0.884,0.005737
10061,2018-11-08T18:27:23.523500Z,24,s,0.904,0.004797
10062,2018-11-08T18:27:23.533000Z,23,s,0.923,0.005737
10063,2018-11-08T18:27:23.541500Z,22,s,0.854,0.002602
10064,2018-11-08T18:27:23.562000Z,20,s,0.478,0.001643
10065,2018-11-08T18:27:25.122000Z,15,s,0.491,0.01933
10066,2018-11-08T18:28:41.148000Z,17,s,0.342,0.002609
10067,2018-11-08T18:28:50.546000Z,20,p,0.805,0.002283
10068,2018-11-08T18:28:50.710500Z,20,s,0.671,0.002283
10069,2018-11-08T18:29:18.680500Z,22,s,0.315,0.002117
10070,2018-11-08T18:30:09.115500Z,1,p,0.55,0.002453
10071,2018-11-08T18:30:09.221500Z,1,s,0.656,0.002453
10072,2018-11-08T18:30:27.829500Z,11,p,0.432,0.02256
10073,2018-11-08T18:30:27.834000Z,10,s,0.48,0.01777
10074,2018-11-08T18:30:27.835000Z,11,s,0.557,0.02256
10075,2018-11-08T18:30:27.837500Z,10,p,0.582,0.01777
10076,2018-11-08T18:30:44.555500Z,5,s,0.741,0.003495
10077,2018-11-08T18:30:45.572000Z,20,s,0.574,0.002053
10078,2018-11-08T18:31:15.276000Z,8,s,0.747,0.003169
10079,2018-11-08T18:32:32.405500Z,20,s,0.506,0.002016
10080,2018-11-08T18:32:36.244500Z,20,p,0.606,0.003261
10081,2018-11-08T18:32:36.369000Z,20,s,0.809,0.003261
10082,2018-11-08T18:32:56.607000Z,11,s,0.816,0.004365
10083,2018-11-08T18:32:57.088500Z,5,p,0.331,0.003015
10084,2018-11-08T18:32:57.111500Z,6,s,0.35,0.003327
10085,2018-11-08T18:32:57.221500Z,11,s,0.303,0.001749
10086,2018-11-08T18:32:57.242500Z,12,s,0.349,0.002421
10087,2018-11-08T18:32:57.358500Z,17,s,0.311,0.001868
10088,2018-11-08T18:32:57.380000Z,18,s,0.429,0.002976
10089,2018-11-08T18:33:30.149500Z,3,s,0.476,0.001895
10090,2018-11-08T18:34:17.737500Z,22,s,0.549,0.001909
10091,2018-11-08T18:34:49.902000Z,19,s,0.361,0.003684
10092,2018-11-08T18:34:50.953000Z,14,s,0.304,0.00576
10093,2018-11-08T18:35:20.927500Z,23,s,0.567,0.002785
10094,2018-11-08T18:37:34.831500Z,5,p,0.324,0.001877
10095,2018-11-08T18:38:12.118500Z,11,s,0.759,0.008272
10096,2018-11-08T18:38:22.143500Z,5,p,0.542,0.002993
10097,2018-11-08T18:38:22.285000Z,5,s,0.743,0.002993
10098,2018-11-08T18:38:36.695000Z,20,s,0.81,0.002899
10099,2018-11-08T18:38:38.120000Z,20,p,0.467,0.00194
10100,2018-11-08T18:38:38.392000Z,20,s,0.643,0.00194
10101,2018-11-08T18:40:10.639500Z,20,s,0.371,0.001615
10102,2018-11-08T18:40:17.263500Z,22,s,0.619,0.002776
10103,2018-11-08T18:40:45.829500Z,24,s,0.69,0.007168
10104,2018-11-08T18:41:27.845500Z,18,p,0.338,0.002842
10105,2018-11-08T18:41:28.048500Z,4,s,0.426,0.001658
10106,2018-11-08T18:41:28.074500Z,5,s,0.343,0.002714
10107,2018-11-08T18:41:28.086500Z,6,s,0.484,0.003426
10108,2018-11-08T18:41:28.146500Z,8,s,0.345,0.002037
10109,2018-11-08T18:41:28.188500Z,11,s,0.31,0.00192
10110,2018-11-08T18:41:28.335500Z,18,s,0.394,0.003011
10111,2018-11-08T18:41:29.992500Z,11,s,0.345,0.003958
10112,2018-11-08T18:41:40.381500Z,20,s,0.427,0.002033
10113,2018-11-08T18:42:28.607500Z,24,p,0.98,0.02164
10114,2018-11-08T18:42:28.611500Z,23,p,0.98,0.01864
10115,2018-11-08T18:42:28.615500Z,22,p,0.969,0.008616
10116,2018-11-08T18:42:28.621000Z,21,p,0.954,0.006913
10117,2018-11-08T18:42:28.627500Z,20,p,0.981,0.01002
10118,2018-11-08T18:42:28.633500Z,19,p,0.984,0.006023
10119,2018-11-08T18:42:28.637500Z,18,p,0.969,0.00449
10120,2018-11-08T18:42:28.643500Z,17,p,0.974,0.005438
10121,2018-11-08T18:42:28.649000Z,16,p,0.97,0.006275
10122,2018-11-08T18:42:28.653500Z,15,p,0.933,0.003959
10123,2018-11-08T18:42:28.659000Z,14,p,0.952,0.003686
10124,2018-11-08T18:42:28.665500Z,13,p,0.982,0.005931
10125,2018-11-08T18:42:28.671000Z,12,p,0.976,0.004997
10126,2018-11-08T18:42:28.671500Z,10,p,0.803,0.002312
10127,2018-11-08T18:42:28.673000Z,11,p,0.862,0.001957
10128,2018-11-08T18:42:28.684500Z,9,p,0.635,0.001913
10129,2018-11-08T18:42:28.689500Z,8,p,0.922,0.002345
10130,2018-11-08T18:42:28.695500Z,7,p,0.932,0.001973
10131,2018-11-08T18:42:28.700500Z,6,p,0.54,0.001818
10132,2018-11-08T18:42:28.704000Z,24,s,0.954,0.02164
10133,2018-11-08T18:42:28.705500Z,5,p,0.787,0.002253
10134,2018-11-08T18:42:28.709500Z,4,p,0.601,0.002068
10135,2018-11-08T18:42:28.711000Z,23,s,0.957,0.01864
10136,2018-11-08T18:42:28.717500Z,3,p,0.933,0.001563
10137,2018-11-08T18:42:28.719000Z,22,s,0.933,0.008616
10138,2018-11-08T18:42:28.724000Z,2,p,0.738,0.001658
10139,2018-11-08T18:42:28.726500Z,21,s,0.902,0.006913
10140,2018-11-08T18:42:28.738000Z,20,s,0.848,0.01002
10141,2018-11-08T18:42:28.744500Z,19,s,0.928,0.005376
10142,2018-11-08T18:42:28.755500Z,18,s,0.853,0.0041
10143,2018-11-08T18:42:28.764000Z,17,s,0.892,0.004507
10144,2018-11-08T18:42:28.774500Z,16,s,0.905,0.006275
10145,2018-11-08T18:42:28.780500Z,15,s,0.655,0.003959
10146,2018-11-08T18:42:28.790500Z,14,s,0.806,0.003686
10147,2018-11-08T18:42:28.800500Z,13,s,0.789,0.005931
10148,2018-11-08T18:42:28.811500Z,12,s,0.838,0.002661
10149,2018-11-08T18:42:28.817000Z,10,s,0.652,0.002312
10150,2018-11-08T18:42:28.818500Z,11,s,0.439,0.001808
10151,2018-11-08T18:42:28.830000Z,9,s,0.52,0.001913
10152,2018-11-08T18:42:28.846000Z,8,s,0.67,0.002345
10153,2018-11-08T18:42:28.853000Z,7,s,0.865,0.001973
10154,2018-11-08T18:42:28.862500Z,6,s,0.466,0.001745
10155,2018-11-08T18:42:28.871000Z,5,s,0.708,0.001758
10156,2018-11-08T18:42:28.872000Z,4,s,0.485,0.001684
10157,2018-11-08T18:42:28.881000Z,3,s,0.602,0.001548
10158,2018-11-08T18:42:28.893000Z,2,s,0.722,0.001658
10159,2018-11-08T18:42:43.663500Z,13,s,0.596,0.004599
10160,2018-11-08T18:44:35.423500Z,24,s,0.379,0.003002
10161,2018-11-08T18:44:40.804500Z,4,p,0.348,0.006614
10162,2018-11-08T18:44:40.917500Z,4,s,0.79,0.006614
10163,2018-11-08T18:45:49.883500Z,1,s,0.426,0.00268
10164,2018-11-08T18:45:50.190000Z,23,s,0.714,0.002048
10165,2018-11-08T18:46:05.527500Z,17,p,0.504,0.004346
10166,2018-11-08T18:46:05.555500Z,24,p,0.943,0.01291
10167,2018-11-08T18:46:05.561000Z,23,p,0.969,0.01271
10168,2018-11-08T18:46:05.566000Z,22,p,0.96,0.008767
10169,2018-11-08T18:46:05.572000Z,21,p,0.978,0.009715
10170,2018-11-08T18:46:05.577500Z,20,p,0.964,0.005353
10171,2018-11-08T18:46:05.582000Z,19,p,0.837,0.004014
10172,2018-11-08T18:46:05.587500Z,24,s,0.967,0.01291
10173,2018-11-08T18:46:05.591500Z,15,p,0.489,0.002609
10174,2018-11-08T18:46:05.594000Z,23,s,0.959,0.01271
10175,2018-11-08T18:46:05.603500Z,22,s,0.966,0.008767
10176,2018-11-08T18:46:05.611000Z,21,s,0.95,0.009715
10177,2018-11-08T18:46:05.616000Z,16,p,0.771,0.006288
10178,2018-11-08T18:46:05.621500Z,12,p,0.385,0.002276
10179,2018-11-08T18:46:05.622000Z,13,p,0.816,0.002495
10180,2018-11-08T18:46:05.622000Z,20,s,0.95,0.004047
10181,2018-11-08T18:46:05.630500Z,14,p,0.776,0.002728
10182,2018-11-08T18:46:05.631000Z,19,s,0.917,0.004014
10183,2018-11-08T18:46:05.642500Z,18,s,0.455,0.002693
10184,2018-11-08T18:46:05.652000Z,17,s,0.907,0.004346
10185,2018-11-08T18:46:05.662500Z,16,s,0.885,0.006288
10186,2018-11-08T18:46:05.672500Z,15,s,0.855,0.002609
10187,2018-11-08T18:46:05.682000Z,14,s,0.813,0.002728
10188,2018-11-08T18:46:05.692000Z,13,s,0.843,0.002495
10189,2018-11-08T18:46:20.624000Z,20,p,0.453,0.003032
10190,2018-11-08T18:46:20.735500Z,20,s,0.733,0.003282
10191,2018-11-08T18:46:20.917500Z,20,p,0.471,0.003282
10192,2018-11-08T18:46:50.317000Z,5,s,0.805,0.00341
10193,2018-11-08T18:46:58.885500Z,20,s,0.355,0.001947
10194,2018-11-08T18:49:16.738000Z,2,p,0.304,0.004512
10195,2018-11-08T18:49:16.778000Z,2,s,0.404,0.004512
10196,2018-11-08T18:49:38.722500Z,24,p,0.334,0.008044
10197,2018-11-08T18:49:38.840000Z,24,s,0.868,0.008044
10198,2018-11-08T18:49:38.845000Z,23,p,0.965,0.0137
10199,2018-11-08T18:49:38.849500Z,22,p,0.832,0.007032
10200,2018-11-08T18:49:38.857000Z,21,p,0.911,0.0068
10201,2018-11-08T18:49:38.862000Z,20,p,0.918,0.006634
10202,2018-11-08T18:49:38.867500Z,19,p,0.97,0.006713
10203,2018-11-08T18:49:38.873000Z,18,p,0.631,0.004962
10204,2018-11-08T18:49:38.877000Z,17,p,0.925,0.003208
10205,2018-11-08T18:49:38.890000Z,23,s,0.921,0.004497
10206,2018-11-08T18:49:38.910000Z,21,s,0.651,0.002422
10207,2018-11-08T18:49:38.915000Z,20,s,0.744,0.002444
10208,2018-11-08T18:49:38.927500Z,19,s,0.492,0.001862
10209,2018-11-08T18:49:48.974500Z,23,p,0.362,0.003476
10210,2018-11-08T18:49:49.061500Z,23,s,0.37,0.003476
10211,2018-11-08T18:50:41.037500Z,22,s,0.444,0.002955
10212,2018-11-08T18:51:08.981500Z,23,s,0.31,0.003446
10213,2018-11-08T18:51:21.626000Z,20,p,0.691,0.001999
10214,2018-11-08T18:51:21.750500Z,20,s,0.604,0.001999
10215,2018-11-08T18:51:44.167500Z,6,s,0.304,0.001708
10216,2018-11-08T18:51:55.097000Z,5,s,0.308,0.002491
10217,2018-11-08T18:51:55.112000Z,6,s,0.322,0.00281
10218,2018-11-08T18:51:55.231500Z,12,s,0.381,0.001819
10219,2018-11-08T18:51:55.362500Z,18,s,0.316,0.002587
10220,2018-11-08T18:52:00.327500Z,2,s,0.389,0.00176
10221,2018-11-08T18:52:00.411500Z,6,s,0.477,0.002849
10222,2018-11-08T18:52:00.567500Z,13,s,0.336,0.002067
10223,2018-11-08T18:52:19.127500Z,6,s,0.359,0.001851
10224,2018-11-08T18:52:21.090500Z,20,s,0.74,0.002463
10225,2018-11-08T18:52:27.461500Z,6,p,0.372,0.001638
10226,2018-11-08T18:52:28.017500Z,5,p,0.317,0.002518
10227,2018-11-08T18:52:28.175500Z,13,p,0.511,0.002846
10228,2018-11-08T18:52:30.357500Z,18,p,0.321,0.001963
10229,2018-11-08T18:52:57.320000Z,5,s,0.796,0.003021
10230,2018-11-08T18:53:48.216000Z,23,p,0.325,0.002368
10231,2018-11-08T18:53:48.288500Z,23,s,0.517,0.002368
10232,2018-11-08T18:54:24.288500Z,19,s,0.624,0.004748
10233,2018-11-08T18:54:42.255500Z,20,s,0.425,0.001903
10234,2018-11-08T18:56:08.666500Z,5,s,0.384,0.002566
10235,2018-11-08T18:56:22.695500Z,5,p,0.695,0.003495
10236,2018-11-08T18:56:22.795000Z,5,s,0.897,0.003495
10237,2018-11-08T18:57:02.288500Z,24,s,0.439,0.006455
10238,2018-11-08T18:57:09.525500Z,2,s,0.591,0.003359
10239,2018-11-08T18:57:35.517500Z,24,p,0.793,0.004278
10240,2018-11-08T18:57:35.523500Z,23,p,0.965,0.007291
10241,2018-11-08T18:57:35.529000Z,22,p,0.662,0.003049
10242,2018-11-08T18:57:35.571000Z,23,s,0.944,0.004763
10243,2018-11-08T18:57:35.580000Z,22,s,0.479,0.00204
10244,2018-11-08T18:57:38.549500Z,2,p,0.364,0.002383
10245,2018-11-08T18:57:38.685500Z,2,s,0.78,0.002383
10246,2018-11-08T18:57:55.605500Z,11,s,0.617,0.004478
10247,2018-11-08T18:58:01.438000Z,20,s,0.568,0.001866
10248,2018-11-08T18:59:06.709500Z,19,s,0.425,0.002132
10249,2018-11-08T18:59:42.011500Z,24,p,0.983,0.07841
10250,2018-11-08T18:59:42.017000Z,23,p,0.979,0.1099
10251,2018-11-08T18:59:42.021500Z,22,p,0.968,0.04767
10252,2018-11-08T18:59:42.027500Z,21,p,0.988,0.04079
10253,2018-11-08T18:59:42.033000Z,20,p,0.985,0.03131
10254,2018-11-08T18:59:42.037500Z,19,p,0.986,0.03763
10255,2018-11-08T18:59:42.043500Z,18,p,0.987,0.02654
10256,2018-11-08T18:59:42.048000Z,17,p,0.967,0.01651
10257,2018-11-08T18:59:42.053500Z,16,p,0.985,0.01974
10258,2018-11-08T18:59:42.059500Z,15,p,0.972,0.00794
10259,2018-11-08T18:59:42.065000Z,14,p,0.977,0.01032
10260,2018-11-08T18:59:42.072000Z,13,p,0.978,0.01467
10261,2018-11-08T18:59:42.075500Z,24,s,0.968,0.07841
10262,2018-11-08T18:59:42.077500Z,12,p,0.984,0.0157
10263,2018-11-08T18:59:42.081500Z,11,p,0.981,0.007151
10264,2018-11-08T18:59:42.083500Z,23,s,0.967,0.1099
10265,2018-11-08T18:59:42.087000Z,10,p,0.981,0.00588
10266,2018-11-08T18:59:42.091500Z,22,s,0.966,0.04767
10267,2018-11-08T18:59:42.091500Z,9,p,0.958,0.0041
10268,2018-11-08T18:59:42.096500Z,8,p,0.934,0.004384
10269,2018-11-08T18:59:42.101000Z,21,s,0.963,0.03486
10270,2018-11-08T18:59:42.103000Z,7,p,0.959,0.003977
10271,2018-11-08T18:59:42.109000Z,6,p,0.929,0.003029
10272,2018-11-08T18:59:42.109500Z,20,s,0.934,0.03035
10273,2018-11-08T18:59:42.113500Z,5,p,0.961,0.002881
10274,2018-11-08T18:59:42.117000Z,19,s,0.962,0.02045
10275,2018-11-08T18:59:42.119000Z,4,p,0.966,0.004288
10276,2018-11-08T18:59:42.122000Z,3,p,0.723,0.002774
10277,2018-11-08T18:59:42.127500Z,18,s,0.959,0.02654
10278,2018-11-08T18:59:42.131000Z,2,p,0.926,0.003105
10279,2018-11-08T18:59:42.135500Z,1,p,0.845,0.002522
10280,2018-11-08T18:59:42.136500Z,17,s,0.931,0.01651
10281,2018-11-08T18:59:42.146500Z,16,s,0.896,0.01292
10282,2018-11-08T18:59:42.157000Z,15,s,0.88,0.007547
10283,2018-11-08T18:59:42.168500Z,14,s,0.903,0.01032
10284,2018-11-08T18:59:42.177000Z,13,s,0.923,0.01016
10285,2018-11-08T18:59:42.186000Z,12,s,0.88,0.008012
10286,2018-11-08T18:59:42.194500Z,11,s,0.726,0.005024
10287,2018-11-08T18:59:42.205500Z,10,s,0.817,0.004392
10288,2018-11-08T18:59:42.220500Z,9,s,0.714,0.0041
10289,2018-11-08T18:59:42.232500Z,8,s,0.782,0.004384
10290,2018-11-08T18:59:42.234500Z,7,s,0.785,0.003962
10291,2018-11-08T18:59:42.248000Z,6,s,0.648,0.0025
10292,2018-11-08T18:59:42.252500Z,5,s,0.648,0.002881
10293,2018-11-08T18:59:42.277500Z,4,s,0.497,0.004288
10294,2018-11-08T18:59:42.281000Z,2,s,0.566,0.003105
10295,2018-11-08T18:59:42.283000Z,3,s,0.712,0.002774
10296,2018-11-08T18:59:42.291000Z,1,s,0.526,0.002522
10297,2018-11-08T18:59:43.046500Z,22,p,0.337,0.001631
10298,2018-11-08T18:59:51.381500Z,23,s,0.478,0.003465
10299,2018-11-08T19:00:01.440500Z,23,s,0.331,0.002331
10300,2018-11-08T19:00:08.876500Z,20,p,0.444,0.002397
10301,2018-11-08T19:00:09.015000Z,20,s,0.83,0.003455
10302,2018-11-08T19:00:09.189500Z,20,p,0.621,0.003455
10303,2018-11-08T19:00:26.484000Z,11,s,0.367,0.002585
10304,2018-11-08T19:00:27.640500Z,11,s,0.42,0.002423
10305,2018-11-08T19:00:47.968500Z,11,s,0.309,0.001401
10306,2018-11-08T19:01:07.478000Z,8,s,0.331,0.002423
10307,2018-11-08T19:01:37.533500Z,22,s,0.493,0.002169
10308,2018-11-08T19:01:46.068000Z,1,s,0.687,0.002558
10309,2018-11-08T19:01:49.863500Z,5,s,0.354,0.002141
10310,2018-11-08T19:01:49.886500Z,6,s,0.359,0.00234
10311,2018-11-08T19:03:42.676500Z,5,s,0.47,0.002092
10312,2018-11-08T19:03:42.706500Z,6,s,0.403,0.002507
10313,2018-11-08T19:03:59.432500Z,13,p,0.465,0.002107
10314,2018-11-08T19:04:11.003500Z,11,s,0.356,0.001968
10315,2018-11-08T19:04:29.398500Z,6,s,0.338,0.002409
10316,2018-11-08T19:04:31.282000Z,6,p,0.817,0.004189
10317,2018-11-08T19:04:35.054500Z,5,s,0.377,0.001976
10318,2018-11-08T19:05:01.027500Z,5,p,0.351,0.002029
10319,2018-11-08T19:05:07.069500Z,24,s,0.794,0.007167
10320,2018-11-08T19:05:14.786500Z,6,s,0.321,0.002819
10321,2018-11-08T19:05:32.972000Z,5,s,0.502,0.0022
10322,2018-11-08T19:05:52.606500Z,5,s,0.679,0.002761
10323,2018-11-08T19:06:03.400500Z,10,s,0.368,0.001843
10324,2018-11-08T19:06:06.177000Z,20,s,0.719,0.002935
10325,2018-11-08T19:06:09.463500Z,11,p,0.316,0.004376
10326,2018-11-08T19:06:09.546000Z,11,s,0.759,0.004376
10327,2018-11-08T19:06:11.239500Z,2,p,0.446,0.004273
10328,2018-11-08T19:06:16.676500Z,1,p,0.625,0.1044
10329,2018-11-08T19:06:16.687500Z,2,p,0.822,0.009638
10330,2018-11-08T19:06:16.701500Z,2,s,0.897,0.009638
10331,2018-11-08T19:06:16.722000Z,3,p,0.899,0.007772
10332,2018-11-08T19:06:16.744000Z,4,p,0.691,0.006493
10333,2018-11-08T19:06:16.764500Z,5,p,0.603,0.005613
10334,2018-11-08T19:06:19.582500Z,24,p,0.588,0.005202
10335,2018-11-08T19:06:19.763500Z,24,s,0.698,0.005202
10336,2018-11-08T19:06:36.845500Z,1,p,0.449,0.01937
10337,2018-11-08T19:06:36.872500Z,2,s,0.332,0.003311
10338,2018-11-08T19:06:37.526500Z,2,s,0.428,0.002037
10339,2018-11-08T19:06:37.585500Z,5,p,0.32,0.002527
10340,2018-11-08T19:06:37.590500Z,5,s,0.321,0.002527
10341,2018-11-08T19:06:37.603500Z,6,s,0.384,0.003618
10342,2018-11-08T19:06:37.706000Z,11,p,0.345,0.001724
10343,2018-11-08T19:06:37.733500Z,12,s,0.369,0.002541
10344,2018-11-08T19:06:37.748500Z,13,p,0.693,0.002373
10345,2018-11-08T19:08:02.446000Z,22,p,0.533,0.003111
10346,2018-11-08T19:08:02.550500Z,22,s,0.527,0.003111
10347,2018-11-08T19:08:17.609000Z,2,s,0.416,0.002429
10348,2018-11-08T19:08:17.634500Z,3,s,0.387,0.002287
10349,2018-11-08T19:08:17.646500Z,4,p,0.337,0.002091
10350,2018-11-08T19:08:17.677500Z,5,s,0.341,0.003155
10351,2018-11-08T19:08:17.698500Z,6,s,0.499,0.003757
10352,2018-11-08T19:08:17.738500Z,8,s,0.438,0.002206
10353,2018-11-08T19:08:17.808500Z,11,s,0.495,0.00207
10354,2018-11-08T19:08:17.816500Z,12,s,0.579,0.003006
10355,2018-11-08T19:08:17.842500Z,13,s,0.37,0.003714
10356,2018-11-08T19:08:17.932000Z,17,s,0.559,0.002244
10357,2018-11-08T19:08:17.966500Z,19,s,0.388,0.001867
10358,2018-11-08T19:08:22.106500Z,2,s,0.624,0.002045
10359,2018-11-08T19:08:22.166500Z,5,p,0.409,0.002269
10360,2018-11-08T19:08:22.223500Z,8,s,0.39,0.001725
10361,2018-11-08T19:08:22.312500Z,12,s,0.47,0.002232
10362,2018-11-08T19:08:22.334500Z,13,s,0.508,0.002469
10363,2018-11-08T19:08:22.447500Z,18,s,0.307,0.002581
10364,2018-11-08T19:09:26.304000Z,23,s,0.714,0.002689
10365,2018-11-08T19:09:53.698500Z,5,s,0.367,0.002266
10366,2018-11-08T19:09:57.744000Z,5,s,0.486,0.002103
10367,2018-11-08T19:09:57.765500Z,6,s,0.317,0.002588
10368,2018-11-08T19:09:58.021500Z,18,s,0.326,0.002368
10369,2018-11-08T19:10:04.739500Z,2,s,0.353,0.001911
10370,2018-11-08T19:10:22.952500Z,16,s,0.461,0.004822
10371,2018-11-08T19:10:22.978500Z,17,s,0.505,0.002766
10372,2018-11-08T19:10:22.989500Z,13,s,0.888,0.008428
10373,2018-11-08T19:10:23.009500Z,12,s,0.358,0.005198
10374,2018-11-08T19:10:23.032500Z,11,s,0.371,0.002661
10375,2018-11-08T19:10:23.829500Z,13,p,0.438,0.001708
10376,2018-11-08T19:10:28.648000Z,23,s,0.788,0.00335
10377,2018-11-08T19:10:56.080500Z,23,p,0.329,0.001845
10378,2018-11-08T19:11:13.122500Z,6,s,0.357,0.002049
10379,2018-11-08T19:11:14.299500Z,6,p,0.531,0.001822
10380,2018-11-08T19:11:53.918500Z,22,s,0.673,0.003572
10381,2018-11-08T19:12:17.507000Z,6,p,0.568,0.003679
10382,2018-11-08T19:12:17.510500Z,6,s,0.33,0.003679
10383,2018-11-08T19:12:17.892000Z,19,s,0.387,0.002457
10384,2018-11-08T19:12:30.021500Z,8,s,0.391,0.002921
10385,2018-11-08T19:12:47.946500Z,20,s,0.892,0.005517
10386,2018-11-08T19:13:22.490000Z,12,s,0.341,0.001807
10387,2018-11-08T19:13:45.577500Z,5,p,0.309,0.001949
10388,2018-11-08T19:13:45.762000Z,3,p,0.332,0.003231
10389,2018-11-08T19:13:45.912500Z,3,s,0.382,0.003231
10390,2018-11-08T19:13:54.994500Z,20,s,0.74,0.00281
10391,2018-11-08T19:13:55.172500Z,20,p,0.413,0.00281
10392,2018-11-08T19:14:00.046000Z,17,s,0.721,0.00229
10393,2018-11-08T19:14:14.533000Z,11,s,0.792,0.004281
10394,2018-11-08T19:14:25.417500Z,5,s,0.762,0.003036
10395,2018-11-08T19:14:35.061500Z,2,s,0.486,0.003411
10396,2018-11-08T19:15:20.433500Z,11,p,0.864,0.00261
10397,2018-11-08T19:15:20.530000Z,11,s,0.897,0.00261
10398,2018-11-08T19:15:44.384500Z,22,s,0.31,0.00206
10399,2018-11-08T19:15:49.967000Z,20,s,0.757,0.002042
10400,2018-11-08T19:15:53.557500Z,6,s,0.385,0.001908
10401,2018-11-08T19:16:11.166500Z,6,s,0.304,0.001909
10402,2018-11-08T19:16:53.543500Z,6,s,0.375,0.002045
10403,2018-11-08T19:17:37.528500Z,1,s,0.675,0.002926
10404,2018-11-08T19:18:29.589500Z,20,s,0.665,0.001945
10405,2018-11-08T19:18:53.294500Z,3,p,0.372,0.003162
10406,2018-11-08T19:18:53.333500Z,3,s,0.628,0.003162
10407,2018-11-08T19:19:02.825000Z,15,p,0.907,0.1464
10408,2018-11-08T19:19:30.598000Z,23,s,0.616,0.003234
10409,2018-11-08T19:20:04.980000Z,10,s,0.547,0.01046
10410,2018-11-08T19:20:37.234500Z,10,s,0.303,0.0025
10411,2018-11-08T19:21:15.757500Z,22,s,0.48,0.005131
10412,2018-11-08T19:21:58.059500Z,10,p,0.573,0.003789
10413,2018-11-08T19:21:58.141000Z,10,s,0.888,0.003789
10414,2018-11-08T19:22:04.959500Z,11,s,0.567,0.003479
10415,2018-11-08T19:22:06.054000Z,2,s,0.409,0.002307
10416,2018-11-08T19:22:06.126500Z,5,s,0.496,0.003135
10417,2018-11-08T19:22:06.151500Z,6,s,0.462,0.004918
10418,2018-11-08T19:22:06.258500Z,11,s,0.458,0.002544
10419,2018-11-08T19:22:06.270500Z,12,s,0.38,0.002568
10420,2018-11-08T19:22:06.294500Z,13,s,0.504,0.003385
10421,2018-11-08T19:22:06.374500Z,17,s,0.34,0.002186
10422,2018-11-08T19:22:06.410500Z,18,s,0.313,0.002984
10423,2018-11-08T19:22:06.919500Z,2,s,0.338,0.001788
10424,2018-11-08T19:22:18.150000Z,2,s,0.409,0.002766
10425,2018-11-08T19:22:27.911500Z,23,s,0.608,0.002742
10426,2018-11-08T19:22:28.522500Z,6,p,0.319,0.001666
10427,2018-11-08T19:22:40.358500Z,4,s,0.697,0.001857
10428,2018-11-08T19:23:44.183500Z,5,p,0.394,0.003449
10429,2018-11-08T19:23:44.289500Z,5,s,0.781,0.003449
10430,2018-11-08T19:23:59.203500Z,5,p,0.405,0.001945
10431,2018-11-08T19:23:59.234500Z,6,s,0.438,0.002034
10432,2018-11-08T19:24:31.918000Z,6,p,0.36,0.001786
10433,2018-11-08T19:25:56.731500Z,6,s,0.315,0.002062
10434,2018-11-08T19:25:58.745500Z,4,s,0.493,0.006395
10435,2018-11-08T19:25:59.956000Z,24,s,0.739,0.004443
10436,2018-11-08T19:26:41.422500Z,23,p,0.324,0.002653
10437,2018-11-08T19:26:41.590500Z,23,s,0.666,0.002653
10438,2018-11-08T19:27:09.946500Z,23,s,0.537,0.002117
10439,2018-11-08T19:27:22.893500Z,23,p,0.717,0.00274
10440,2018-11-08T19:27:22.997000Z,23,s,0.679,0.00274
10441,2018-11-08T19:27:45.586500Z,20,s,0.508,0.003045
10442,2018-11-08T19:27:45.749500Z,20,p,0.525,0.003045
10443,2018-11-08T19:29:09.667500Z,6,p,0.332,0.002425
10444,2018-11-08T19:29:32.282500Z,6,s,0.444,0.002009
10445,2018-11-08T19:29:53.685500Z,6,p,0.303,0.002175
10446,2018-11-08T19:30:00.726000Z,20,s,0.555,0.001859
10447,2018-11-08T19:30:09.882500Z,6,s,0.31,0.001711
10448,2018-11-08T19:30:17.535000Z,11,s,0.754,0.004324
10449,2018-11-08T19:30:33.674500Z,6,p,0.454,0.001889
10450,2018-11-08T19:30:51.948500Z,10,p,0.371,0.007515
10451,2018-11-08T19:30:52.022000Z,10,s,0.749,0.007515
10452,2018-11-08T19:31:57.973500Z,2,s,0.494,0.003458
10453,2018-11-08T19:32:02.414500Z,12,s,0.514,0.005587
10454,2018-11-08T19:32:05.953500Z,20,s,0.374,0.001997
10455,2018-11-08T19:32:45.781500Z,19,s,0.497,0.002108
10456,2018-11-08T19:32:53.953500Z,24,s,0.544,0.007211
10457,2018-11-08T19:33:00.046500Z,23,p,0.642,0.002453
10458,2018-11-08T19:33:00.193000Z,23,s,0.776,0.002453
10459,2018-11-08T19:33:08.724000Z,23,s,0.344,0.002478
10460,2018-11-08T19:33:34.661500Z,5,s,0.884,0.003498
10461,2018-11-08T19:34:00.063500Z,1,p,0.693,0.002799
10462,2018-11-08T19:34:00.173000Z,1,s,0.706,0.002799
10463,2018-11-08T19:34:03.204000Z,24,s,0.44,0.003956
10464,2018-11-08T19:34:21.903000Z,6,s,0.347,0.00173
10465,2018-11-08T19:35:17.912500Z,18,p,0.415,0.002038
10466,2018-11-08T19:35:20.551500Z,20,s,0.332,0.001697
10467,2018-11-08T19:35:42.401500Z,13,s,0.4,0.001669
10468,2018-11-08T19:38:03.955000Z,6,p,0.735,0.005523
10469,2018-11-08T19:38:03.974500Z,6,s,0.429,0.005523
10470,2018-11-08T19:38:21.104500Z,11,s,0.304,0.004051
10471,2018-11-08T19:39:10.115500Z,20,s,0.604,0.002115
10472,2018-11-08T19:39:12.869500Z,23,s,0.404,0.003073
10473,2018-11-08T19:39:15.411500Z,5,s,0.765,0.003112
10474,2018-11-08T19:40:45.209500Z,24,s,0.456,0.006532
10475,2018-11-08T19:41:02.704500Z,19,s,0.413,0.002951
10476,2018-11-08T19:41:12.316000Z,6,s,0.537,0.002397
10477,2018-11-08T19:41:26.002500Z,20,s,0.576,0.003588
10478,2018-11-08T19:41:26.181000Z,20,p,0.571,0.003092
10479,2018-11-08T19:41:35.340500Z,23,p,0.837,0.003294
10480,2018-11-08T19:41:35.471500Z,23,s,0.796,0.003294
10481,2018-11-08T19:43:44.501500Z,5,p,0.35,0.001802
10482,2018-11-08T19:43:45.828500Z,14,p,0.58,0.003321
10483,2018-11-08T19:44:31.344500Z,5,s,0.633,0.002445
10484,2018-11-08T19:46:29.269500Z,2,s,0.608,0.001868
10485,2018-11-08T19:46:38.572500Z,11,p,0.422,0.00416
10486,2018-11-08T19:46:38.704500Z,11,s,0.818,0.00416
10487,2018-11-08T19:46:58.376000Z,20,p,0.402,0.002355
10488,2018-11-08T19:46:58.599500Z,20,s,0.392,0.002355
10489,2018-11-08T19:47:06.065500Z,23,s,0.334,0.00238
10490,2018-11-08T19:47:15.774000Z,5,p,0.306,0.001701
10491,2018-11-08T19:47:21.920000Z,20,s,0.702,0.003008
10492,2018-11-08T19:47:31.580500Z,16,p,0.314,0.002301
10493,2018-11-08T19:47:31.588500Z,20,p,0.729,0.003933
10494,2018-11-08T19:47:31.593500Z,24,p,0.819,0.006766
10495,2018-11-08T19:47:31.614500Z,21,p,0.602,0.003193
10496,2018-11-08T19:47:31.622500Z,22,p,0.364,0.003258
10497,2018-11-08T19:47:31.702500Z,24,s,0.913,0.006766
10498,2018-11-08T19:47:31.712500Z,23,s,0.934,0.00536
10499,2018-11-08T19:47:31.718500Z,22,s,0.803,0.003258
10500,2018-11-08T19:47:31.728500Z,21,s,0.75,0.003193
10501,2018-11-08T19:47:31.736500Z,20,s,0.837,0.003933
10502,2018-11-08T19:47:31.744500Z,19,s,0.664,0.002695
10503,2018-11-08T19:47:31.764500Z,17,s,0.787,0.002479
10504,2018-11-08T19:47:31.774000Z,16,s,0.822,0.002301
10505,2018-11-08T19:47:31.793500Z,14,s,0.627,0.002121
10506,2018-11-08T19:47:31.849500Z,8,s,0.311,0.002149
10507,2018-11-08T19:48:27.170500Z,6,s,0.367,0.002542
10508,2018-11-08T19:48:38.909500Z,20,s,0.392,0.001744
10509,2018-11-08T19:48:43.118000Z,24,s,0.643,0.006805
10510,2018-11-08T19:49:11.430000Z,19,s,0.332,0.003757
10511,2018-11-08T19:49:32.172000Z,22,s,0.692,0.002344
10512,2018-11-08T19:49:50.004500Z,5,p,0.373,0.003125
10513,2018-11-08T19:49:50.097000Z,5,s,0.778,0.003125
10514,2018-11-08T19:50:27.409500Z,24,s,0.449,0.004528
10515,2018-11-08T19:50:27.419000Z,23,s,0.825,0.00235
10516,2018-11-08T19:50:49.058000Z,10,p,0.36,0.002228
10517,2018-11-08T19:51:50.846000Z,6,s,0.382,0.001788
10518,2018-11-08T19:52:06.900000Z,8,s,0.478,0.00297
10519,2018-11-08T19:52:15.592000Z,9,p,0.959,0.0149
10520,2018-11-08T19:52:15.650500Z,9,s,0.635,0.0149
10521,2018-11-08T19:53:24.951500Z,2,s,0.391,0.001797
10522,2018-11-08T19:53:25.023500Z,5,s,0.388,0.002637
10523,2018-11-08T19:53:25.046500Z,6,s,0.601,0.003393
10524,2018-11-08T19:53:25.168500Z,12,s,0.371,0.002256
10525,2018-11-08T19:53:25.186000Z,13,p,0.58,0.002528
10526,2018-11-08T19:53:25.290500Z,18,s,0.351,0.002651
10527,2018-11-08T19:54:27.362500Z,5,s,0.47,0.00201
10528,2018-11-08T19:54:27.375500Z,6,s,0.448,0.002685
10529,2018-11-08T19:55:04.775500Z,6,s,0.386,0.001639
10530,2018-11-08T19:55:13.732500Z,20,p,0.452,0.002598
10531,2018-11-08T19:55:13.847000Z,20,s,0.721,0.002993
10532,2018-11-08T19:55:14.014000Z,20,p,0.556,0.002993
10533,2018-11-08T19:55:15.998000Z,23,s,0.728,0.003223
10534,2018-11-08T19:55:21.029500Z,2,p,0.329,0.002136
10535,2018-11-08T19:55:21.037000Z,2,s,0.312,0.002136
10536,2018-11-08T19:55:21.116000Z,6,s,0.469,0.003297
10537,2018-11-08T19:55:21.159500Z,8,s,0.318,0.002022
10538,2018-11-08T19:55:21.230500Z,11,s,0.395,0.001657
10539,2018-11-08T19:55:21.248000Z,12,s,0.456,0.002278
10540,2018-11-08T19:55:21.352500Z,17,s,0.539,0.001913
10541,2018-11-08T19:55:21.382500Z,18,s,0.434,0.00274
10542,2018-11-08T19:55:29.958500Z,5,p,0.445,0.001924
10543,2018-11-08T19:55:30.685500Z,6,s,0.361,0.001717
10544,2018-11-08T19:55:32.584500Z,5,s,0.872,0.002756
10545,2018-11-08T19:55:35.579500Z,11,s,0.348,0.001659
10546,2018-11-08T19:55:35.852000Z,6,s,0.718,0.003645
10547,2018-11-08T19:55:46.492000Z,20,p,0.486,0.0017
10548,2018-11-08T19:55:46.684500Z,20,s,0.713,0.0017
10549,2018-11-08T19:56:36.520500Z,23,s,0.575,0.002617
10550,2018-11-08T19:56:48.309500Z,24,s,0.878,0.005044
10551,2018-11-08T19:56:50.410500Z,9,s,0.632,0.001822
10552,2018-11-08T19:57:12.420500Z,7,s,0.419,0.005374
10553,2018-11-08T19:58:03.293500Z,19,s,0.377,0.002571
10554,2018-11-08T19:58:05.778500Z,6,s,0.376,0.002103
10555,2018-11-08T19:59:17.386000Z,22,p,0.376,0.002253
10556,2018-11-08T19:59:42.662500Z,4,p,0.556,0.006069
10557,2018-11-08T19:59:42.765500Z,4,s,0.792,0.006069
10558,2018-11-08T20:00:28.885500Z,2,p,0.34,0.001918
10559,2018-11-08T20:00:31.453500Z,23,s,0.439,0.002145
10560,2018-11-08T20:01:12.922500Z,20,s,0.753,0.002656
10561,2018-11-08T20:01:17.920500Z,23,p,0.629,0.007322
10562,2018-11-08T20:01:17.950000Z,24,s,0.718,0.00529
10563,2018-11-08T20:01:17.957500Z,23,s,0.738,0.007322
10564,2018-11-08T20:01:17.965500Z,22,s,0.493,0.004708
10565,2018-11-08T20:01:42.691500Z,20,p,0.7,0.002149
10566,2018-11-08T20:01:42.890500Z,20,s,0.511,0.002149
10567,2018-11-08T20:01:53.192500Z,5,s,0.746,0.002001
10568,2018-11-08T20:02:50.873500Z,11,s,0.388,0.004086
10569,2018-11-08T20:03:22.960500Z,24,s,0.321,0.006624
10570,2018-11-08T20:03:38.761000Z,5,s,0.84,0.004093
10571,2018-11-08T20:04:10.105500Z,24,p,0.984,0.5666
10572,2018-11-08T20:04:10.111500Z,23,p,0.984,0.714
10573,2018-11-08T20:04:10.117000Z,22,p,0.983,0.41
10574,2018-11-08T20:04:10.121500Z,21,p,0.975,0.37
10575,2018-11-08T20:04:10.127500Z,20,p,0.982,0.2646
10576,2018-11-08T20:04:10.133500Z,19,p,0.976,0.244
10577,2018-11-08T20:04:10.139500Z,18,p,0.987,0.194
10578,2018-11-08T20:04:10.145500Z,17,p,0.984,0.2017
10579,2018-11-08T20:04:10.150000Z,16,p,0.985,0.1519
10580,2018-11-08T20:04:10.154500Z,24,s,0.928,0.2018
10581,2018-11-08T20:04:10.156000Z,15,p,0.985,0.06035
10582,2018-11-08T20:04:10.162000Z,14,p,0.983,0.04769
10583,2018-11-08T20:04:10.166000Z,23,s,0.962,0.161
10584,2018-11-08T20:04:10.169000Z,13,p,0.985,0.08106
10585,2018-11-08T20:04:10.174000Z,12,p,0.982,0.07714
10586,2018-11-08T20:04:10.174000Z,22,s,0.95,0.09993
10587,2018-11-08T20:04:10.179500Z,11,p,0.986,0.04597
10588,2018-11-08T20:04:10.182500Z,21,s,0.951,0.06771
10589,2018-11-08T20:04:10.185500Z,10,p,0.986,0.04074
10590,2018-11-08T20:04:10.191000Z,9,p,0.984,0.03281
10591,2018-11-08T20:04:10.197000Z,20,s,0.758,0.04799
10592,2018-11-08T20:04:10.197500Z,8,p,0.985,0.03887
10593,2018-11-08T20:04:10.202000Z,19,s,0.882,0.06207
10594,2018-11-08T20:04:10.203000Z,7,p,0.981,0.02375
10595,2018-11-08T20:04:10.208000Z,6,p,0.981,0.02195
10596,2018-11-08T20:04:10.213000Z,18,s,0.947,0.06015
10597,2018-11-08T20:04:10.213500Z,5,p,0.984,0.01866
10598,2018-11-08T20:04:10.219500Z,4,p,0.98,0.02383
10599,2018-11-08T20:04:10.220500Z,17,s,0.8,0.04332
10600,2018-11-08T20:04:10.225500Z,3,p,0.983,0.01507
10601,2018-11-08T20:04:10.231000Z,2,p,0.981,0.01502
10602,2018-11-08T20:04:10.235500Z,1,p,0.975,0.009149
10603,2018-11-08T20:04:10.239500Z,15,s,0.51,0.0229
10604,2018-11-08T20:04:10.244500Z,16,s,0.709,0.08087
10605,2018-11-08T20:04:10.262500Z,14,s,0.624,0.02776
10606,2018-11-08T20:04:10.272500Z,13,s,0.608,0.02229
10607,2018-11-08T20:04:10.274500Z,12,s,0.824,0.02847
10608,2018-11-08T20:04:10.289000Z,11,s,0.842,0.0238
10609,2018-11-08T20:04:10.296000Z,10,s,0.86,0.0172
10610,2018-11-08T20:04:10.305000Z,9,s,0.807,0.02184
10611,2018-11-08T20:04:10.316000Z,8,s,0.84,0.02104
10612,2018-11-08T20:04:10.322500Z,7,s,0.896,0.01736
10613,2018-11-08T20:04:10.331000Z,6,s,0.863,0.01148
10614,2018-11-08T20:04:10.341000Z,5,s,0.902,0.01132
10615,2018-11-08T20:04:10.350500Z,4,s,0.83,0.01695
10616,2018-11-08T20:04:10.358000Z,3,s,0.746,0.01214
10617,2018-11-08T20:04:10.368500Z,2,s,0.826,0.01175
10618,2018-11-08T20:04:10.380000Z,1,s,0.788,0.006416
10619,2018-11-08T20:04:45.748000Z,23,s,0.321,0.001788
10620,2018-11-08T20:04:57.669000Z,20,s,0.518,0.001804
10621,2018-11-08T20:05:02.492000Z,22,p,0.555,0.002132
10622,2018-11-08T20:05:06.974500Z,6,p,0.576,0.002457
10623,2018-11-08T20:06:37.514000Z,1,s,0.592,0.002217
10624,2018-11-08T20:07:13.098000Z,24,p,0.724,0.005455
10625,2018-11-08T20:07:13.106000Z,23,p,0.778,0.009167
10626,2018-11-08T20:07:13.108000Z,22,p,0.407,0.007328
10627,2018-11-08T20:07:13.120000Z,20,p,0.946,0.002669
10628,2018-11-08T20:07:13.167500Z,24,s,0.492,0.003209
10629,2018-11-08T20:07:13.175000Z,23,s,0.73,0.002975
10630,2018-11-08T20:07:13.208000Z,20,s,0.77,0.001676
10631,2018-11-08T20:07:20.380500Z,20,p,0.454,0.002335
10632,2018-11-08T20:07:20.526000Z,20,s,0.55,0.002335
10633,2018-11-08T20:07:22.375500Z,24,p,0.978,0.0065
10634,2018-11-08T20:07:22.382000Z,23,p,0.968,0.01122
10635,2018-11-08T20:07:22.387500Z,22,p,0.913,0.01154
10636,2018-11-08T20:07:22.394000Z,21,p,0.86,0.007975
10637,2018-11-08T20:07:22.399000Z,20,p,0.929,0.004884
10638,2018-11-08T20:07:22.407000Z,19,p,0.909,0.003883
10639,2018-11-08T20:07:22.412000Z,18,p,0.762,0.00271
10640,2018-11-08T20:07:22.415500Z,16,p,0.769,0.002052
10641,2018-11-08T20:07:22.417500Z,17,p,0.9,0.002292
10642,2018-11-08T20:07:22.440000Z,24,s,0.896,0.0065
10643,2018-11-08T20:07:22.450000Z,23,s,0.917,0.01122
10644,2018-11-08T20:07:22.460500Z,22,s,0.813,0.01154
10645,2018-11-08T20:07:22.469500Z,21,s,0.845,0.007975
10646,2018-11-08T20:07:22.481000Z,20,s,0.946,0.004884
10647,2018-11-08T20:07:22.489000Z,19,s,0.918,0.003883
10648,2018-11-08T20:07:22.500500Z,18,s,0.78,0.00271
10649,2018-11-08T20:07:22.501500Z,4,p,0.757,0.001666
10650,2018-11-08T20:07:22.508500Z,17,s,0.805,0.002292
10651,2018-11-08T20:07:22.519500Z,16,s,0.794,0.002052
10652,2018-11-08T20:07:22.552500Z,13,s,0.427,0.001709
10653,2018-11-08T20:07:22.560500Z,12,s,0.429,0.001967
10654,2018-11-08T20:07:22.576500Z,11,s,0.517,0.001672
10655,2018-11-08T20:07:22.644500Z,4,s,0.584,0.001597
10656,2018-11-08T20:08:25.187500Z,2,s,0.413,0.006508
10657,2018-11-08T20:08:25.252500Z,5,p,0.448,0.002885
10658,2018-11-08T20:08:38.684500Z,5,p,0.428,0.002551
10659,2018-11-08T20:08:38.781000Z,5,s,0.767,0.002551
10660,2018-11-08T20:09:00.335500Z,20,p,0.547,0.00207
10661,2018-11-08T20:09:00.521000Z,20,s,0.652,0.00207
10662,2018-11-08T20:09:03.101500Z,20,s,0.718,0.002991
10663,2018-11-08T20:09:54.430500Z,14,p,0.38,0.002442
10664,2018-11-08T20:10:08.830000Z,24,s,0.687,0.005116
10665,2018-11-08T20:11:04.404500Z,11,s,0.392,0.003947
10666,2018-11-08T20:11:56.769500Z,1,s,0.665,0.001492
10667,2018-11-08T20:14:22.464000Z,21,p,0.392,0.003779
10668,2018-11-08T20:14:22.519500Z,24,p,0.687,0.008803
10669,2018-11-08T20:14:22.526500Z,23,p,0.842,0.005731
10670,2018-11-08T20:14:22.532000Z,22,p,0.641,0.003669
10671,2018-11-08T20:14:22.577500Z,24,s,0.944,0.008803
10672,2018-11-08T20:14:22.584500Z,23,s,0.939,0.005731
10673,2018-11-08T20:14:22.592000Z,22,s,0.918,0.003669
10674,2018-11-08T20:14:22.600500Z,21,s,0.683,0.003779
10675,2018-11-08T20:14:22.609000Z,20,s,0.779,0.002458
10676,2018-11-08T20:14:22.616500Z,19,s,0.477,0.001665
10677,2018-11-08T20:15:01.085000Z,20,s,0.685,0.003165
10678,2018-11-08T20:15:19.786000Z,1,p,0.394,0.00154
10679,2018-11-08T20:15:56.630500Z,16,s,0.455,0.002867
10680,2018-11-08T20:16:33.922500Z,4,p,0.385,0.001564
10681,2018-11-08T20:16:39.804500Z,24,p,0.318,0.004845
10682,2018-11-08T20:16:39.908000Z,24,s,0.36,0.004845
10683,2018-11-08T20:19:16.794000Z,20,s,0.762,0.002293
10684,2018-11-08T20:19:43.087500Z,11,p,0.405,0.003567
10685,2018-11-08T20:19:43.186000Z,11,s,0.481,0.003567
10686,2018-11-08T20:20:11.978500Z,23,s,0.554,0.002518
10687,2018-11-08T20:20:28.836000Z,22,s,0.394,0.002134
10688,2018-11-08T20:22:20.684500Z,22,s,0.428,0.002693
10689,2018-11-08T20:22:21.717500Z,1,s,0.746,0.002365
10690,2018-11-08T20:22:46.249500Z,20,p,0.303,0.003348
10691,2018-11-08T20:22:46.421500Z,20,s,0.826,0.003348
10692,2018-11-08T20:22:46.780000Z,5,s,0.633,0.002579
10693,2018-11-08T20:23:06.172500Z,24,p,0.555,0.005279
10694,2018-11-08T20:23:06.268500Z,24,s,0.804,0.005279
10695,2018-11-08T20:23:35.042000Z,5,s,0.653,0.001801
10696,2018-11-08T20:23:49.325500Z,20,p,0.381,0.002007
10697,2018-11-08T20:23:49.423000Z,20,s,0.502,0.002007
10698,2018-11-08T20:24:00.049500Z,24,s,0.499,0.003055
10699,2018-11-08T20:24:00.056500Z,23,s,0.773,0.002576
10700,2018-11-08T20:24:16.268000Z,23,s,0.779,0.002961
10701,2018-11-08T20:25:23.452500Z,19,s,0.466,0.005635
10702,2018-11-08T20:25:40.295000Z,12,s,0.316,0.005406
10703,2018-11-08T20:25:43.301500Z,20,s,0.542,0.001813
10704,2018-11-08T20:25:52.058000Z,16,p,0.66,0.007704
10705,2018-11-08T20:26:22.432500Z,24,s,0.677,0.003092
10706,2018-11-08T20:26:22.441000Z,23,s,0.863,0.002672
10707,2018-11-08T20:27:17.397500Z,22,s,0.671,0.003094
10708,2018-11-08T20:27:24.399000Z,20,s,0.646,0.001709
10709,2018-11-08T20:27:33.565500Z,2,s,0.469,0.002751
10710,2018-11-08T20:27:34.752500Z,16,s,0.495,0.006209
10711,2018-11-08T20:27:38.314000Z,23,s,0.728,0.002422
10712,2018-11-08T20:27:47.278500Z,7,p,0.42,0.00178
10713,2018-11-08T20:27:48.981000Z,1,p,0.404,0.001972
10714,2018-11-08T20:28:13.224500Z,11,s,0.498,0.003975
10715,2018-11-08T20:28:36.679500Z,5,p,0.441,0.00246
10716,2018-11-08T20:28:36.804000Z,5,s,0.837,0.00246
10717,2018-11-08T20:28:46.856500Z,20,s,0.822,0.00278
10718,2018-11-08T20:29:14.328000Z,20,s,0.38,0.002035
10719,2018-11-08T20:29:31.148500Z,19,p,0.494,0.003841
10720,2018-11-08T20:29:31.250000Z,19,s,0.685,0.003841
10721,2018-11-08T20:29:52.444500Z,24,s,0.818,0.005175
10722,2018-11-08T20:30:13.932500Z,1,p,0.402,0.001525
10723,2018-11-08T20:30:21.313500Z,16,s,0.482,0.001627
10724,2018-11-08T20:30:59.724000Z,20,p,0.708,0.002403
10725,2018-11-08T20:30:59.908500Z,20,s,0.62,0.002403
10726,2018-11-08T20:31:00.780500Z,7,p,0.601,0.05938
10727,2018-11-08T20:31:00.816000Z,7,s,0.599,0.01805
10728,2018-11-08T20:31:53.755500Z,23,s,0.719,0.002198
10729,2018-11-08T20:32:09.510000Z,24,p,0.69,0.001581
10730,2018-11-08T20:32:09.562000Z,24,p,0.345,0.01122
10731,2018-11-08T20:32:09.568000Z,23,p,0.85,0.007989
10732,2018-11-08T20:32:09.571500Z,22,p,0.768,0.005748
10733,2018-11-08T20:32:09.576000Z,21,p,0.852,0.005266
10734,2018-11-08T20:32:09.580500Z,20,p,0.466,0.003375
10735,2018-11-08T20:32:09.617000Z,24,s,0.959,0.01122
10736,2018-11-08T20:32:09.623500Z,23,s,0.961,0.007989
10737,2018-11-08T20:32:09.631000Z,22,s,0.94,0.005748
10738,2018-11-08T20:32:09.639000Z,21,s,0.926,0.005266
10739,2018-11-08T20:32:09.647000Z,20,s,0.815,0.003375
10740,2018-11-08T20:32:09.653500Z,19,s,0.682,0.002369
10741,2018-11-08T20:32:24.758500Z,4,s,0.704,0.00605
10742,2018-11-08T20:32:29.564500Z,17,s,0.494,0.00186
10743,2018-11-08T20:33:06.302500Z,24,p,0.643,0.005208
10744,2018-11-08T20:33:06.393000Z,24,s,0.806,0.005208
10745,2018-11-08T20:33:06.400500Z,23,s,0.51,0.003972
10746,2018-11-08T20:33:22.785500Z,20,p,0.875,1.391
10747,2018-11-08T20:33:22.790000Z,21,p,0.954,0.5245
10748,2018-11-08T20:33:22.798000Z,19,p,0.974,0.03651
10749,2018-11-08T20:33:22.799500Z,20,s,0.659,1.391
10750,2018-11-08T20:33:22.804000Z,21,s,0.943,0.5245
10751,2018-11-08T20:33:22.812000Z,22,p,0.831,0.08141
10752,2018-11-08T20:33:22.815000Z,18,p,0.879,0.02851
10753,2018-11-08T20:33:22.818000Z,19,s,0.736,0.03651
10754,2018-11-08T20:33:22.824000Z,23,p,0.96,0.02817
10755,2018-11-08T20:33:22.834500Z,22,s,0.768,0.07705
10756,2018-11-08T20:33:22.839000Z,18,s,0.952,0.02851
10757,2018-11-08T20:33:22.851000Z,23,s,0.906,0.02817
10758,2018-11-08T20:33:22.853000Z,17,p,0.408,0.01224
10759,2018-11-08T20:33:22.858500Z,17,s,0.639,0.01224
10760,2018-11-08T20:33:22.859500Z,24,p,0.362,0.04141
10761,2018-11-08T20:33:22.870000Z,24,s,0.923,0.04141
10762,2018-11-08T20:33:22.872500Z,16,s,0.669,0.006794
10763,2018-11-08T20:33:22.940500Z,13,s,0.879,0.01269
10764,2018-11-08T20:33:22.961500Z,12,s,0.505,0.008653
10765,2018-11-08T20:33:22.981500Z,11,s,0.34,0.004095
10766,2018-11-08T20:33:23.045500Z,8,s,0.348,0.002044
10767,2018-11-08T20:33:51.527000Z,20,p,0.97,0.008967
10768,2018-11-08T20:33:51.765000Z,20,s,0.889,0.008967
10769,2018-11-08T20:33:52.051500Z,8,s,0.691,0.002376
10770,2018-11-08T20:33:53.302500Z,20,s,0.678,0.005395
10771,2018-11-08T20:33:55.393500Z,20,p,0.486,0.005967
10772,2018-11-08T20:33:55.401500Z,20,s,0.382,0.004632
10773,2018-11-08T20:34:09.063000Z,20,s,0.606,0.001991
10774,2018-11-08T20:34:14.997500Z,17,s,0.37,0.001549
10775,2018-11-08T20:34:37.790000Z,24,p,0.584,0.03185
10776,2018-11-08T20:34:37.795000Z,23,p,0.962,0.02968
10777,2018-11-08T20:34:37.800000Z,22,p,0.822,0.01682
10778,2018-11-08T20:34:37.805500Z,21,p,0.969,0.01626
10779,2018-11-08T20:34:37.811500Z,20,p,0.964,0.006611
10780,2018-11-08T20:34:37.816500Z,19,p,0.888,0.005482
10781,2018-11-08T20:34:37.827500Z,17,p,0.938,0.004793
10782,2018-11-08T20:34:37.831500Z,24,s,0.947,0.03185
10783,2018-11-08T20:34:37.834000Z,16,p,0.725,0.005287
10784,2018-11-08T20:34:37.838000Z,23,s,0.965,0.02968
10785,2018-11-08T20:34:37.843500Z,14,p,0.744,0.004333
10786,2018-11-08T20:34:37.846000Z,22,s,0.966,0.01682
10787,2018-11-08T20:34:37.851500Z,13,p,0.894,0.00493
10788,2018-11-08T20:34:37.854000Z,21,s,0.963,0.01626
10789,2018-11-08T20:34:37.858000Z,12,p,0.418,0.002339
10790,2018-11-08T20:34:37.863500Z,20,s,0.957,0.006611
10791,2018-11-08T20:34:37.871000Z,19,s,0.915,0.005482
10792,2018-11-08T20:34:37.878500Z,8,p,0.347,0.001514
10793,2018-11-08T20:34:37.882000Z,18,s,0.659,0.004113
10794,2018-11-08T20:34:37.890500Z,17,s,0.934,0.004793
10795,2018-11-08T20:34:37.901500Z,16,s,0.883,0.005287
10796,2018-11-08T20:34:37.920000Z,14,s,0.888,0.004333
10797,2018-11-08T20:34:37.930000Z,13,s,0.909,0.00493
10798,2018-11-08T20:34:37.939500Z,12,s,0.501,0.002339
10799,2018-11-08T20:34:37.978500Z,8,s,0.715,0.001514
10800,2018-11-08T20:34:38.016500Z,4,s,0.648,0.001702
10801,2018-11-08T20:34:38.024000Z,3,s,0.671,0.001554
10802,2018-11-08T20:34:49.745500Z,23,p,0.825,0.01401
10803,2018-11-08T20:34:49.762000Z,20,p,0.713,0.003241
10804,2018-11-08T20:34:49.782000Z,24,s,0.952,0.01348
10805,2018-11-08T20:34:49.789500Z,23,s,0.964,0.01401
10806,2018-11-08T20:34:49.797000Z,22,s,0.893,0.007335
10807,2018-11-08T20:34:49.816000Z,20,s,0.806,0.003241
10808,2018-11-08T20:34:49.822000Z,19,s,0.38,0.002229
10809,2018-11-08T20:34:49.843500Z,17,s,0.368,0.002033
10810,2018-11-08T20:34:49.881500Z,13,s,0.403,0.002027
10811,2018-11-08T20:35:00.405500Z,5,s,0.786,0.002975
10812,2018-11-08T20:35:40.412000Z,20,s,0.371,0.001829
10813,2018-11-08T20:35:43.674500Z,20,p,0.952,0.03205
10814,2018-11-08T20:35:43.680000Z,21,s,0.773,0.02001
10815,2018-11-08T20:36:02.876500Z,11,s,0.678,0.004192
10816,2018-11-08T20:36:26.414000Z,24,s,0.455,0.006025
10817,2018-11-08T20:36:40.292000Z,20,p,0.511,0.002812
10818,2018-11-08T20:36:40.456500Z,20,s,0.685,0.002812
10819,2018-11-08T20:37:09.550000Z,20,s,0.566,0.001878
10820,2018-11-08T20:37:47.163500Z,1,s,0.73,0.002618
10821,2018-11-08T20:38:32.318000Z,21,p,0.534,0.002876
10822,2018-11-08T20:38:32.433000Z,19,p,0.831,0.3547
10823,2018-11-08T20:38:32.440000Z,20,p,0.411,0.004824
10824,2018-11-08T20:38:32.444500Z,20,s,0.476,0.003881
10825,2018-11-08T20:38:32.453500Z,18,s,0.473,0.003563
10826,2018-11-08T20:38:32.467000Z,21,s,0.83,0.002876
10827,2018-11-08T20:38:32.485000Z,22,s,0.839,0.004408
10828,2018-11-08T20:38:32.508500Z,23,s,0.828,0.002542
10829,2018-11-08T20:38:32.526000Z,24,s,0.879,0.007853
10830,2018-11-08T20:38:32.564000Z,13,s,0.741,0.003353
10831,2018-11-08T20:41:00.160500Z,20,s,0.473,0.001841
10832,2018-11-08T20:41:08.510500Z,20,p,0.645,0.02159
10833,2018-11-08T20:41:08.514000Z,20,s,0.314,0.02159
10834,2018-11-08T20:41:08.516000Z,21,p,0.704,0.01476
10835,2018-11-08T20:41:16.701000Z,20,p,0.641,0.02108
10836,2018-11-08T20:41:16.703500Z,20,s,0.325,0.02108
10837,2018-11-08T20:42:09.398000Z,23,p,0.574,0.003354
10838,2018-11-08T20:42:09.401500Z,22,p,0.512,0.002282
10839,2018-11-08T20:42:09.469500Z,23,s,0.509,0.003202
10840,2018-11-08T20:42:09.548000Z,22,s,0.541,0.002254
10841,2018-11-08T20:42:50.731500Z,18,s,0.337,0.003216
10842,2018-11-08T20:43:37.822500Z,12,s,0.78,0.006176
10843,2018-11-08T20:43:46.333500Z,23,s,0.401,0.002163
10844,2018-11-08T20:43:56.110500Z,24,p,0.828,0.01569
10845,2018-11-08T20:43:56.114000Z,23,p,0.544,0.01061
10846,2018-11-08T20:43:56.117500Z,22,p,0.529,0.004964
10847,2018-11-08T20:43:56.182000Z,24,s,0.954,0.01569
10848,2018-11-08T20:43:56.190500Z,23,s,0.955,0.01061
10849,2018-11-08T20:43:56.198500Z,22,s,0.915,0.004964
10850,2018-11-08T20:43:56.206500Z,21,s,0.65,0.004148
10851,2018-11-08T20:43:56.217500Z,20,s,0.872,0.004873
10852,2018-11-08T20:43:56.224500Z,19,s,0.88,0.003413
10853,2018-11-08T20:43:56.232500Z,18,s,0.542,0.00235
10854,2018-11-08T20:43:56.242000Z,17,s,0.807,0.002487
10855,2018-11-08T20:44:18.213500Z,14,p,0.387,0.001906
10856,2018-11-08T20:44:23.046000Z,11,s,0.809,0.004482
10857,2018-11-08T20:44:38.965500Z,12,p,0.329,0.002223
10858,2018-11-08T20:45:18.618500Z,2,p,0.553,0.001579
10859,2018-11-08T20:45:57.089500Z,2,s,0.33,0.002254
10860,2018-11-08T20:46:21.377500Z,22,s,0.498,0.002351
10861,2018-11-08T20:46:31.723500Z,20,s,0.316,0.001952
10862,2018-11-08T20:49:19.184000Z,23,s,0.863,0.01459
10863,2018-11-08T20:49:44.688000Z,3,p,0.692,0.004356
10864,2018-11-08T20:49:44.727500Z,3,s,0.744,0.004356
10865,2018-11-08T20:50:26.545500Z,20,p,0.388,0.003099
10866,2018-11-08T20:50:26.652000Z,20,s,0.81,0.003099
10867,2018-11-08T20:50:28.664500Z,5,s,0.754,0.002663
10868,2018-11-08T20:51:57.386000Z,20,p,0.533,0.002196
10869,2018-11-08T20:51:57.511000Z,20,s,0.621,0.002196
10870,2018-11-08T20:52:16.924000Z,11,s,0.428,0.003577
10871,2018-11-08T20:53:10.085500Z,22,s,0.447,0.002374
10872,2018-11-08T20:53:42.068000Z,1,s,0.543,0.002499
10873,2018-11-08T20:53:48.839000Z,18,s,0.413,0.005688
10874,2018-11-08T20:55:17.372500Z,20,p,0.31,0.0019
10875,2018-11-08T20:55:31.971500Z,17,s,0.336,0.002064
10876,2018-11-08T20:55:49.710000Z,2,s,0.308,0.003086
10877,2018-11-08T20:56:17.106000Z,20,p,0.451,0.002628
10878,2018-11-08T20:56:17.196000Z,20,s,0.808,0.002628
10879,2018-11-08T20:56:57.006500Z,17,s,0.542,0.002397
10880,2018-11-08T20:57:08.536500Z,17,s,0.482,0.00185
10881,2018-11-08T20:58:01.864500Z,5,s,0.728,0.002616
10882,2018-11-08T20:58:02.748500Z,17,s,0.488,0.001742
10883,2018-11-08T20:59:02.986500Z,20,s,0.651,0.002099
10884,2018-11-08T21:00:21.500500Z,11,s,0.784,0.003958
10885,2018-11-08T21:00:36.020500Z,20,p,0.608,0.001961
10886,2018-11-08T21:00:36.268000Z,20,s,0.561,0.001961
10887,2018-11-08T21:00:45.262000Z,2,s,0.336,0.003073
10888,2018-11-08T21:01:23.565500Z,19,s,0.52,0.004025
10889,2018-11-08T21:02:22.564000Z,24,p,0.975,0.00728
10890,2018-11-08T21:02:22.569500Z,23,p,0.977,0.01484
10891,2018-11-08T21:02:22.575000Z,22,p,0.931,0.007081
10892,2018-11-08T21:02:22.582000Z,21,p,0.75,0.004725
10893,2018-11-08T21:02:22.586000Z,20,p,0.636,0.002957
10894,2018-11-08T21:02:22.593500Z,19,p,0.663,0.002364
10895,2018-11-08T21:02:22.609000Z,24,s,0.953,0.006529
10896,2018-11-08T21:02:22.612000Z,16,p,0.875,0.002259
10897,2018-11-08T21:02:22.618500Z,23,s,0.956,0.01039
10898,2018-11-08T21:02:22.627500Z,22,s,0.839,0.003815
10899,2018-11-08T21:02:22.636500Z,21,s,0.753,0.002108
10900,2018-11-08T21:02:22.641500Z,20,s,0.337,0.002378
10901,2018-11-08T21:02:22.653500Z,19,s,0.723,0.001721
10902,2018-11-08T21:02:22.665500Z,17,s,0.385,0.00151
10903,2018-11-08T21:02:22.694000Z,16,s,0.634,0.001604
10904,2018-11-08T21:03:28.173500Z,20,p,0.315,0.002135
10905,2018-11-08T21:03:28.317000Z,20,s,0.845,0.002135
10906,2018-11-08T21:03:29.506500Z,10,s,0.544,0.001611
10907,2018-11-08T21:03:34.009500Z,23,s,0.368,0.001883
10908,2018-11-08T21:03:45.223500Z,6,p,0.957,0.01207
10909,2018-11-08T21:03:45.245500Z,6,s,0.8,0.009031
10910,2018-11-08T21:03:55.829500Z,5,s,0.79,0.003701
10911,2018-11-08T21:04:01.173500Z,11,p,0.304,0.001407
10912,2018-11-08T21:04:01.186000Z,24,p,0.984,0.05843
10913,2018-11-08T21:04:01.190000Z,23,p,0.977,0.07206
10914,2018-11-08T21:04:01.194000Z,22,p,0.982,0.08679
10915,2018-11-08T21:04:01.200000Z,21,p,0.98,0.06259
10916,2018-11-08T21:04:01.205500Z,20,p,0.983,0.02087
10917,2018-11-08T21:04:01.211000Z,19,p,0.981,0.0133
10918,2018-11-08T21:04:01.216000Z,18,p,0.975,0.01222
10919,2018-11-08T21:04:01.221500Z,17,p,0.974,0.01395
10920,2018-11-08T21:04:01.227500Z,16,p,0.983,0.009856
10921,2018-11-08T21:04:01.228500Z,24,s,0.964,0.05843
10922,2018-11-08T21:04:01.231500Z,15,p,0.95,0.006172
10923,2018-11-08T21:04:01.235000Z,23,s,0.938,0.07206
10924,2018-11-08T21:04:01.237500Z,14,p,0.968,0.006701
10925,2018-11-08T21:04:01.242500Z,22,s,0.953,0.08679
10926,2018-11-08T21:04:01.244000Z,13,p,0.941,0.005625
10927,2018-11-08T21:04:01.250000Z,9,p,0.411,0.00296
10928,2018-11-08T21:04:01.250500Z,21,s,0.936,0.06259
10929,2018-11-08T21:04:01.251000Z,12,p,0.965,0.003618
10930,2018-11-08T21:04:01.252500Z,11,p,0.551,0.003678
10931,2018-11-08T21:04:01.259500Z,10,p,0.846,0.003576
10932,2018-11-08T21:04:01.260500Z,20,s,0.943,0.02087
10933,2018-11-08T21:04:01.266500Z,19,s,0.952,0.0133
10934,2018-11-08T21:04:01.271500Z,8,p,0.921,0.003511
10935,2018-11-08T21:04:01.277500Z,18,s,0.963,0.01222
10936,2018-11-08T21:04:01.278000Z,6,p,0.452,0.002462
10937,2018-11-08T21:04:01.278500Z,7,p,0.312,0.002731
10938,2018-11-08T21:04:01.286500Z,17,s,0.949,0.01395
10939,2018-11-08T21:04:01.294500Z,4,p,0.474,0.002638
10940,2018-11-08T21:04:01.296500Z,16,s,0.889,0.009856
10941,2018-11-08T21:04:01.305000Z,15,s,0.942,0.006172
10942,2018-11-08T21:04:01.313500Z,1,p,0.474,0.001843
10943,2018-11-08T21:04:01.315500Z,14,s,0.948,0.006701
10944,2018-11-08T21:04:01.324500Z,2,p,0.315,0.001872
10945,2018-11-08T21:04:01.324500Z,13,s,0.891,0.005625
10946,2018-11-08T21:04:01.334500Z,12,s,0.931,0.003076
10947,2018-11-08T21:04:01.343000Z,11,s,0.85,0.003678
10948,2018-11-08T21:04:01.352500Z,10,s,0.858,0.003576
10949,2018-11-08T21:04:01.362000Z,9,s,0.86,0.00296
10950,2018-11-08T21:04:01.369000Z,8,s,0.903,0.003511
10951,2018-11-08T21:04:01.378500Z,7,s,0.821,0.002731
10952,2018-11-08T21:04:01.389000Z,6,s,0.75,0.002462
10953,2018-11-08T21:04:01.399000Z,5,s,0.848,0.002127
10954,2018-11-08T21:04:01.404500Z,4,s,0.783,0.002638
10955,2018-11-08T21:04:01.416000Z,3,s,0.821,0.002047
10956,2018-11-08T21:04:01.428500Z,2,s,0.832,0.001599
10957,2018-11-08T21:04:01.441000Z,1,s,0.82,0.001843
10958,2018-11-08T21:04:03.831500Z,20,p,0.392,0.002967
10959,2018-11-08T21:04:03.961000Z,20,s,0.835,0.003199
10960,2018-11-08T21:04:04.148000Z,20,p,0.771,0.003199
10961,2018-11-08T21:04:14.323500Z,24,s,0.443,0.006778
10962,2018-11-08T21:04:53.114000Z,22,s,0.407,0.002938
10963,2018-11-08T21:05:10.145500Z,6,s,0.336,0.002437
10964,2018-11-08T21:05:15.653500Z,23,s,0.459,0.002279
10965,2018-11-08T21:05:48.114000Z,5,p,0.701,0.007901
10966,2018-11-08T21:05:48.225000Z,5,s,0.717,0.007901
10967,2018-11-08T21:06:12.416500Z,17,s,0.53,0.002531
10968,2018-11-08T21:07:15.485500Z,20,s,0.578,0.001962
10969,2018-11-08T21:07:20.489500Z,23,s,0.466,0.00243
10970,2018-11-08T21:07:42.672500Z,4,s,0.368,0.006603
10971,2018-11-08T21:07:59.736000Z,11,p,0.542,0.003245
10972,2018-11-08T21:07:59.855500Z,11,s,0.788,0.003245
10973,2018-11-08T21:08:30.889500Z,20,s,0.369,0.001662
10974,2018-11-08T21:09:27.169000Z,1,s,0.689,0.002295
10975,2018-11-08T21:09:30.925500Z,15,p,0.318,0.009419
10976,2018-11-08T21:09:30.947500Z,15,s,0.66,0.009419
10977,2018-11-08T21:09:40.365500Z,2,s,0.706,0.002318
10978,2018-11-08T21:09:50.662500Z,17,p,0.393,0.004722
10979,2018-11-08T21:09:50.751000Z,17,s,0.877,0.004722
10980,2018-11-08T21:10:03.326000Z,20,s,0.776,0.003558
10981,2018-11-08T21:10:13.132000Z,9,s,0.751,0.00224
10982,2018-11-08T21:10:24.877000Z,24,p,0.913,0.003505
10983,2018-11-08T21:10:24.878000Z,23,p,0.916,0.004486
10984,2018-11-08T21:10:24.886000Z,22,p,0.354,0.002963
10985,2018-11-08T21:10:24.940500Z,24,s,0.86,0.003505
10986,2018-11-08T21:10:24.950000Z,23,s,0.878,0.004486
10987,2018-11-08T21:10:24.957000Z,22,s,0.624,0.002337
10988,2018-11-08T21:10:24.984000Z,20,s,0.543,0.001964
10989,2018-11-08T21:11:09.852500Z,17,p,0.806,0.001799
10990,2018-11-08T21:11:54.557500Z,24,p,0.979,0.01662
10991,2018-11-08T21:11:54.563000Z,23,p,0.977,0.02424
10992,2018-11-08T21:11:54.567500Z,22,p,0.976,0.01939
10993,2018-11-08T21:11:54.572000Z,21,p,0.975,0.01418
10994,2018-11-08T21:11:54.577500Z,20,p,0.979,0.0075
10995,2018-11-08T21:11:54.581500Z,19,p,0.978,0.00996
10996,2018-11-08T21:11:54.588000Z,18,p,0.965,0.01475
10997,2018-11-08T21:11:54.591500Z,17,p,0.963,0.00498
10998,2018-11-08T21:11:54.598000Z,16,p,0.97,0.006898
10999,2018-11-08T21:11:54.603000Z,15,p,0.965,0.005006
11000,2018-11-08T21:11:54.609000Z,14,p,0.928,0.004947
11001,2018-11-08T21:11:54.615500Z,13,p,0.956,0.004907
11002,2018-11-08T21:11:54.621500Z,24,s,0.958,0.01662
11003,2018-11-08T21:11:54.621500Z,12,p,0.969,0.006003
11004,2018-11-08T21:11:54.625500Z,11,p,0.97,0.003264
11005,2018-11-08T21:11:54.629500Z,10,s,0.73,0.003619
11006,2018-11-08T21:11:54.629500Z,23,s,0.966,0.01712
11007,2018-11-08T21:11:54.637000Z,22,s,0.961,0.01025
11008,2018-11-08T21:11:54.641500Z,8,p,0.887,0.003139
11009,2018-11-08T21:11:54.644500Z,21,s,0.926,0.006974
11010,2018-11-08T21:11:54.653500Z,20,s,0.917,0.006943
11011,2018-11-08T21:11:54.660500Z,19,s,0.934,0.003745
11012,2018-11-08T21:11:54.663000Z,4,p,0.48,0.001962
11013,2018-11-08T21:11:54.669500Z,18,s,0.913,0.01001
11014,2018-11-08T21:11:54.677500Z,17,s,0.869,0.002988
11015,2018-11-08T21:11:54.690000Z,16,s,0.861,0.004871
11016,2018-11-08T21:11:54.700500Z,15,s,0.845,0.003247
11017,2018-11-08T21:11:54.708000Z,14,s,0.813,0.00333
11018,2018-11-08T21:11:54.721000Z,13,s,0.881,0.002968
11019,2018-11-08T21:11:54.725500Z,12,s,0.705,0.002326
11020,2018-11-08T21:11:54.736000Z,11,s,0.659,0.002551
11021,2018-11-08T21:11:54.765500Z,8,s,0.552,0.001921
11022,2018-11-08T21:12:19.930000Z,24,s,0.502,0.006999
11023,2018-11-08T21:12:21.000500Z,3,s,0.697,0.003948
11024,2018-11-08T21:13:20.881500Z,8,s,0.591,0.00343
11025,2018-11-08T21:13:42.332500Z,9,s,0.655,0.004673
11026,2018-11-08T21:14:22.763500Z,23,s,0.817,0.002988
11027,2018-11-08T21:14:35.255000Z,20,s,0.752,0.00198
11028,2018-11-08T21:15:25.330000Z,5,p,0.423,0.008687
11029,2018-11-08T21:15:25.374000Z,5,s,0.855,0.008687
11030,2018-11-08T21:15:29.104000Z,23,s,0.847,0.009088
11031,2018-11-08T21:15:35.094500Z,5,p,0.467,0.01535
11032,2018-11-08T21:15:35.231000Z,5,s,0.859,0.01535
11033,2018-11-08T21:16:02.144500Z,1,p,0.304,0.002211
11034,2018-11-08T21:16:04.238000Z,3,s,0.585,0.004212
11035,2018-11-08T21:16:07.492000Z,11,s,0.62,0.004299
11036,2018-11-08T21:16:26.175000Z,20,s,0.459,0.002093
11037,2018-11-08T21:17:27.320500Z,5,s,0.425,0.003125
11038,2018-11-08T21:17:49.756000Z,20,s,0.64,0.002909
11039,2018-11-08T21:17:49.945000Z,20,p,0.303,0.002909
11040,2018-11-08T21:18:16.190000Z,5,p,0.412,0.001918
11041,2018-11-08T21:18:42.140500Z,24,s,0.475,0.005092
11042,2018-11-08T21:18:44.413500Z,6,p,0.344,0.001505
11043,2018-11-08T21:19:16.606000Z,22,p,0.71,0.002557
11044,2018-11-08T21:19:16.723000Z,22,s,0.653,0.002557
11045,2018-11-08T21:19:32.760500Z,11,p,0.633,0.004418
11046,2018-11-08T21:20:06.321500Z,12,s,0.302,0.005101
11047,2018-11-08T21:20:20.128500Z,2,s,0.703,0.002717
11048,2018-11-08T21:21:03.661500Z,20,p,0.909,0.04632
11049,2018-11-08T21:21:03.664500Z,21,s,0.444,0.05578
11050,2018-11-08T21:21:03.667500Z,21,p,0.575,0.05578
11051,2018-11-08T21:21:03.675500Z,22,s,0.424,0.007923
11052,2018-11-08T21:21:03.677500Z,22,p,0.333,0.007923
11053,2018-11-08T21:21:03.700500Z,20,s,0.441,0.02132
11054,2018-11-08T21:21:05.126000Z,20,s,0.443,0.007823
11055,2018-11-08T21:21:05.128000Z,20,p,0.309,0.007823
11056,2018-11-08T21:21:13.509500Z,23,s,0.503,0.00315
11057,2018-11-08T21:21:28.620500Z,20,p,0.46,0.002496
11058,2018-11-08T21:21:28.739500Z,20,s,0.572,0.002496
11059,2018-11-08T21:21:30.805000Z,20,s,0.708,0.006771
11060,2018-11-08T21:21:46.703000Z,20,p,0.934,0.02098
11061,2018-11-08T21:21:46.751500Z,20,s,0.497,0.00585
11062,2018-11-08T21:21:47.576500Z,20,p,0.911,0.02131
11063,2018-11-08T21:21:59.194500Z,20,s,0.647,0.002272
11064,2018-11-08T21:23:13.278000Z,11,p,0.493,0.002708
11065,2018-11-08T21:23:13.327500Z,24,p,0.968,0.01423
11066,2018-11-08T21:23:13.333500Z,23,p,0.984,0.01958
11067,2018-11-08T21:23:13.339500Z,22,p,0.976,0.01488
11068,2018-11-08T21:23:13.343500Z,21,p,0.959,0.01539
11069,2018-11-08T21:23:13.349500Z,20,p,0.984,0.008389
11070,2018-11-08T21:23:13.355000Z,19,p,0.978,0.01231
11071,2018-11-08T21:23:13.359500Z,18,p,0.959,0.009912
11072,2018-11-08T21:23:13.366000Z,17,p,0.929,0.005898
11073,2018-11-08T21:23:13.371000Z,16,p,0.956,0.004846
11074,2018-11-08T21:23:13.378000Z,15,p,0.9,0.00358
11075,2018-11-08T21:23:13.383000Z,14,p,0.94,0.002773
11076,2018-11-08T21:23:13.388500Z,24,s,0.945,0.01099
11077,2018-11-08T21:23:13.389000Z,13,p,0.884,0.003876
11078,2018-11-08T21:23:13.393000Z,12,p,0.768,0.005416
11079,2018-11-08T21:23:13.397500Z,23,s,0.967,0.01415
11080,2018-11-08T21:23:13.397500Z,11,s,0.51,0.002708
11081,2018-11-08T21:23:13.403500Z,10,p,0.742,0.002346
11082,2018-11-08T21:23:13.406000Z,22,s,0.946,0.006216
11083,2018-11-08T21:23:13.410000Z,9,p,0.35,0.001701
11084,2018-11-08T21:23:13.414000Z,21,s,0.919,0.004848
11085,2018-11-08T21:23:13.415500Z,8,p,0.795,0.002239
11086,2018-11-08T21:23:13.423000Z,20,s,0.871,0.004477
11087,2018-11-08T21:23:13.431000Z,19,s,0.92,0.003475
11088,2018-11-08T21:23:13.433500Z,17,s,0.451,0.002599
11089,2018-11-08T21:23:13.441000Z,18,s,0.84,0.005029
11090,2018-11-08T21:23:13.458000Z,16,s,0.713,0.002114
11091,2018-11-08T21:23:13.468500Z,15,s,0.563,0.001954
11092,2018-11-08T21:23:13.477500Z,14,s,0.608,0.002773
11093,2018-11-08T21:23:13.486000Z,13,s,0.581,0.001614
11094,2018-11-08T21:23:13.501500Z,12,s,0.496,0.001503
11095,2018-11-08T21:23:13.522500Z,10,s,0.47,0.001381
11096,2018-11-08T21:23:13.541500Z,8,s,0.502,0.001688
11097,2018-11-08T21:23:20.728000Z,20,s,0.53,0.001957
11098,2018-11-08T21:23:42.017000Z,20,s,0.738,0.002908
11099,2018-11-08T21:23:45.824500Z,10,s,0.315,0.003568
11100,2018-11-08T21:24:59.334500Z,22,s,0.594,0.002835
11101,2018-11-08T21:25:03.148000Z,11,s,0.538,0.004045
11102,2018-11-08T21:25:08.249500Z,1,s,0.502,0.00359
11103,2018-11-08T21:25:13.704000Z,23,p,0.633,0.003777
11104,2018-11-08T21:25:13.839500Z,24,p,0.494,0.004465
11105,2018-11-08T21:25:13.950000Z,24,s,0.796,0.004465
11106,2018-11-08T21:25:13.957500Z,23,s,0.783,0.003777
11107,2018-11-08T21:25:13.965500Z,22,s,0.719,0.002334
11108,2018-11-08T21:25:13.981000Z,20,s,0.69,0.002526
11109,2018-11-08T21:25:14.464500Z,24,s,0.511,0.005336
11110,2018-11-08T21:25:34.677000Z,20,s,0.772,0.00219
11111,2018-11-08T21:27:14.618500Z,20,s,0.553,0.001608
11112,2018-11-08T21:29:30.864500Z,23,s,0.492,0.003301
11113,2018-11-08T21:30:20.336500Z,19,s,0.758,0.002042
11114,2018-11-08T21:30:30.143000Z,20,s,0.589,0.001916
11115,2018-11-08T21:30:37.408500Z,22,s,0.412,0.002991
11116,2018-11-08T21:30:56.301500Z,23,s,0.444,0.002515
11117,2018-11-08T21:31:23.564000Z,20,s,0.852,0.00306
11118,2018-11-08T21:31:23.597500Z,24,s,0.589,0.004211
11119,2018-11-08T21:31:23.765500Z,20,p,0.573,0.00306
11120,2018-11-08T21:32:37.895500Z,22,p,0.505,0.002992
11121,2018-11-08T21:32:38.024500Z,22,s,0.671,0.002992
11122,2018-11-08T21:33:04.154000Z,6,s,0.753,0.002824
11123,2018-11-08T21:33:27.172000Z,2,s,0.644,0.002196
11124,2018-11-08T21:33:47.329500Z,19,s,0.381,0.00193
11125,2018-11-08T21:34:17.956000Z,11,p,0.421,0.004499
11126,2018-11-08T21:34:17.992000Z,11,s,0.829,0.004499
11127,2018-11-08T21:34:59.774500Z,19,s,0.665,0.003632
11128,2018-11-08T21:35:12.671500Z,22,s,0.398,0.002052
11129,2018-11-08T21:35:17.070000Z,17,p,0.578,0.001804
11130,2018-11-08T21:35:26.708500Z,5,p,0.518,0.004217
11131,2018-11-08T21:35:26.771000Z,5,s,0.561,0.004217
11132,2018-11-08T21:37:20.993500Z,20,s,0.45,0.002975
11133,2018-11-08T21:37:43.608000Z,14,p,0.382,0.003904
11134,2018-11-08T21:37:51.193000Z,22,p,0.376,0.002351
11135,2018-11-08T21:38:07.593500Z,24,s,0.478,0.005888
11136,2018-11-08T21:39:40.509500Z,13,s,0.365,0.002056
11137,2018-11-08T21:39:46.957500Z,20,s,0.488,0.001976
11138,2018-11-08T21:40:09.572500Z,24,s,0.464,0.002582
11139,2018-11-08T21:40:09.580000Z,23,s,0.501,0.004907
11140,2018-11-08T21:41:02.842000Z,23,s,0.776,0.00251
11141,2018-11-08T21:41:18.276000Z,22,s,0.392,0.002047
11142,2018-11-08T21:41:22.933500Z,17,s,0.663,0.003297
11143,2018-11-08T21:41:56.469500Z,1,s,0.317,0.001844
11144,2018-11-08T21:42:25.430000Z,11,p,0.562,0.002399
11145,2018-11-08T21:42:43.238500Z,13,p,0.356,0.001694
11146,2018-11-08T21:43:14.095500Z,19,p,0.41,0.002191
11147,2018-11-08T21:43:29.043500Z,20,s,0.413,0.002191
11148,2018-11-08T21:43:59.438500Z,24,s,0.338,0.002468
11149,2018-11-08T21:43:59.749500Z,24,p,0.725,0.005104
11150,2018-11-08T21:44:00.560000Z,24,p,0.4,0.004606
11151,2018-11-08T21:44:01.515500Z,24,s,0.447,0.005583
11152,2018-11-08T21:44:02.093500Z,24,p,0.653,0.004042
11153,2018-11-08T21:44:02.254000Z,24,p,0.811,0.004626
11154,2018-11-08T21:44:02.438500Z,24,s,0.64,0.003927
11155,2018-11-08T21:44:04.552000Z,24,p,0.809,0.003777
11156,2018-11-08T21:44:04.764500Z,24,s,0.702,0.002238
11157,2018-11-08T21:44:06.724000Z,24,p,0.943,0.01251
11158,2018-11-08T21:44:06.800000Z,24,s,0.747,0.007704
11159,2018-11-08T21:44:07.584500Z,24,p,0.755,0.004953
11160,2018-11-08T21:44:07.647500Z,24,s,0.537,0.004953
11161,2018-11-08T21:44:09.087500Z,11,p,0.35,0.004789
11162,2018-11-08T21:44:09.200500Z,11,s,0.63,0.004789
11163,2018-11-08T21:44:20.312500Z,22,s,0.587,0.002763
11164,2018-11-08T21:44:27.719500Z,24,p,0.921,0.01107
11165,2018-11-08T21:44:27.744500Z,24,s,0.541,0.01107
11166,2018-11-08T21:44:58.979500Z,24,s,0.656,0.005135
11167,2018-11-08T21:45:06.724500Z,20,s,0.712,0.003193
11168,2018-11-08T21:45:10.301500Z,20,s,0.619,0.001883
11169,2018-11-08T21:45:20.277500Z,23,p,0.393,0.002634
11170,2018-11-08T21:46:16.344500Z,5,s,0.675,0.00343
11171,2018-11-08T21:46:38.196000Z,20,p,0.407,0.001945
11172,2018-11-08T21:46:38.386500Z,20,s,0.474,0.001945
11173,2018-11-08T21:46:54.931500Z,23,s,0.436,0.001906
11174,2018-11-08T21:48:30.936500Z,22,s,0.372,0.002173
11175,2018-11-08T21:48:54.296500Z,12,p,0.31,0.001542
11176,2018-11-08T21:49:17.393500Z,4,s,0.633,0.005685
11177,2018-11-08T21:50:32.316000Z,5,s,0.791,0.002517
11178,2018-11-08T21:50:36.518500Z,23,p,0.393,0.00178
11179,2018-11-08T21:50:36.654500Z,23,s,0.547,0.00178
11180,2018-11-08T21:50:58.183500Z,5,s,0.553,0.001619
11181,2018-11-08T21:51:15.586500Z,20,s,0.636,0.002469
11182,2018-11-08T21:51:22.143500Z,23,s,0.391,0.002176
11183,2018-11-08T21:51:25.348000Z,24,s,0.79,0.005355
11184,2018-11-08T21:51:27.734000Z,20,p,0.473,0.001684
11185,2018-11-08T21:51:27.980500Z,20,s,0.578,0.00162
11186,2018-11-08T21:51:51.655500Z,11,p,0.349,0.00569
11187,2018-11-08T21:51:51.763000Z,11,s,0.878,0.00569
11188,2018-11-08T21:52:05.502500Z,11,p,0.348,0.00426
11189,2018-11-08T21:52:05.570000Z,11,s,0.832,0.00426
11190,2018-11-08T21:52:13.357500Z,19,s,0.742,0.003209
11191,2018-11-08T21:52:40.821500Z,11,s,0.313,0.001861
11192,2018-11-08T21:54:17.402000Z,6,s,0.391,0.003152
11193,2018-11-08T21:54:17.642000Z,20,p,0.328,0.002027
11194,2018-11-08T21:54:17.904000Z,20,s,0.322,0.002014
11195,2018-11-08T21:54:31.013500Z,23,s,0.604,0.00241
11196,2018-11-08T21:54:43.245500Z,1,s,0.411,0.002247
11197,2018-11-08T21:55:21.209500Z,18,s,0.536,0.00268
11198,2018-11-08T21:55:58.316000Z,5,p,0.368,0.003205
11199,2018-11-08T21:55:58.395500Z,5,s,0.84,0.003205
11200,2018-11-08T21:56:39.848500Z,20,p,0.422,0.001684
11201,2018-11-08T21:56:39.986500Z,20,s,0.685,0.001684
11202,2018-11-08T21:56:48.735000Z,24,p,0.922,0.008187
11203,2018-11-08T21:56:48.739500Z,23,p,0.955,0.005868
11204,2018-11-08T21:56:48.744500Z,22,p,0.753,0.004556
11205,2018-11-08T21:56:48.754000Z,20,p,0.802,0.002512
11206,2018-11-08T21:56:48.756500Z,19,p,0.311,0.002467
11207,2018-11-08T21:56:48.776000Z,16,p,0.84,0.001721
11208,2018-11-08T21:56:48.796000Z,24,s,0.935,0.008187
11209,2018-11-08T21:56:48.804000Z,23,s,0.937,0.005868
11210,2018-11-08T21:56:48.811500Z,22,s,0.777,0.004556
11211,2018-11-08T21:56:48.826500Z,20,s,0.731,0.002512
11212,2018-11-08T21:56:48.861500Z,16,s,0.752,0.001721
11213,2018-11-08T21:57:59.321500Z,24,s,0.649,0.006218
11214,2018-11-08T21:58:25.565500Z,1,s,0.58,0.002596
11215,2018-11-08T21:58:32.447500Z,17,p,0.369,0.001514
11216,2018-11-08T21:58:50.024000Z,20,s,0.624,0.003005
11217,2018-11-08T21:58:55.527500Z,10,p,0.432,0.002359
11218,2018-11-08T21:59:35.725500Z,22,s,0.451,0.002785
11219,2018-11-08T21:59:43.952500Z,19,p,0.364,0.002239
11220,2018-11-08T21:59:59.619500Z,11,p,0.364,0.003568
11221,2018-11-08T21:59:59.678000Z,11,s,0.763,0.003568
11222,2018-11-08T22:00:01.348000Z,23,s,0.313,0.003248
11223,2018-11-08T22:00:01.497500Z,2,s,0.394,0.01011
11224,2018-11-08T22:00:01.500500Z,2,p,0.388,0.01011
11225,2018-11-08T22:00:01.531000Z,3,p,0.669,0.007684
11226,2018-11-08T22:00:01.573000Z,5,s,0.345,0.005087
11227,2018-11-08T22:00:01.594000Z,6,p,0.32,0.005281
11228,2018-11-08T22:00:04.502000Z,3,s,0.316,0.00359
11229,2018-11-08T22:00:27.052500Z,23,p,0.333,0.00154
11230,2018-11-08T22:01:12.038000Z,20,p,0.367,0.002502
11231,2018-11-08T22:01:30.656500Z,5,s,0.82,0.002731
11232,2018-11-08T22:02:20.079500Z,23,s,0.315,0.002768
11233,2018-11-08T22:03:49.889500Z,14,s,0.345,0.02336
11234,2018-11-08T22:04:11.017500Z,22,p,0.625,0.002335
11235,2018-11-08T22:04:11.070000Z,22,s,0.878,0.002335
11236,2018-11-08T22:04:51.271500Z,20,p,0.47,0.002478
11237,2018-11-08T22:04:51.380000Z,20,s,0.771,0.002478
11238,2018-11-08T22:05:22.523500Z,20,p,0.789,0.002215
11239,2018-11-08T22:05:22.690500Z,20,s,0.532,0.002215
11240,2018-11-08T22:06:22.608500Z,20,s,0.405,0.00516
11241,2018-11-08T22:06:53.252000Z,20,s,0.554,0.001947
11242,2018-11-08T22:07:12.700500Z,5,p,0.387,0.002362
11243,2018-11-08T22:07:12.824500Z,5,s,0.76,0.002362
11244,2018-11-08T22:07:31.997000Z,20,s,0.61,0.02161
11245,2018-11-08T22:07:31.999500Z,20,p,0.313,0.02161
11246,2018-11-08T22:07:32.002000Z,21,s,0.325,0.01628
11247,2018-11-08T22:07:43.550000Z,21,s,0.468,0.002075
11248,2018-11-08T22:07:55.438500Z,11,s,0.766,0.003175
11249,2018-11-08T22:11:07.995500Z,20,p,0.31,0.001658
11250,2018-11-08T22:11:08.112500Z,20,p,0.505,0.002163
11251,2018-11-08T22:11:08.244500Z,20,s,0.737,0.002163
11252,2018-11-08T22:11:32.688000Z,24,p,0.977,0.03604
11253,2018-11-08T22:11:32.693000Z,23,p,0.978,0.03334
11254,2018-11-08T22:11:32.697500Z,22,p,0.97,0.02721
11255,2018-11-08T22:11:32.703000Z,21,p,0.969,0.0205
11256,2018-11-08T22:11:32.707500Z,20,p,0.958,0.02414
11257,2018-11-08T22:11:32.713000Z,19,p,0.966,0.01399
11258,2018-11-08T22:11:32.719500Z,18,p,0.97,0.01043
11259,2018-11-08T22:11:32.724000Z,17,p,0.962,0.01656
11260,2018-11-08T22:11:32.729500Z,16,p,0.891,0.01315
11261,2018-11-08T22:11:32.735000Z,15,p,0.903,0.01191
11262,2018-11-08T22:11:32.739500Z,14,p,0.92,0.009355
11263,2018-11-08T22:11:32.746000Z,13,p,0.962,0.01227
11264,2018-11-08T22:11:32.750500Z,12,p,0.929,0.008457
11265,2018-11-08T22:11:32.753500Z,11,p,0.817,0.008051
11266,2018-11-08T22:11:32.760000Z,10,p,0.928,0.006983
11267,2018-11-08T22:11:32.763500Z,9,p,0.916,0.007685
11268,2018-11-08T22:11:32.772000Z,8,p,0.946,0.0111
11269,2018-11-08T22:11:32.777000Z,7,p,0.896,0.006394
11270,2018-11-08T22:11:32.781500Z,6,p,0.92,0.004193
11271,2018-11-08T22:11:32.787000Z,5,p,0.957,0.004037
11272,2018-11-08T22:11:32.793000Z,4,p,0.956,0.004266
11273,2018-11-08T22:11:32.798000Z,3,p,0.953,0.004217
11274,2018-11-08T22:11:32.799000Z,24,s,0.949,0.03604
11275,2018-11-08T22:11:32.804000Z,2,p,0.964,0.003537
11276,2018-11-08T22:11:32.806500Z,1,p,0.421,0.004057
11277,2018-11-08T22:11:32.807500Z,23,s,0.946,0.03334
11278,2018-11-08T22:11:32.815500Z,22,s,0.938,0.02721
11279,2018-11-08T22:11:32.823500Z,21,s,0.915,0.0205
11280,2018-11-08T22:11:32.833500Z,20,s,0.906,0.02414
11281,2018-11-08T22:11:32.841500Z,19,s,0.939,0.01399
11282,2018-11-08T22:11:32.851000Z,18,s,0.85,0.01043
11283,2018-11-08T22:11:32.858500Z,17,s,0.869,0.01656
11284,2018-11-08T22:11:32.868500Z,16,s,0.696,0.01315
11285,2018-11-08T22:11:32.879000Z,15,s,0.845,0.01191
11286,2018-11-08T22:11:32.889000Z,14,s,0.892,0.009355
11287,2018-11-08T22:11:32.898500Z,13,s,0.863,0.01227
11288,2018-11-08T22:11:32.906500Z,12,s,0.863,0.008457
11289,2018-11-08T22:11:32.916000Z,11,s,0.783,0.008051
11290,2018-11-08T22:11:32.925000Z,10,s,0.821,0.006983
11291,2018-11-08T22:11:32.930000Z,9,s,0.801,0.007685
11292,2018-11-08T22:11:32.932000Z,8,s,0.681,0.0111
11293,2018-11-08T22:11:32.949000Z,7,s,0.793,0.006394
11294,2018-11-08T22:11:32.958500Z,6,s,0.698,0.004193
11295,2018-11-08T22:11:32.969000Z,5,s,0.911,0.004037
11296,2018-11-08T22:11:32.980500Z,4,s,0.833,0.004266
11297,2018-11-08T22:11:32.983500Z,1,s,0.412,0.004057
11298,2018-11-08T22:11:32.988000Z,3,s,0.69,0.004217
11299,2018-11-08T22:11:32.992500Z,2,s,0.886,0.003537
11300,2018-11-08T22:12:10.965500Z,23,s,0.453,0.003223
11301,2018-11-08T22:12:35.615500Z,20,p,0.364,0.002512
11302,2018-11-08T22:12:35.764000Z,20,s,0.783,0.002708
11303,2018-11-08T22:12:35.953000Z,20,p,0.684,0.002708
11304,2018-11-08T22:12:54.135500Z,24,s,0.686,0.007094
11305,2018-11-08T22:13:53.436000Z,24,p,0.974,0.05066
11306,2018-11-08T22:13:53.441000Z,23,p,0.979,0.04114
11307,2018-11-08T22:13:53.446000Z,22,p,0.979,0.04151
11308,2018-11-08T22:13:53.451500Z,21,p,0.986,0.03033
11309,2018-11-08T22:13:53.457500Z,20,p,0.984,0.02931
11310,2018-11-08T22:13:53.463500Z,19,p,0.986,0.03205
11311,2018-11-08T22:13:53.469000Z,18,p,0.983,0.01968
11312,2018-11-08T22:13:53.469500Z,24,s,0.965,0.05066
11313,2018-11-08T22:13:53.475500Z,17,p,0.982,0.03357
11314,2018-11-08T22:13:53.478000Z,23,s,0.966,0.04114
11315,2018-11-08T22:13:53.481000Z,16,p,0.968,0.0535
11316,2018-11-08T22:13:53.486000Z,22,s,0.965,0.04151
11317,2018-11-08T22:13:53.487500Z,15,p,0.976,0.01178
11318,2018-11-08T22:13:53.493000Z,14,p,0.979,0.01867
11319,2018-11-08T22:13:53.495000Z,21,s,0.964,0.03033
11320,2018-11-08T22:13:53.498500Z,13,p,0.978,0.01684
11321,2018-11-08T22:13:53.505000Z,12,p,0.963,0.008121
11322,2018-11-08T22:13:53.505500Z,20,s,0.964,0.02931
11323,2018-11-08T22:13:53.509500Z,11,p,0.949,0.004912
11324,2018-11-08T22:13:53.513500Z,10,p,0.905,0.005211
11325,2018-11-08T22:13:53.513500Z,19,s,0.967,0.03205
11326,2018-11-08T22:13:53.521500Z,9,p,0.977,0.007817
11327,2018-11-08T22:13:53.524500Z,18,s,0.945,0.01968
11328,2018-11-08T22:13:53.525500Z,8,p,0.956,0.006954
11329,2018-11-08T22:13:53.534000Z,7,p,0.795,0.004703
11330,2018-11-08T22:13:53.534500Z,17,s,0.963,0.03357
11331,2018-11-08T22:13:53.537500Z,6,p,0.943,0.004129
11332,2018-11-08T22:13:53.545000Z,16,s,0.963,0.0535
11333,2018-11-08T22:13:53.545000Z,5,p,0.976,0.004875
11334,2018-11-08T22:13:53.551000Z,4,p,0.976,0.009637
11335,2018-11-08T22:13:53.554500Z,15,s,0.903,0.01178
11336,2018-11-08T22:13:53.556500Z,3,p,0.973,0.004284
11337,2018-11-08T22:13:53.563000Z,14,s,0.847,0.01867
11338,2018-11-08T22:13:53.563500Z,2,p,0.975,0.004472
11339,2018-11-08T22:13:53.567500Z,1,p,0.875,0.003833
11340,2018-11-08T22:13:53.574500Z,13,s,0.918,0.01684
11341,2018-11-08T22:13:53.584500Z,12,s,0.851,0.008121
11342,2018-11-08T22:13:53.604000Z,11,s,0.613,0.004912
11343,2018-11-08T22:13:53.608000Z,10,s,0.764,0.005211
11344,2018-11-08T22:13:53.611000Z,9,s,0.837,0.007817
11345,2018-11-08T22:13:53.623000Z,8,s,0.88,0.006954
11346,2018-11-08T22:13:53.631000Z,7,s,0.929,0.004703
11347,2018-11-08T22:13:53.640500Z,6,s,0.799,0.004129
11348,2018-11-08T22:13:53.650500Z,5,s,0.901,0.004875
11349,2018-11-08T22:13:53.660500Z,4,s,0.947,0.009637
11350,2018-11-08T22:13:53.670500Z,3,s,0.761,0.004284
11351,2018-11-08T22:13:53.681000Z,2,s,0.903,0.004472
11352,2018-11-08T22:13:53.690500Z,1,s,0.866,0.003833
11353,2018-11-08T22:14:03.996000Z,24,s,0.428,0.005213
11354,2018-11-08T22:14:50.162000Z,9,s,0.683,0.00266
11355,2018-11-08T22:15:00.696500Z,22,s,0.425,0.005563
11356,2018-11-08T22:15:22.774500Z,1,p,0.37,0.002791
11357,2018-11-08T22:15:22.890500Z,1,s,0.81,0.002791
11358,2018-11-08T22:15:29.216500Z,22,s,0.33,0.002556
11359,2018-11-08T22:15:31.023500Z,24,p,0.553,0.009914
11360,2018-11-08T22:15:31.149500Z,24,s,0.907,0.009914
11361,2018-11-08T22:16:31.126500Z,11,p,0.332,0.003779
11362,2018-11-08T22:16:31.308000Z,11,s,0.723,0.003779
11363,2018-11-08T22:16:54.062500Z,24,p,0.506,0.005733
11364,2018-11-08T22:16:54.067000Z,24,s,0.458,0.005733
11365,2018-11-08T22:16:54.072000Z,23,p,0.959,0.01066
11366,2018-11-08T22:16:54.077500Z,22,p,0.891,0.006425
11367,2018-11-08T22:16:54.119000Z,24,s,0.593,0.003446
11368,2018-11-08T22:16:54.126500Z,23,s,0.944,0.005628
11369,2018-11-08T22:16:54.137000Z,22,s,0.824,0.003689
11370,2018-11-08T22:16:54.146500Z,21,s,0.433,0.002398
11371,2018-11-08T22:17:19.381500Z,23,p,0.306,0.001683
11372,2018-11-08T22:18:37.217000Z,20,s,0.712,0.002841
11373,2018-11-08T22:19:52.218000Z,15,s,0.691,0.003162
11374,2018-11-08T22:19:52.228500Z,16,s,0.764,0.005814
11375,2018-11-08T22:19:52.259000Z,13,s,0.794,0.01047
11376,2018-11-08T22:19:52.279500Z,12,s,0.558,0.008255
11377,2018-11-08T22:19:52.301000Z,11,s,0.677,0.003536
11378,2018-11-08T22:19:52.349500Z,22,s,0.31,0.001774
11379,2018-11-08T22:19:52.361500Z,8,s,0.457,0.002787
11380,2018-11-08T22:19:52.388000Z,24,s,0.767,0.003419
11381,2018-11-08T22:19:52.892500Z,20,p,0.302,0.002264
11382,2018-11-08T22:19:53.066500Z,20,s,0.73,0.002264
11383,2018-11-08T22:20:12.260000Z,5,s,0.33,0.002136
11384,2018-11-08T22:20:45.753500Z,24,s,0.571,0.006707
11385,2018-11-08T22:21:11.660000Z,20,p,0.651,0.02713
11386,2018-11-08T22:21:11.668500Z,21,p,0.44,0.0068
11387,2018-11-08T22:21:11.682500Z,20,s,0.403,0.02713
11388,2018-11-08T22:21:35.903000Z,20,s,0.528,0.002463
11389,2018-11-08T22:21:43.977500Z,24,p,0.97,0.01373
11390,2018-11-08T22:21:43.983000Z,23,p,0.979,0.02116
11391,2018-11-08T22:21:43.987500Z,22,p,0.952,0.01178
11392,2018-11-08T22:21:43.994000Z,21,p,0.896,0.007342
11393,2018-11-08T22:21:43.999500Z,20,p,0.974,0.00479
11394,2018-11-08T22:21:44.005000Z,19,p,0.932,0.003164
11395,2018-11-08T22:21:44.010000Z,18,p,0.569,0.003766
11396,2018-11-08T22:21:44.017000Z,17,p,0.944,0.004496
11397,2018-11-08T22:21:44.022000Z,16,p,0.932,0.004033
11398,2018-11-08T22:21:44.029000Z,24,s,0.915,0.006411
11399,2018-11-08T22:21:44.039000Z,23,s,0.954,0.00841
11400,2018-11-08T22:21:44.041500Z,13,p,0.96,0.002728
11401,2018-11-08T22:21:44.047500Z,12,p,0.497,0.00215
11402,2018-11-08T22:21:44.052500Z,22,s,0.691,0.007076
11403,2018-11-08T22:21:44.052500Z,11,p,0.335,0.0018
11404,2018-11-08T22:21:44.056500Z,10,p,0.399,0.001955
11405,2018-11-08T22:21:44.059500Z,21,s,0.8,0.003055
11406,2018-11-08T22:21:44.075000Z,19,s,0.698,0.002049
11407,2018-11-08T22:21:44.076500Z,20,s,0.873,0.002481
11408,2018-11-08T22:21:44.084500Z,17,s,0.767,0.001643
11409,2018-11-08T22:21:44.114000Z,16,s,0.776,0.003584
11410,2018-11-08T22:21:44.142000Z,13,s,0.69,0.001955
11411,2018-11-08T22:21:44.153500Z,12,s,0.371,0.001791
11412,2018-11-08T22:21:50.602000Z,24,p,0.544,0.002888
11413,2018-11-08T22:21:53.717500Z,24,s,0.781,0.005438
11414,2018-11-08T22:23:51.641500Z,24,p,0.948,0.004993
11415,2018-11-08T22:23:51.646000Z,23,p,0.911,0.00579
11416,2018-11-08T22:23:51.656000Z,21,p,0.421,0.003588
11417,2018-11-08T22:23:51.662000Z,20,p,0.965,0.004005
11418,2018-11-08T22:23:51.667000Z,19,p,0.966,0.003832
11419,2018-11-08T22:23:51.707500Z,24,s,0.878,0.003247
11420,2018-11-08T22:23:51.716000Z,23,s,0.681,0.002553
11421,2018-11-08T22:23:51.736500Z,20,s,0.635,0.002858
11422,2018-11-08T22:23:51.745500Z,19,s,0.674,0.002376
11423,2018-11-08T22:24:44.856000Z,11,s,0.506,0.003455
11424,2018-11-08T22:25:03.804000Z,4,s,0.567,0.006014
11425,2018-11-08T22:25:26.010500Z,20,s,0.525,0.001861
11426,2018-11-08T22:25:43.164000Z,24,s,0.482,0.002824
11427,2018-11-08T22:25:43.169500Z,23,s,0.468,0.002
11428,2018-11-08T22:26:11.496500Z,3,s,0.583,0.002819
11429,2018-11-08T22:26:24.186500Z,20,s,0.772,0.003282
11430,2018-11-08T22:26:24.380500Z,20,p,0.358,0.003282
11431,2018-11-08T22:26:43.448500Z,22,s,0.514,0.00229
11432,2018-11-08T22:27:19.597500Z,15,s,0.418,0.00477
11433,2018-11-08T22:27:39.271500Z,5,p,0.503,0.002325
11434,2018-11-08T22:27:39.390500Z,5,s,0.86,0.002325
11435,2018-11-08T22:27:41.857500Z,21,s,0.387,0.00274
11436,2018-11-08T22:27:49.703500Z,24,p,0.865,0.02043
11437,2018-11-08T22:27:49.710000Z,23,p,0.985,0.05461
11438,2018-11-08T22:27:49.714000Z,22,p,0.978,0.01754
11439,2018-11-08T22:27:49.720000Z,21,p,0.97,0.01665
11440,2018-11-08T22:27:49.725500Z,20,p,0.977,0.00709
11441,2018-11-08T22:27:49.731000Z,19,p,0.965,0.004363
11442,2018-11-08T22:27:49.731500Z,24,s,0.972,0.02043
11443,2018-11-08T22:27:49.736500Z,18,p,0.534,0.004046
11444,2018-11-08T22:27:49.738500Z,16,p,0.512,0.003904
11445,2018-11-08T22:27:49.739500Z,23,s,0.973,0.05461
11446,2018-11-08T22:27:49.745500Z,17,p,0.365,0.002362
11447,2018-11-08T22:27:49.747500Z,22,s,0.971,0.01754
11448,2018-11-08T22:27:49.755500Z,21,s,0.966,0.01665
11449,2018-11-08T22:27:49.760000Z,14,p,0.883,0.002081
11450,2018-11-08T22:27:49.765000Z,20,s,0.919,0.005095
11451,2018-11-08T22:27:49.767000Z,13,p,0.925,0.002273
11452,2018-11-08T22:27:49.772500Z,12,s,0.334,0.002883
11453,2018-11-08T22:27:49.775000Z,19,s,0.955,0.004363
11454,2018-11-08T22:27:49.785000Z,18,s,0.845,0.004046
11455,2018-11-08T22:27:49.792000Z,9,p,0.426,0.001753
11456,2018-11-08T22:27:49.794500Z,17,s,0.775,0.002362
11457,2018-11-08T22:27:49.807000Z,16,s,0.883,0.003904
11458,2018-11-08T22:27:49.817500Z,4,p,0.7,0.001973
11459,2018-11-08T22:27:49.820000Z,14,s,0.446,0.002017
11460,2018-11-08T22:27:49.834000Z,13,s,0.76,0.002273
11461,2018-11-08T22:27:49.876000Z,9,s,0.36,0.001645
11462,2018-11-08T22:27:49.892000Z,7,s,0.631,0.00152
11463,2018-11-08T22:27:49.909500Z,5,s,0.317,0.001428
11464,2018-11-08T22:27:49.921000Z,4,s,0.874,0.001772
11465,2018-11-08T22:28:00.029000Z,5,s,0.847,0.003763
11466,2018-11-08T22:28:08.420500Z,24,s,0.315,0.006619
11467,2018-11-08T22:29:05.734500Z,8,p,0.305,0.001556
11468,2018-11-08T22:30:41.853000Z,5,s,0.9,0.004315
11469,2018-11-08T22:31:11.613500Z,20,s,0.491,0.001892
11470,2018-11-08T22:31:16.298000Z,15,p,0.57,0.03169
11471,2018-11-08T22:31:31.080500Z,23,s,0.628,0.003385
11472,2018-11-08T22:32:18.448000Z,20,s,0.724,0.003203
11473,2018-11-08T22:32:27.816500Z,11,s,0.361,0.003451
11474,2018-11-08T22:32:37.770500Z,18,s,0.379,0.003009
11475,2018-11-08T22:32:41.557500Z,20,s,0.542,0.001866
11476,2018-11-08T22:33:42.979500Z,8,s,0.549,0.003965
11477,2018-11-08T22:33:46.038000Z,7,p,0.343,0.002137
11478,2018-11-08T22:34:04.480500Z,5,p,0.41,0.002268
11479,2018-11-08T22:34:04.596500Z,5,s,0.592,0.002268
11480,2018-11-08T22:35:16.265000Z,24,p,0.935,0.0039
11481,2018-11-08T22:35:16.271500Z,23,p,0.915,0.005989
11482,2018-11-08T22:35:16.312000Z,24,s,0.935,0.0039
11483,2018-11-08T22:35:16.322000Z,23,s,0.885,0.005989
11484,2018-11-08T22:36:51.541500Z,19,s,0.539,0.002788
11485,2018-11-08T22:36:58.620500Z,3,s,0.566,0.003477
11486,2018-11-08T22:37:01.847500Z,16,p,0.769,0.002198
11487,2018-11-08T22:37:02.022000Z,16,s,0.535,0.002047
11488,2018-11-08T22:37:45.726000Z,19,s,0.472,0.003436
11489,2018-11-08T22:38:21.205500Z,19,p,0.756,0.001873
11490,2018-11-08T22:38:21.712500Z,23,s,0.546,0.002599
11491,2018-11-08T22:38:28.262500Z,6,s,0.487,0.002264
11492,2018-11-08T22:38:59.604000Z,20,s,0.412,0.002302
11493,2018-11-08T22:39:48.129500Z,1,p,0.497,0.003039
11494,2018-11-08T22:39:48.350000Z,1,s,0.311,0.003039
11495,2018-11-08T22:39:51.316000Z,5,s,0.804,0.004807
11496,2018-11-08T22:39:55.446500Z,5,s,0.631,0.0028
11497,2018-11-08T22:40:06.804500Z,20,p,0.608,0.002787
11498,2018-11-08T22:40:06.945000Z,20,s,0.851,0.002787
11499,2018-11-08T22:40:17.346500Z,20,p,0.364,0.00185
11500,2018-11-08T22:40:17.780000Z,20,s,0.5,0.00185
11501,2018-11-08T22:40:29.964500Z,23,p,0.428,0.002446
11502,2018-11-08T22:40:30.085500Z,23,s,0.479,0.002446
11503,2018-11-08T22:41:09.853500Z,24,s,0.504,0.005537
11504,2018-11-08T22:41:31.334500Z,2,s,0.478,0.002722
11505,2018-11-08T22:41:34.089500Z,20,s,0.52,0.001531
11506,2018-11-08T22:41:44.843500Z,23,p,0.391,0.002597
11507,2018-11-08T22:41:44.966500Z,23,s,0.839,0.002597
11508,2018-11-08T22:43:24.143500Z,17,s,0.315,0.001901
11509,2018-11-08T22:43:34.486000Z,23,s,0.317,0.002131
11510,2018-11-08T22:44:17.120500Z,13,s,0.372,0.003064
11511,2018-11-08T22:44:57.992500Z,23,s,0.623,0.003013
11512,2018-11-08T22:46:07.497000Z,20,s,0.869,0.002674
11513,2018-11-08T22:46:31.940000Z,5,s,0.784,0.002987
11514,2018-11-08T22:47:06.542500Z,20,p,0.697,0.001986
11515,2018-11-08T22:47:06.722500Z,20,s,0.772,0.001986
11516,2018-11-08T22:47:09.724500Z,22,s,0.346,0.002411
11517,2018-11-08T22:47:10.108500Z,1,p,0.311,0.002736
11518,2018-11-08T22:47:10.228000Z,1,s,0.683,0.002736
11519,2018-11-08T22:47:25.309500Z,24,s,0.366,0.005025
11520,2018-11-08T22:47:41.614500Z,22,s,0.399,0.002108
11521,2018-11-08T22:48:38.149500Z,23,s,0.556,0.002712
11522,2018-11-08T22:49:02.053000Z,11,s,0.824,0.003956
11523,2018-11-08T22:49:04.965500Z,20,p,0.304,0.008333
11524,2018-11-08T22:49:05.017500Z,20,s,0.905,0.008333
11525,2018-11-08T22:49:25.376500Z,23,s,0.366,0.002455
11526,2018-11-08T22:52:05.931500Z,5,s,0.308,0.001949
11527,2018-11-08T22:53:09.269000Z,20,s,0.704,0.002173
11528,2018-11-08T22:53:45.390000Z,20,s,0.726,0.003108
11529,2018-11-08T22:53:50.546000Z,24,s,0.774,0.00525
11530,2018-11-08T22:54:07.464500Z,22,s,0.388,0.001892
11531,2018-11-08T22:54:13.283500Z,5,s,0.825,0.002259
11532,2018-11-08T22:54:26.036500Z,10,p,0.434,0.00182
11533,2018-11-08T22:54:51.173500Z,6,p,0.315,0.003208
11534,2018-11-08T22:54:51.183500Z,8,p,0.325,0.002722
11535,2018-11-08T22:55:34.190000Z,19,p,0.542,0.001694
11536,2018-11-08T22:55:55.600500Z,4,s,0.676,0.004378
11537,2018-11-08T22:56:23.335500Z,18,s,0.428,0.002274
11538,2018-11-08T22:56:52.177500Z,4,s,0.405,0.006195
11539,2018-11-08T22:57:13.921500Z,11,s,0.594,0.003805
11540,2018-11-08T22:58:03.707500Z,22,s,0.536,0.002865
11541,2018-11-08T22:58:14.997000Z,2,p,0.945,0.009986
11542,2018-11-08T22:58:15.012000Z,2,s,0.893,0.009986
11543,2018-11-08T22:58:15.031500Z,3,s,0.682,0.006282
11544,2018-11-08T22:58:50.980000Z,17,p,0.577,0.005019
11545,2018-11-08T22:59:14.489500Z,20,s,0.338,0.002205
11546,2018-11-08T22:59:56.278500Z,20,p,0.342,0.003898
11547,2018-11-08T22:59:56.672500Z,20,s,0.505,0.003898
11548,2018-11-08T23:00:20.583000Z,9,p,0.376,0.01046
11549,2018-11-08T23:00:20.585500Z,9,s,0.524,0.01046
11550,2018-11-08T23:00:29.590000Z,22,s,0.328,0.002682
11551,2018-11-08T23:02:06.666500Z,6,s,0.641,0.005655
11552,2018-11-08T23:02:23.119500Z,19,s,0.432,0.002377
11553,2018-11-08T23:02:39.958500Z,12,s,0.412,0.006015
11554,2018-11-08T23:03:23.926000Z,23,p,0.612,0.003761
11555,2018-11-08T23:03:24.021500Z,23,s,0.827,0.003761
11556,2018-11-08T23:03:26.861500Z,23,s,0.596,0.002309
11557,2018-11-08T23:03:35.968000Z,23,p,0.403,0.005751
11558,2018-11-08T23:03:35.999500Z,23,s,0.554,0.005751
11559,2018-11-08T23:03:40.245500Z,1,s,0.479,0.003014
11560,2018-11-08T23:04:00.375500Z,5,p,0.727,0.003339
11561,2018-11-08T23:04:00.472000Z,5,s,0.764,0.003339
11562,2018-11-08T23:04:26.447500Z,22,p,0.495,0.002238
11563,2018-11-08T23:04:26.589500Z,22,s,0.544,0.002238
11564,2018-11-08T23:04:33.880000Z,24,p,0.767,0.01259
11565,2018-11-08T23:04:33.883500Z,23,p,0.929,0.007674
11566,2018-11-08T23:04:33.888000Z,22,p,0.886,0.004368
11567,2018-11-08T23:04:33.892500Z,21,p,0.37,0.003413
11568,2018-11-08T23:04:33.897500Z,20,p,0.918,0.003478
11569,2018-11-08T23:04:33.902000Z,19,p,0.75,0.003633
11570,2018-11-08T23:04:33.919000Z,16,p,0.969,0.002515
11571,2018-11-08T23:04:33.934500Z,13,p,0.659,0.001696
11572,2018-11-08T23:04:33.941000Z,24,s,0.938,0.01259
11573,2018-11-08T23:04:33.949000Z,23,s,0.933,0.007674
11574,2018-11-08T23:04:33.955500Z,22,s,0.856,0.004368
11575,2018-11-08T23:04:33.971000Z,20,s,0.843,0.002701
11576,2018-11-08T23:04:33.977000Z,19,s,0.817,0.001942
11577,2018-11-08T23:04:34.006000Z,16,s,0.676,0.001874
11578,2018-11-08T23:04:34.036500Z,13,s,0.668,0.001696
11579,2018-11-08T23:04:58.806000Z,11,s,0.503,0.00466
11580,2018-11-08T23:05:11.133500Z,3,s,0.392,0.002914
11581,2018-11-08T23:05:14.583000Z,20,s,0.567,0.002066
11582,2018-11-08T23:05:21.405500Z,23,p,0.319,0.002435
11583,2018-11-08T23:05:21.500000Z,23,s,0.68,0.002435
11584,2018-11-08T23:05:56.561500Z,20,p,0.446,0.001425
11585,2018-11-08T23:05:56.607500Z,24,p,0.867,0.005686
11586,2018-11-08T23:05:56.613000Z,23,p,0.947,0.007006
11587,2018-11-08T23:05:56.617500Z,22,p,0.893,0.004147
11588,2018-11-08T23:05:56.624000Z,21,p,0.86,0.003664
11589,2018-11-08T23:05:56.626000Z,20,p,0.308,0.002834
11590,2018-11-08T23:05:56.632500Z,19,p,0.78,0.002362
11591,2018-11-08T23:05:56.651500Z,15,p,0.719,0.001714
11592,2018-11-08T23:05:56.673000Z,24,s,0.913,0.005686
11593,2018-11-08T23:05:56.681500Z,23,s,0.959,0.007006
11594,2018-11-08T23:05:56.689000Z,22,s,0.752,0.004147
11595,2018-11-08T23:05:56.706500Z,20,s,0.771,0.002834
11596,2018-11-08T23:05:56.715500Z,19,s,0.897,0.002256
11597,2018-11-08T23:05:56.755000Z,15,s,0.857,0.001714
11598,2018-11-08T23:05:56.781500Z,12,s,0.416,0.001976
11599,2018-11-08T23:05:59.165500Z,23,s,0.385,0.002077
11600,2018-11-08T23:06:47.002000Z,20,p,0.459,0.001974
11601,2018-11-08T23:06:47.266500Z,20,s,0.559,0.001974
11602,2018-11-08T23:07:34.959500Z,20,p,0.499,0.002807
11603,2018-11-08T23:07:35.246500Z,20,s,0.707,0.003591
11604,2018-11-08T23:08:42.354500Z,20,s,0.618,0.002466
11605,2018-11-08T23:09:24.074000Z,24,p,0.958,0.003841
11606,2018-11-08T23:09:24.079000Z,23,p,0.887,0.003662
11607,2018-11-08T23:09:24.143000Z,24,s,0.856,0.00372
11608,2018-11-08T23:09:24.152000Z,23,s,0.898,0.003662
11609,2018-11-08T23:09:38.815000Z,23,p,0.968,0.009784
11610,2018-11-08T23:09:38.840500Z,24,s,0.786,0.006573
11611,2018-11-08T23:09:38.849000Z,23,s,0.95,0.009784
11612,2018-11-08T23:09:38.856000Z,22,p,0.471,0.004381
11613,2018-11-08T23:10:21.304500Z,5,s,0.538,0.002911
11614,2018-11-08T23:11:17.909500Z,24,s,0.674,0.003544
11615,2018-11-08T23:11:17.917500Z,23,s,0.345,0.003438
11616,2018-11-08T23:11:31.477500Z,22,s,0.325,0.002183
11617,2018-11-08T23:11:34.431500Z,1,s,0.686,0.002108
11618,2018-11-08T23:11:56.341500Z,19,s,0.326,0.003246
11619,2018-11-08T23:12:18.913500Z,19,s,0.368,0.002104
11620,2018-11-08T23:13:06.332000Z,11,p,0.316,0.003638
11621,2018-11-08T23:13:06.445500Z,11,s,0.734,0.003638
11622,2018-11-08T23:13:17.473500Z,20,p,0.68,0.00195
11623,2018-11-08T23:13:17.658500Z,20,s,0.723,0.00195
11624,2018-11-08T23:13:25.893500Z,5,s,0.593,0.00282
11625,2018-11-08T23:13:27.160500Z,24,s,0.868,0.007439
11626,2018-11-08T23:13:33.327500Z,20,p,0.315,0.003159
11627,2018-11-08T23:13:33.473000Z,20,s,0.793,0.003159
11628,2018-11-08T23:13:56.509500Z,11,p,0.352,0.002216
11629,2018-11-08T23:13:56.618000Z,11,s,0.773,0.002216
11630,2018-11-08T23:14:00.079000Z,24,p,0.949,0.02453
11631,2018-11-08T23:14:00.082000Z,23,p,0.965,0.02957
11632,2018-11-08T23:14:00.090500Z,22,p,0.589,0.01796
11633,2018-11-08T23:14:00.094000Z,21,p,0.879,0.009341
11634,2018-11-08T23:14:00.098000Z,20,p,0.726,0.004501
11635,2018-11-08T23:14:00.102000Z,24,s,0.964,0.02453
11636,2018-11-08T23:14:00.109500Z,23,s,0.971,0.02957
11637,2018-11-08T23:14:00.116000Z,22,s,0.902,0.01796
11638,2018-11-08T23:14:00.125000Z,21,s,0.952,0.009341
11639,2018-11-08T23:14:00.134000Z,20,s,0.923,0.004501
11640,2018-11-08T23:14:00.143500Z,19,s,0.792,0.003406
11641,2018-11-08T23:14:00.164000Z,17,s,0.574,0.002198
11642,2018-11-08T23:14:00.176500Z,16,s,0.611,0.002516
11643,2018-11-08T23:14:06.468000Z,11,s,0.402,0.002618
11644,2018-11-08T23:14:19.128000Z,20,p,0.946,0.04596
11645,2018-11-08T23:14:19.128000Z,21,p,0.981,0.03444
11646,2018-11-08T23:14:19.154500Z,20,s,0.453,0.04596
11647,2018-11-08T23:14:19.159500Z,21,s,0.603,0.03444
11648,2018-11-08T23:14:19.162000Z,22,s,0.522,0.006228
11649,2018-11-08T23:14:19.216000Z,24,s,0.867,0.004301
11650,2018-11-08T23:14:22.631500Z,11,p,0.549,0.00217
11651,2018-11-08T23:14:22.773500Z,11,s,0.728,0.00217
11652,2018-11-08T23:14:30.585000Z,11,s,0.691,0.002581
11653,2018-11-08T23:14:37.581500Z,24,s,0.558,0.005346
11654,2018-11-08T23:14:37.608000Z,11,p,0.339,0.002622
11655,2018-11-08T23:14:37.686500Z,11,s,0.857,0.002622
11656,2018-11-08T23:14:45.825000Z,11,s,0.782,0.001981
11657,2018-11-08T23:14:52.410500Z,20,p,0.488,0.002065
11658,2018-11-08T23:14:52.654000Z,20,s,0.519,0.002065
11659,2018-11-08T23:14:53.709000Z,11,s,0.819,0.00244
11660,2018-11-08T23:15:00.773500Z,11,s,0.459,0.002416
11661,2018-11-08T23:15:07.574000Z,11,s,0.877,0.002828
11662,2018-11-08T23:15:21.311500Z,10,s,0.332,0.01118
11663,2018-11-08T23:15:21.313000Z,10,p,0.692,0.01118
11664,2018-11-08T23:15:31.998000Z,22,s,0.304,0.002579
11665,2018-11-08T23:15:42.288500Z,20,s,0.63,0.003529
11666,2018-11-08T23:16:27.029500Z,5,p,0.448,0.002383
11667,2018-11-08T23:16:27.117000Z,5,s,0.842,0.002383
11668,2018-11-08T23:16:29.410500Z,20,p,0.591,0.001952
11669,2018-11-08T23:16:29.645500Z,20,s,0.651,0.001952
11670,2018-11-08T23:16:32.783000Z,22,s,0.715,0.00269
11671,2018-11-08T23:16:54.624500Z,21,s,0.468,0.007667
11672,2018-11-08T23:16:54.626000Z,21,p,0.44,0.007667
11673,2018-11-08T23:17:06.472500Z,11,s,0.584,0.002575
11674,2018-11-08T23:17:09.681000Z,11,s,0.846,0.002564
11675,2018-11-08T23:17:12.565500Z,11,s,0.725,0.002425
11676,2018-11-08T23:17:15.895000Z,11,s,0.766,0.002371
11677,2018-11-08T23:17:18.862000Z,11,s,0.783,0.003323
11678,2018-11-08T23:17:23.192500Z,11,p,0.342,0.002394
11679,2018-11-08T23:17:23.316000Z,11,s,0.744,0.002394
11680,2018-11-08T23:17:27.559500Z,11,p,0.35,0.002289
11681,2018-11-08T23:17:27.668000Z,11,s,0.806,0.002289
11682,2018-11-08T23:17:31.204000Z,11,s,0.574,0.002283
11683,2018-11-08T23:17:31.645500Z,11,p,0.325,0.003643
11684,2018-11-08T23:17:31.759000Z,11,s,0.893,0.003643
11685,2018-11-08T23:17:31.933500Z,11,p,0.378,0.003821
11686,2018-11-08T23:17:32.036500Z,11,s,0.669,0.003821
11687,2018-11-08T23:17:32.296500Z,11,s,0.788,0.003506
11688,2018-11-08T23:17:32.464500Z,11,p,0.578,0.003194
11689,2018-11-08T23:17:32.560500Z,11,s,0.85,0.003194
11690,2018-11-08T23:17:34.400500Z,11,s,0.838,0.002899
11691,2018-11-08T23:17:38.884000Z,11,p,0.6,0.003945
11692,2018-11-08T23:17:39.141500Z,11,s,0.764,0.003945
11693,2018-11-08T23:17:39.878500Z,11,s,0.878,0.003137
11694,2018-11-08T23:17:41.231000Z,11,s,0.856,0.00262
11695,2018-11-08T23:17:44.583500Z,11,p,0.391,0.003137
11696,2018-11-08T23:17:44.697000Z,11,s,0.891,0.003137
11697,2018-11-08T23:17:51.522000Z,11,s,0.88,0.002802
11698,2018-11-08T23:17:56.140000Z,11,p,0.842,0.003879
11699,2018-11-08T23:17:56.285500Z,11,s,0.907,0.003879
11700,2018-11-08T23:17:56.801000Z,11,s,0.844,0.003444
11701,2018-11-08T23:17:57.386500Z,11,p,0.339,0.00154
11702,2018-11-08T23:17:57.476500Z,11,p,0.398,0.003168
11703,2018-11-08T23:17:57.589500Z,11,s,0.871,0.003168
11704,2018-11-08T23:17:59.919500Z,11,p,0.658,0.003603
11705,2018-11-08T23:18:00.022500Z,11,s,0.753,0.003603
11706,2018-11-08T23:18:19.058500Z,11,s,0.851,0.004167
11707,2018-11-08T23:18:20.059000Z,11,s,0.897,0.003674
11708,2018-11-08T23:18:22.869500Z,11,s,0.688,0.003413
11709,2018-11-08T23:18:27.567500Z,11,p,0.47,0.0045
11710,2018-11-08T23:18:27.688000Z,11,s,0.899,0.0045
11711,2018-11-08T23:18:32.125500Z,11,p,0.656,0.004138
11712,2018-11-08T23:18:32.251000Z,11,s,0.896,0.004138
11713,2018-11-08T23:18:32.452500Z,20,p,0.466,0.002154
11714,2018-11-08T23:18:32.647500Z,20,s,0.484,0.002154
11715,2018-11-08T23:18:37.103500Z,11,p,0.614,0.003928
11716,2018-11-08T23:18:37.233000Z,11,s,0.821,0.003928
11717,2018-11-08T23:18:46.269500Z,11,s,0.693,0.004482
11718,2018-11-08T23:18:46.728500Z,11,p,0.497,0.002691
11719,2018-11-08T23:18:46.949000Z,11,s,0.737,0.002691
11720,2018-11-08T23:18:49.044500Z,11,p,0.429,0.002884
11721,2018-11-08T23:18:49.193000Z,11,s,0.79,0.002884
11722,2018-11-08T23:18:53.321500Z,11,s,0.437,0.001917
11723,2018-11-08T23:18:53.605000Z,11,s,0.836,0.004233
11724,2018-11-08T23:18:55.966500Z,11,s,0.738,0.003094
11725,2018-11-08T23:18:59.555500Z,11,s,0.341,0.001757
11726,2018-11-08T23:19:03.706000Z,11,s,0.736,0.004323
11727,2018-11-08T23:19:09.456500Z,11,s,0.717,0.003285
11728,2018-11-08T23:19:14.734000Z,11,s,0.363,0.002518
11729,2018-11-08T23:19:16.220500Z,23,s,0.66,0.002716
11730,2018-11-08T23:20:03.147500Z,20,p,0.78,0.00166
11731,2018-11-08T23:20:05.312500Z,1,s,0.73,0.002443
11732,2018-11-08T23:20:23.925500Z,19,s,0.423,0.003387
11733,2018-11-08T23:21:06.861500Z,24,s,0.451,0.005366
11734,2018-11-08T23:21:13.114000Z,20,p,0.336,0.003273
11735,2018-11-08T23:21:13.357000Z,20,s,0.829,0.003273
11736,2018-11-08T23:21:13.612000Z,20,s,0.32,0.003041
11737,2018-11-08T23:22:41.100000Z,20,p,0.301,0.001945
11738,2018-11-08T23:22:41.349500Z,20,s,0.415,0.001945
11739,2018-11-08T23:23:05.205500Z,5,s,0.41,0.002905
11740,2018-11-08T23:23:24.949500Z,17,s,0.612,0.001975
11741,2018-11-08T23:23:25.716000Z,22,s,0.682,0.002636
11742,2018-11-08T23:23:34.431500Z,1,s,0.344,0.001961
11743,2018-11-08T23:23:35.785500Z,6,p,0.918,0.002952
11744,2018-11-08T23:23:35.887500Z,6,s,0.362,0.002227
11745,2018-11-08T23:23:48.705000Z,17,p,0.441,0.003196
11746,2018-11-08T23:23:53.512500Z,11,p,0.308,0.002228
11747,2018-11-08T23:24:06.843000Z,21,s,0.835,0.009758
11748,2018-11-08T23:24:11.220500Z,6,s,0.673,0.003704
11749,2018-11-08T23:24:18.490000Z,22,s,0.644,0.002737
11750,2018-11-08T23:24:53.272000Z,17,s,0.866,0.01437
11751,2018-11-08T23:24:55.886500Z,4,p,0.618,0.001516
11752,2018-11-08T23:25:07.670000Z,10,p,0.392,0.001696
11753,2018-11-08T23:25:25.840500Z,3,s,0.437,0.003579
11754,2018-11-08T23:25:34.435500Z,22,s,0.645,0.002784
11755,2018-11-08T23:25:36.703500Z,11,p,0.42,0.001918
11756,2018-11-08T23:25:36.809000Z,11,s,0.674,0.001918
11757,2018-11-08T23:26:23.788000Z,20,p,0.756,0.01111
11758,2018-11-08T23:26:23.788000Z,21,p,0.526,0.01405
11759,2018-11-08T23:27:12.397500Z,20,p,0.496,0.002886
11760,2018-11-08T23:27:12.625000Z,20,s,0.734,0.002886
11761,2018-11-08T23:27:31.360500Z,22,s,0.333,0.002406
11762,2018-11-08T23:27:44.703500Z,24,s,0.79,0.005219
11763,2018-11-08T23:27:55.342000Z,17,s,0.33,0.02102
11764,2018-11-08T23:28:41.886000Z,20,p,0.654,0.002034
11765,2018-11-08T23:28:42.108500Z,20,s,0.71,0.002034
11766,2018-11-08T23:29:28.850000Z,20,s,0.494,0.01113
11767,2018-11-08T23:29:28.850000Z,21,p,0.809,0.01815
11768,2018-11-08T23:29:51.616500Z,11,s,0.863,0.00397
11769,2018-11-08T23:29:59.150000Z,17,p,0.56,0.001599
11770,2018-11-08T23:30:07.300500Z,21,p,0.985,0.0384
11771,2018-11-08T23:30:07.302500Z,20,p,0.983,0.01929
11772,2018-11-08T23:30:07.308000Z,22,p,0.585,0.006946
11773,2018-11-08T23:30:07.326500Z,21,s,0.676,0.0384
11774,2018-11-08T23:30:07.340500Z,20,s,0.933,0.01929
11775,2018-11-08T23:30:07.346000Z,22,s,0.454,0.006946
11776,2018-11-08T23:30:13.945000Z,21,p,0.308,0.004537
11777,2018-11-08T23:30:13.946000Z,20,p,0.481,0.002342
11778,2018-11-08T23:30:36.252500Z,22,s,0.303,0.002527
11779,2018-11-08T23:30:43.501500Z,23,s,0.463,0.003071
11780,2018-11-08T23:31:29.773500Z,5,s,0.695,0.002919
11781,2018-11-08T23:32:14.740000Z,4,s,0.751,0.006111
11782,2018-11-08T23:32:23.284000Z,23,s,0.684,0.002718
11783,2018-11-08T23:33:00.107500Z,21,s,0.553,0.003486
11784,2018-11-08T23:33:03.416500Z,21,p,0.422,0.008339
11785,2018-11-08T23:33:03.416500Z,20,p,0.374,0.007287
11786,2018-11-08T23:33:52.200500Z,24,s,0.33,0.005286
11787,2018-11-08T23:34:16.766000Z,22,s,0.36,0.002468
11788,2018-11-08T23:34:50.447500Z,20,s,0.773,0.002743
11789,2018-11-08T23:35:57.496500Z,23,s,0.584,0.003305
11790,2018-11-08T23:36:18.342500Z,1,s,0.464,0.002232
11791,2018-11-08T23:36:55.059500Z,9,s,0.327,0.00232
11792,2018-11-08T23:37:36.445500Z,11,s,0.533,0.003921
11793,2018-11-08T23:37:37.134000Z,3,s,0.316,0.002933
11794,2018-11-08T23:38:43.823500Z,23,p,0.764,0.01984
11795,2018-11-08T23:38:43.854500Z,23,s,0.9,0.01984
11796,2018-11-08T23:39:31.012000Z,17,s,0.574,0.002483
11797,2018-11-08T23:39:46.573500Z,24,p,0.985,0.3231
11798,2018-11-08T23:39:46.578000Z,23,p,0.983,0.6039
11799,2018-11-08T23:39:46.583500Z,22,p,0.983,0.3291
11800,2018-11-08T23:39:46.588000Z,21,p,0.982,0.1971
11801,2018-11-08T23:39:46.594000Z,20,p,0.982,0.1359
11802,2018-11-08T23:39:46.600000Z,19,p,0.98,0.1587
11803,2018-11-08T23:39:46.606000Z,18,p,0.983,0.08416
11804,2018-11-08T23:39:46.612000Z,17,p,0.981,0.07845
11805,2018-11-08T23:39:46.612500Z,24,s,0.891,0.3231
11806,2018-11-08T23:39:46.618000Z,16,p,0.982,0.2319
11807,2018-11-08T23:39:46.620500Z,23,s,0.963,0.6039
11808,2018-11-08T23:39:46.624000Z,15,p,0.985,0.09139
11809,2018-11-08T23:39:46.627500Z,22,s,0.966,0.3291
11810,2018-11-08T23:39:46.629500Z,14,p,0.984,0.07391
11811,2018-11-08T23:39:46.636000Z,13,p,0.982,0.1327
11812,2018-11-08T23:39:46.637500Z,21,s,0.968,0.1971
11813,2018-11-08T23:39:46.641500Z,12,p,0.979,0.0934
11814,2018-11-08T23:39:46.646500Z,11,p,0.982,0.06771
11815,2018-11-08T23:39:46.648000Z,20,s,0.95,0.1359
11816,2018-11-08T23:39:46.652000Z,10,p,0.981,0.07379
11817,2018-11-08T23:39:46.656500Z,19,s,0.958,0.1587
11818,2018-11-08T23:39:46.658500Z,9,p,0.982,0.09986
11819,2018-11-08T23:39:46.664500Z,8,p,0.979,0.06722
11820,2018-11-08T23:39:46.667500Z,18,s,0.969,0.08416
11821,2018-11-08T23:39:46.669500Z,7,p,0.983,0.06457
11822,2018-11-08T23:39:46.675500Z,6,p,0.98,0.04734
11823,2018-11-08T23:39:46.676500Z,17,s,0.943,0.07845
11824,2018-11-08T23:39:46.682000Z,5,p,0.981,0.03298
11825,2018-11-08T23:39:46.687000Z,16,s,0.942,0.2319
11826,2018-11-08T23:39:46.687500Z,4,p,0.98,0.05543
11827,2018-11-08T23:39:46.693500Z,3,p,0.975,0.03593
11828,2018-11-08T23:39:46.696500Z,15,s,0.937,0.09139
11829,2018-11-08T23:39:46.700500Z,2,p,0.973,0.03512
11830,2018-11-08T23:39:46.705000Z,1,p,0.979,0.03125
11831,2018-11-08T23:39:46.706500Z,14,s,0.944,0.07391
11832,2018-11-08T23:39:46.717000Z,13,s,0.926,0.1327
11833,2018-11-08T23:39:46.726500Z,12,s,0.931,0.0934
11834,2018-11-08T23:39:46.734500Z,11,s,0.913,0.06771
11835,2018-11-08T23:39:46.745000Z,10,s,0.899,0.07379
11836,2018-11-08T23:39:46.754500Z,9,s,0.959,0.09986
11837,2018-11-08T23:39:46.764500Z,8,s,0.96,0.06722
11838,2018-11-08T23:39:46.772500Z,7,s,0.96,0.06457
11839,2018-11-08T23:39:46.782000Z,6,s,0.943,0.04734
11840,2018-11-08T23:39:46.791500Z,5,s,0.958,0.03298
11841,2018-11-08T23:39:46.801000Z,4,s,0.962,0.05543
11842,2018-11-08T23:39:46.811500Z,3,s,0.959,0.03593
11843,2018-11-08T23:39:46.822500Z,2,s,0.94,0.03512
11844,2018-11-08T23:39:46.830500Z,1,s,0.919,0.03125
11845,2018-11-08T23:40:24.708500Z,23,p,0.429,0.001827
11846,2018-11-08T23:40:24.827500Z,23,s,0.521,0.001827
11847,2018-11-08T23:40:28.526500Z,24,p,0.337,0.005522
11848,2018-11-08T23:40:28.618000Z,24,s,0.476,0.005522
11849,2018-11-08T23:40:58.442000Z,5,s,0.713,0.003222
11850,2018-11-08T23:41:54.486500Z,16,s,0.344,0.002655
11851,2018-11-08T23:42:42.422500Z,22,p,0.323,0.002417
11852,2018-11-08T23:42:42.532000Z,22,s,0.774,0.002417
11853,2018-11-08T23:42:53.879500Z,20,s,0.377,0.002084
11854,2018-11-08T23:43:48.610500Z,3,p,0.444,0.001815
11855,2018-11-08T23:43:58.939500Z,6,p,0.349,0.003601
11856,2018-11-08T23:43:59.046500Z,6,s,0.652,0.003601
11857,2018-11-08T23:45:03.138500Z,20,s,0.513,0.001961
11858,2018-11-08T23:46:07.805500Z,11,s,0.495,0.004098
11859,2018-11-08T23:46:33.754000Z,11,p,0.318,0.001844
11860,2018-11-08T23:47:19.264500Z,24,s,0.348,0.005162
11861,2018-11-08T23:48:08.711500Z,23,p,0.402,0.00282
11862,2018-11-08T23:48:08.810500Z,23,s,0.592,0.00282
11863,2018-11-08T23:48:32.993500Z,20,s,0.829,0.002811
11864,2018-11-08T23:49:44.105500Z,23,s,0.584,0.002213
11865,2018-11-08T23:49:47.825500Z,24,p,0.877,0.004032
11866,2018-11-08T23:49:47.833500Z,23,p,0.928,0.006978
11867,2018-11-08T23:49:47.838500Z,22,p,0.513,0.004088
11868,2018-11-08T23:49:47.844500Z,21,p,0.786,0.003799
11869,2018-11-08T23:49:47.850000Z,20,p,0.536,0.002897
11870,2018-11-08T23:49:47.857500Z,19,p,0.487,0.002362
11871,2018-11-08T23:49:47.877500Z,24,s,0.875,0.003734
11872,2018-11-08T23:49:47.889000Z,23,s,0.923,0.006978
11873,2018-11-08T23:49:47.898000Z,22,s,0.649,0.004088
11874,2018-11-08T23:49:47.908500Z,21,s,0.744,0.00291
11875,2018-11-08T23:49:47.922000Z,20,s,0.778,0.002062
11876,2018-11-08T23:49:47.927000Z,19,s,0.733,0.002362
11877,2018-11-08T23:50:25.658000Z,3,s,0.653,0.003886
11878,2018-11-08T23:50:45.591500Z,5,p,0.361,0.003169
11879,2018-11-08T23:50:45.695000Z,5,s,0.854,0.003169
11880,2018-11-08T23:52:31.896500Z,24,p,0.407,0.003057
11881,2018-11-08T23:52:32.005500Z,24,s,0.649,0.003057
11882,2018-11-08T23:52:39.748000Z,23,p,0.594,0.002587
11883,2018-11-08T23:52:39.866500Z,23,s,0.736,0.002587
11884,2018-11-08T23:52:42.244000Z,1,s,0.606,0.003085
11885,2018-11-08T23:53:19.358000Z,20,p,0.413,0.005173
11886,2018-11-08T23:53:19.362500Z,21,p,0.798,0.0462
11887,2018-11-08T23:53:19.384500Z,20,p,0.513,0.03333
11888,2018-11-08T23:53:19.390500Z,21,s,0.819,0.0462
11889,2018-11-08T23:53:19.397500Z,22,s,0.571,0.004778
11890,2018-11-08T23:53:19.410500Z,20,s,0.358,0.03222
11891,2018-11-08T23:53:29.422000Z,20,s,0.323,0.002289
11892,2018-11-08T23:54:00.823000Z,23,s,0.782,0.003211
11893,2018-11-08T23:54:19.354000Z,11,s,0.409,0.004267
11894,2018-11-08T23:54:33.770500Z,20,s,0.597,0.002389
11895,2018-11-08T23:55:20.986500Z,22,p,0.393,0.003416
11896,2018-11-08T23:55:21.109500Z,22,s,0.713,0.003416
11897,2018-11-08T23:55:24.326500Z,20,s,0.546,0.002143
11898,2018-11-08T23:56:16.163000Z,5,s,0.895,0.004214
11899,2018-11-08T23:56:48.996000Z,5,s,0.802,0.003277
